   h    k    l      d (Å)      F(real)      F(imag)          |F|         2θ          I    M
   1    0    1   9.006587    94.251909     7.663990       94.563    9.81253   14.26917    4
   0    0    2   8.880100   150.278889    13.144891      150.853    9.95265   17.64458    2
   1    0    2   6.766864  -132.984497   -12.326103      133.555   13.07271   15.93181    4
   2    0    0   5.225000   -96.191149    -8.533596      96.5689   16.95548    2.45082    2
   1    0    3   5.150928    62.172250    10.311095      63.0215   17.20114    2.02692    4
   2    0    1   5.012577   -92.012652   -13.184849      92.9525   17.67966    4.16797    4
   0    1    1   4.630599     0.400317    -5.879335      5.89295   19.15124    0.01421    4
   2    0    2   4.503293   -64.828499    -7.923406      65.3109   19.69796    1.64693    4
   0    0    4   4.440050    42.114623     4.455854      42.3497   19.98139    0.33616    2
   1    1    1   4.233574   173.734587    20.013463      174.884   20.96666   20.75459    8
   1    0    4   4.086484  -164.181333   -19.050965      165.283   21.73035    8.60541    4
   2    0    3   3.917439  -239.534005   -28.404155      241.212   22.68023   16.76534    4
   1    1    2   3.913160    35.225177     4.844112      35.5567   22.70536    0.72691    8
   0    1    3   3.726803   -12.139309    -8.477092      14.8062   23.85700    0.05683    4
   2    1    0   3.533429   209.583248    21.296630      210.662   25.18348   10.26886    4
   1    1    3   3.510255  -274.710224   -45.169388      278.399   25.35249   35.36689    8
   2    1    1   3.465509  -361.769787   -54.245025      365.814   25.68540   59.40781    8
   3    0    1   3.418209    70.150566    17.559136      72.3148   26.04703    1.12703    4
   2    0    4   3.383432  -354.340597   -53.806330      358.403   26.31954   27.08167    4
   1    0    5   3.363069  -434.247336   -65.544363      439.166   26.48179   40.13729    4
   2    1    2   3.283074   497.887005    71.914836      503.054   27.13923  100.00000    8
   3    0    2   3.242773   261.377194    43.100520      264.907   27.48308   13.49984    4
   1    1    4   3.110624    -0.285519    -6.863894      6.86983   28.67511    0.01659    8
   2    1    3   3.034090  -122.177513   -15.613212      123.171   29.41452    5.05071    8
   3    0    3   3.002196   -99.886286   -12.451257      100.659   29.73418    1.64805    4
   0    0    6   2.960033    58.566143    17.859091      61.2286   30.16770    0.29558    2
   2    0    5   2.937527   -96.681461    -6.122472      96.8751   30.40439    1.45524    4
   0    1    5   2.854530   507.518686    74.716418      512.989   31.31075   38.30870    4
   1    0    6   2.847984  -314.115221   -44.109146      317.197   31.38456   14.57258    4
   3    1    1   2.783667   140.310908    22.813292      142.153   32.12908    5.56485    8
   2    1    4   2.764789    86.185369    14.692165      87.4287   32.35447    2.07340    8
   1    1    5   2.753644   -51.717940    -4.693440      51.9305   32.48903    0.72497    8
   3    0    4   2.740591  -229.862811   -38.438147      233.055   32.64809    7.22389    4
   3    1    2   2.686434  -242.307662   -33.103848      244.559   33.32526   15.21681    8
   4    0    0   2.612500  -162.141105   -22.694497      163.722   34.29712    1.60162    2
   4    0    1   2.584686  -110.755469   -22.578390      113.033   34.67783    1.49052    4
   2    0    6   2.575464    43.577011     6.219474      44.0186   34.80595    0.22423    4
   3    1    3   2.544811  -143.349614   -26.739591      145.822   35.23884    4.79047    8
   4    0    2   2.506288  -180.374678   -24.861414       182.08   35.79866    3.60780    4
   2    1    5   2.505066   -28.244370    -0.113682      28.2446   35.81673    0.17344    8
   3    0    5   2.487024   237.290753    35.791121      239.975   36.08546    6.15817    4
   1    0    7   2.465543  -144.136962   -20.503834      145.588   36.41083    2.22236    4
   1    1    6   2.448839   200.154711    30.122687      202.409   36.66800    8.45933    8
   0    2    0   2.398250  -825.921992  -131.283195      836.291   37.46994   34.42287    2
   4    0    3   2.390117   377.000161    56.722768      381.243   37.60221   14.19686    4
   3    1    4   2.379556  -349.628598   -49.728982      353.147   37.77541   24.11715    8
   1    2    1   2.317498   -72.946808    -6.860694      73.2687   38.82694    0.97697    8
   0    2    2   2.315300  -121.807006   -12.818456       122.48   38.86528    1.36205    4
   4    1    0   2.294260  -179.555588   -26.463251      181.495   39.23623    2.92853    4
   2    0    7   2.282324  -259.646210   -43.170147      263.211   39.44991    6.08543    4
   4    1    1   2.275354    -9.684472     1.741109      9.83974   39.57579    0.01689    8
   2    1    6   2.269055  -152.445869   -23.201742      154.201   39.69027    4.12128    8
   1    2    2   2.260482   103.758770    11.292485      104.371   39.84715    1.87159    8
   3    0    6   2.255621    11.292075     3.049946      11.6967   39.93667    0.01169    4
   4    0    4   2.251647  -120.916415   -19.682805      122.508   40.01018    1.27762    4
   0    1    7   2.242737   111.495573    12.514048      112.196   40.17595    1.06177    4
   4    1    2   2.221322  -279.230564   -41.310593       282.27   40.58024   13.14478    8
   0    0    8   2.220025  -102.624791   -11.299647      103.245   40.60499    0.43905    2
   3    1    5   2.207876   -83.933906   -11.905405       84.774   40.83835    1.16899    8
   1    1    7   2.192806  -396.771388   -60.544161      401.364   41.13168   25.78851    8
   2    2    0   2.179618    76.548075     8.020374      76.9671   41.39192    0.46753    4
   1    2    3   2.174145   -47.384962    -9.070018      48.2452   41.50092    0.36525    8
   1    0    8   2.171563   173.478757    30.923378      176.213   41.55256    2.42951    4
   2    2    1   2.163387    73.135901    12.082699      74.1273   41.71689    0.85230    8
   4    1    3   2.139235  -251.441385   -38.507748      254.373   42.21026    9.77579    8
   2    2    2   2.116787    53.954029     7.614632      54.4887   42.67967    0.43758    8
   0    2    4   2.110109   -33.461582    -4.396533      33.7492   42.82138    0.08331    4
   4    0    5   2.104564   165.208685    24.702319      167.045   42.93981    2.02843    4
   5    0    1   2.075677    90.185889    14.517934      91.3469   43.56770    0.58710    4
   1    2    4   2.068364   133.152122    17.640555      134.316   43.72968    2.51759    8
   2    1    7   2.060908     5.049957     0.897954      5.12917   43.89608    0.00364    8
   3    0    7   2.050827   259.123744    37.677434      261.849   44.12316    4.68862    4
   2    2    3   2.045393   187.939839    25.751522      189.696   44.24656    4.89056    8
   2    0    8   2.043242   129.644623    18.048222      130.895   44.29560    1.16138    4
   3    1    6   2.041183    63.824794    16.896203      66.0234   44.34265    0.58954    8
   4    1    4   2.038236   -86.840728   -13.953166      87.9546   44.41018    1.04267    8
   5    0    2   2.034413   307.370435    49.455956      311.324   44.49810    6.50263    4
   1    1    8   1.978262   188.448917    35.076146      191.685   45.83191    4.61225    8
   5    0    3   1.970791   -96.742520   -20.749669      98.9427   46.01561    0.60889    4
   3    2    1   1.963237   -44.768305   -15.318487      47.3166   46.20291    0.27596    8
   4    0    6   1.958720   -93.721734   -21.695931      96.2002   46.31566    0.56720    4
   2    2    4   1.956580   267.348360    47.810639       271.59   46.36926    9.01792    8
   1    2    5   1.952618   330.144544    58.426402      335.275   46.46886   13.67638    8
   1    0    9   1.939085    33.895993    12.652191      36.1803   46.81243    0.07831    4
   3    2    2   1.928212  -196.191375   -38.101699      199.857   47.09227    4.71514    8
   4    1    5   1.927211  -115.911357   -17.167472      117.176   47.11821    1.61879    8
   5    1    1   1.904956    50.647802    16.684024       53.325   47.70262    0.32601    8
   5    0    4   1.890978   166.067020    20.915364      167.379   48.07737    1.57771    4
   3    1    7   1.885692   110.527698    21.723169      112.642   48.22070    1.41945    8
   2    1    8   1.879791    67.370007    21.182599      70.6217   48.38174    0.55374    8
   3    2    3   1.873786    76.784707    10.738298      77.5319   48.54678    0.66226    8
   5    1    2   1.872909  -175.860162   -35.554959      179.418   48.57097    3.54251    8
   3    0    8   1.872132   -19.555413    -1.339878      19.6013   48.59244    0.02112    4
   0    2    6   1.863402   -40.523511   -15.885093      43.5258   48.83491    0.10297    4
   2    2    5   1.857748    82.471290     6.049744      82.6929   48.99328    0.73785    8
   2    0    9   1.846081    54.408745     7.837745      54.9704   49.32348    0.16056    4
   1    2    6   1.834465   245.671288    39.357757      248.804   49.65686    6.47821    8
   0    1    9   1.824943  -120.205500   -18.217867      121.578   49.93365    0.76371    4
   5    1    3   1.822914   -77.494784   -12.551544      78.5047   49.99305    0.63513    8
   4    0    7   1.820100  -122.400114   -27.198802      125.386   50.07567    0.80706    4
   4    1    6   1.813348  -153.158572   -34.626484      157.024   50.27504    2.50867    8
   3    2    4   1.804791   177.494942    34.133522      180.747   50.53012    3.28587    8
   5    0    5   1.801317  -179.061543   -30.236730      181.597   50.63443    1.65064    4
   1    1    9   1.797735  -196.269672   -30.941621      198.694   50.74247    3.93304    8
   0    0   10   1.776020   106.262401    24.618544      109.077   51.40782    0.28766    2
   4    2    0   1.766715   132.591346    20.932151      134.233   51.69853    0.86018    4
   5    1    4   1.759201   233.147341    42.786559      237.041   51.93576    5.30900    8
   4    2    1   1.758038    82.553037    19.719110      84.8755   51.97270    0.67956    8
   2    2    6   1.755127   -34.909642    -5.522895      35.3438   52.06533    0.11736    8
   1    0   10   1.750913    -0.251210    -6.151130      6.15626   52.20009    0.00177    4
   3    1    8   1.743996   -38.213234    -6.885873      38.8287   52.42286    0.13946    8
   6    0    0   1.741667   265.015535    38.574626      267.808   52.49831    1.65309    2
   6    0    1   1.733352   206.598586    37.656058      210.002   52.76954    2.00922    4
   4    2    2   1.732754   145.209831    22.566331      146.953   52.78914    1.96607    8
   3    2    5   1.726350  -189.761654   -32.372095      192.503   53.00021    3.34327    8
   2    1    9   1.722879    62.290644    10.741148      63.2099   53.11536    0.35869    8
   1    2    7   1.719117   117.726214    18.830625      119.223   53.24073    1.26922    8
   3    0    9   1.716976   476.391845    81.174790      483.258   53.31235   10.39481    4
   6    0    2   1.709104   287.486514    49.766096      291.762   53.57744    3.74637    4
   5    0    6   1.707309    35.615892     1.527003      35.6486   53.63828    0.05578    4
   4    1    7   1.701702    89.195458    20.014728      91.4135   53.82926    0.72773    8
   4    2    3   1.692936  -299.550167   -50.657249      303.803   54.13066    7.93622    8
   4    0    8   1.691716   159.894395    25.979087      161.991   54.17290    1.12619    4
   5    1    5   1.686322   116.988678    19.998538      118.686   54.36045    1.19961    8
   2    0   10   1.681534    -5.026934    -3.852715      6.33352   54.52803    0.00170    4
   6    0    3   1.670859    46.759147     7.077763      47.2918   54.90566    0.09310    4
   2    2    7   1.653311   206.520957    38.560576       210.09   55.53845    3.58006    8
   1    1   10   1.644754  -287.349388   -53.920731      292.365   55.85259    6.84493    8
   3    2    6   1.643075    -7.926312    -2.585871      8.33745   55.91466    0.00555    8
   4    2    4   1.641537    96.631557    17.696471      98.2386   55.97166    0.76910    8
   6    1    0   1.637082   -51.986802    -7.950304      52.5912   56.13742    0.10947    4
   6    1    1   1.630172   167.402001    31.455679      170.332   56.39662    2.27280    8
   0    2    8   1.629162    85.258167    10.288330      85.8767   56.43468    0.28842    4
   6    0    4   1.621387   134.893633    26.713308      137.513   56.72977    0.73086    4
   3    1    9   1.616527  -132.039702   -27.136457      134.799   56.91584    1.39422    8
   5    0    7   1.613158    68.901886    16.175899      70.7752   57.04559    0.19118    4
   6    1    2   1.609953    62.743782    13.180138      64.1132   57.16962    0.31223    8
   1    2    8   1.609718  -136.392634   -27.314406      139.101   57.17873    1.46922    8
   5    1    6   1.608452   -31.322659    -8.229668      32.3857   57.22788    0.07949    8
   1    0   11   1.595631  -156.262623   -30.071872       159.13   57.73078    0.94074    4
   4    1    8   1.595394   153.105411    24.976376      155.129   57.74018    1.78741    8
   0    3    1   1.592394    -5.564907     4.369490      7.07535   57.85924    0.00185    4
   2    1   10   1.586845   -17.743887     2.347526      17.8985   58.08081    0.02348    8
   3    0   10   1.582230     7.583773    -2.010014      7.84562   58.26649    0.00224    4
   4    2    5   1.581852  -135.918064   -22.501103      137.768   58.28176    1.38034    8
   6    1    3   1.577864    97.621706    11.817832      98.3344   58.44327    0.69886    8
   4    0    9   1.574631    54.050072    13.054845      55.6043   58.57496    0.11116    4
   1    3    1   1.574222  -110.471042   -15.953540      111.617   58.59165    0.89529    8
   5    2    1   1.569475   -72.499013   -12.913810      73.6402   58.78619    0.38680    8
   6    0    5   1.563797    26.810472     3.488592      27.0365   59.02072    0.02584    4
   3    2    7   1.558649  -214.410189   -34.549356      217.176   59.23503    3.30721    8
   1    3    2   1.555991   -27.547865    -4.479517      27.9097   59.34634    0.05439    8
   2    2    8   1.555312  -104.420287   -16.004631       105.64   59.37487    0.77839    8
   5    2    2   1.551407  -248.329164   -44.249890      252.241   59.53936    4.41039    8
   0    3    3   1.543533    -8.854981     5.118561      10.2279   59.87402    0.00358    4
   2    0   11   1.542595   302.664224    54.189083      307.477   59.91416    3.23100    4
   6    1    4   1.536002  -174.300232   -34.077260        177.6   60.19784    2.13324    8
   0    1   11   1.530197   -95.388062    -9.629668      95.8729   60.44997    0.30794    4
   5    1    7   1.529001   291.461694    50.795349      295.855   60.50223    5.85355    8
   2    3    0   1.528858  -143.614602   -18.761644      144.835   60.50846    0.70126    4
   1    3    3   1.526966   162.267135    35.658096      166.139   60.59131    1.83984    8
   2    3    1   1.523225   217.898890    42.600310      222.024   60.75581    3.26597    8
   5    2    3   1.522633    77.678193    18.587410      79.8711   60.78193    0.42226    8
   5    0    8   1.521745    -9.383376    -1.000328      9.43655   60.82115    0.00294    4
   4    2    6   1.517045    73.438980    19.180513      75.9024   61.02962    0.37790    8
   1    1   11   1.514051  -168.218377   -29.248442      170.742   61.16321    1.90298    8
   1    2    9   1.507868   -22.994430   -10.677983      25.3528   61.44112    0.04154    8
   2    3    2   1.506691  -313.038952   -58.006325      318.368   61.49431    6.53740    8
   3    1   10   1.502588   119.675119    18.423526      121.085   61.68054    0.93932    8
   6    0    6   1.501098  -127.401733   -22.738432      129.415   61.74848    0.53520    4
   4    1    9   1.496075    -4.699884    -3.080341      5.61938   61.97863    0.00200    8
   1    3    4   1.488930    -7.086536     4.806384      8.56273   62.30919    0.00459    8
   7    0    1   1.487611   118.682613    19.653122      120.299   62.37062    0.45232    4
   6    1    5   1.486774   105.001634    11.929463      105.677   62.40969    0.69713    8
   5    2    4   1.484912  -138.202765   -19.119471      139.519   62.49674    1.21140    8
   2    3    3   1.480292    80.555130    12.892360      81.5803   62.71386    0.41103    8
   0    0   12   1.480017    14.581065     5.816581      15.6984   62.72686    0.00380    2
   3    2    8   1.475733    15.262763     1.074128      15.3005   62.92969    0.01435    8
   7    0    2   1.472199   -42.983734    -6.160178      43.4229   63.09815    0.05745    4
   4    0   10   1.468763    98.234835    16.487972      99.6089   63.26276    0.30058    4
   2    1   11   1.468517   -76.878322   -17.330074      78.8074   63.27460    0.37614    8
   1    0   12   1.465393   222.349830    38.263157      225.618   63.42519    1.53348    4
   3    0   11   1.464857   121.558474    21.123651       123.38   63.45110    0.45818    4
   2    2    9   1.462873   -45.518001    -7.178944      46.0806   63.54721    0.12740    8
   0    3    5   1.457947  -324.152120   -59.863426      329.633   63.78718    3.23291    4
   5    1    8   1.450495    56.171350     9.321388      56.9395   64.15388    0.19053    8
   4    2    7   1.449843    96.446705    23.853470      99.3527   64.18620    0.57946    8
   3    3    1   1.448240   -87.793748   -18.040245      89.6281   64.26577    0.47031    8
   7    0    3   1.447542  -163.053998   -36.861068      167.169   64.30044    0.81708    4
   2    3    4   1.445561   -57.783639   -12.454904      59.1107   64.39918    0.20364    8
   1    3    5   1.443961    40.682131     5.004162      40.9887   64.47915    0.09766    8
   5    2    5   1.440295   144.882626    26.877915      147.355   64.66319    1.25435    8
   6    0    7   1.435903   -75.890723   -15.740757       77.506   64.88519    0.17223    4
   5    0    9   1.434838  -206.041687   -41.446887      210.169   64.93926    1.26416    4
   3    3    2   1.434007   159.233565    26.904133       161.49   64.98152    1.49065    8
   6    1    6   1.432581    -2.149641    -1.629724      2.69758   65.05417    0.00041    8
   0    2   10   1.427265   -83.346359   -21.624413      86.1059   65.32658    0.20949    4
   2    0   12   1.423992    17.534640     4.598308      18.1275   65.49550    0.00923    4
   7    1    1   1.420844    90.016571    12.882588      90.9337   65.65887    0.46222    8
   7    0    4   1.415016    12.632352     8.846523       15.422   65.96364    0.00658    4
   1    2   10   1.414136    -3.311214     4.968399      5.97069   66.00992    0.00197    8
   3    3    3   1.411191    89.847663    21.146947      92.3027   66.16531    0.46849    8
   6    2    0   1.409251  -220.558922   -35.134856       223.34   66.26811    1.36691    4
   7    1    2   1.407397    32.486056     1.132691      32.5058   66.36669    0.05773    8
   6    2    1   1.404836  -166.669836   -33.284771      169.961   66.50337    1.57132    8
   4    1   10   1.404395   148.023943    26.404701      150.361   66.52695    1.22888    8
   2    3    5   1.404302    22.335702     0.552739      22.3425   66.53191    0.02713    8
   1    1   12   1.401447  -128.079459   -21.318311      129.842   66.68512    0.91176    8
   3    1   11   1.400979    90.500537    20.612045      92.8181   66.71035    0.46556    8
   3    2    9   1.396075  -391.286362   -72.829115      398.006   66.97549    8.48879    8
   1    3    6   1.394164  -130.480611   -24.139238      132.695   67.07943    0.94049    8
   6    2    2   1.391834  -238.166565   -45.005266      242.381   67.20667    3.12544    8
   5    2    6   1.390864   -32.229454    -1.807672      32.2801   67.25977    0.05534    8
   7    1    3   1.385809   -72.478912   -15.476081      74.1128   67.53802    0.28921    8
   4    2    8   1.382394  -131.355041   -23.187704      133.386   67.72739    0.93133    8
   3    3    4   1.381004   231.338253    40.095086      234.787   67.80480    2.87869    8
   2    2   10   1.376822     3.206596     3.351655      4.63852   68.03889    0.00112    8
   7    0    5   1.376249     2.178069     3.701579      4.29484   68.07109    0.00048    4
   6    1    7   1.375586   195.089840    39.586801      199.066   68.10840    2.05020    8
   5    1    9   1.374650   269.561666    47.729738      273.755   68.16117    3.87105    8
   4    0   11   1.373442   -50.741904    -3.736376      50.8793   68.22937    0.06672    4
   6    2    3   1.370944   -39.191171    -6.461881      39.7203   68.37088    0.08098    8
   6    0    8   1.370295    24.546746    13.773912      28.1472   68.40771    0.02031    4
   2    1   12   1.365103    25.632848     3.341086      25.8497   68.70421    0.03395    8
   4    3    0   1.363720   127.183304    22.778120      129.207   68.78369    0.42314    4
   3    0   12   1.362161    64.846991    13.312561      66.1994   68.87344    0.11078    4
   4    3    1   1.359717     8.913755    -1.058612       8.9764   69.01474    0.00406    8
   2    3    6   1.358369   100.385104    18.357910       102.05   69.09293    0.52307    8
   7    1    4   1.357189   114.826875    20.538359      116.649   69.16154    0.68205    8
   1    0   13   1.354642  -131.208035   -28.943273      134.362   69.31015    0.45048    4
   5    0   10   1.353373   -89.015413   -14.829123      90.2422   69.38445    0.20276    4
   0    3    7   1.352660   -75.342932   -10.230653      76.0344   69.42629    0.14376    4
   4    3    2   1.347918   186.729837    33.571746      189.724   69.70579    1.77564    8
   3    3    5   1.344896    53.719971     9.246526      54.5099   69.88516    0.14581    8
   6    2    4   1.343217  -111.683742   -24.098800      114.254   69.98531    0.63876    8
   1    3    7   1.341468   264.660402    48.967407      269.152   70.08991    3.53410    8
   5    2    7   1.338527   -53.334117   -13.873052      55.1089   70.26659    0.14741    8
   7    0    6   1.332931  -216.121487   -41.693222      220.106   70.60548    1.16446    4
   4    3    3   1.328917   167.144440    30.856962      169.969   70.85078    1.37919    8
   1    2   11   1.328463   129.352959    27.034838      132.148   70.87860    0.83304    8
   7    1    5   1.322872  -174.350987   -35.584072      177.945   71.22370    1.49601    8
   2    0   13   1.321736    -8.148793   -10.098094      12.9759   71.29426    0.00397    4
   3    2   10   1.320700    -5.951398     1.845927       6.2311   71.35874    0.00183    8
   4    1   11   1.320378    12.993767    -2.360899      13.2065   71.37880    0.00820    8
   6    1    8   1.317581   122.307609    23.905070      124.622   71.55358    0.72710    8
   4    2    9   1.316270   -42.728628   -11.384462      44.2192   71.63585    0.09134    8
   0    1   13   1.313912  -323.895806   -63.670334      330.095   71.78435    2.53462    4
   3    1   12   1.310346    82.695761    10.168633      83.3186   72.01022    0.32099    8
   6    2    5   1.309923   -22.589086    -3.179114      22.8117   72.03713    0.02404    8
   2    3    7   1.309490    -1.054489    -0.357502      1.11344   72.06464    0.00006    8
   8    0    0   1.306250  -171.226063   -35.755347      174.919   72.27154    0.35121    2
   6    0    9   1.305813   -49.436372    -9.705357        50.38   72.29953    0.05823    4
   3    3    6   1.304387   -33.671011   -12.196472      35.8119   72.39111    0.05870    8
   1    1   13   1.303648   -31.471160    -8.523611       32.605   72.43862    0.04859    8
   4    3    4   1.303617    59.896277    11.685581      61.0255   72.44064    0.17022    8
   8    0    1   1.302731    20.908342     8.823320      22.6938   72.49770    0.01175    4
   5    1   10   1.302517   -70.454813   -11.329308      71.3599   72.51153    0.23231    8
   2    2   11   1.297385  -250.220024   -48.448584      254.867   72.84429    2.93750    8
   8    0    2   1.292343    27.868311     7.516982      28.8643   73.17454    0.01868    4
   4    0   12   1.287732  -165.960702   -36.490549      169.925   73.47943    0.64220    4
   1    3    8   1.287508  -122.355091   -27.473497      125.402   73.49428    0.69924    8
   7    0    7   1.286655  -193.283880   -35.767464      196.565   73.55102    0.85778    4
   5    2    8   1.284908     7.522454     0.870995      7.57271   73.66756    0.00254    8
   7    1    6   1.284264   148.088415    27.651094      150.648   73.71061    1.00357    8
   5    0   11   1.277709    42.589620    11.729800      44.1754   74.15190    0.04267    4
   8    0    3   1.275568   -16.481578     2.466097      16.6651   74.29730    0.00605    4
   2    1   13   1.274241    78.587009    12.662376      79.6006   74.38773    0.27546    8
   4    3    5   1.273116    81.400437    14.272732      82.6423   74.46463    0.29635    8
   6    2    6   1.272406   105.425444    20.191961      107.342   74.51324    0.49936    8
   3    0   13   1.271848   -37.925038    -5.671740      38.3468   74.55148    0.03183    4
   0    0   14   1.268586   131.464081    21.325450      133.183   74.77591    0.19095    2
   5    3    1   1.266637   -28.670500   -12.752801      31.3788   74.91072    0.04226    8
   7    2    1   1.264160   -98.695659   -17.550451      100.244   75.08279    0.42949    8
   3    3    7   1.260926   -70.636421   -16.744181      72.5939   75.30886    0.22402    8
   8    1    0   1.260348   430.626482    87.870479        439.5   75.34937    4.10153    4
   6    1    9   1.259956   -83.108876   -16.038962      84.6424   75.37693    0.30405    8
   0    2   12   1.259490   -14.489351    -5.688070      15.5658   75.40969    0.00514    4
   1    0   14   1.259340   130.308381    24.259015      132.547   75.42022    0.37242    4
   2    3    8   1.259157   -39.257671   -16.209563      42.4725   75.43313    0.07646    8
   8    1    1   1.257187   -40.549110    -7.302012      41.2013   75.57206    0.07171    8
   5    3    2   1.257082   113.157542    27.586415      116.472   75.57946    0.57296    8
   7    2    2   1.254661    37.319624     5.756784       37.761   75.75101    0.05998    8
   8    0    4   1.253144   -51.565953   -10.561100      52.6363   75.85894    0.05813    4
   4    2   10   1.252533   -81.165237   -14.627358      82.4728   75.90253    0.28510    8
   1    2   12   1.250440  -185.734913   -34.429932      188.899   76.05216    1.49049    8
   3    2   11   1.250107  -103.299724   -19.402495      105.106   76.07603    0.46120    8
   8    1    2   1.247843   101.951417    16.223648      103.234   76.23882    0.44324    8
   4    1   12   1.243690  -250.988389   -56.510616      257.271   76.53934    2.73396    8
   6    0   10   1.243512    40.405857    14.261540      42.8489   76.55230    0.03791    4
   7    1    7   1.242720  -184.822860   -36.083605      188.312   76.60992    1.46241    8
   0    3    9   1.242268    81.269342    14.514548      82.5553   76.64290    0.14043    4
   5    3    3   1.241627    50.910387     9.577516      51.8034   76.68964    0.11047    8
   7    2    3   1.239294   133.545686    32.710818      137.493   76.86038    0.77522    8
   7    0    8   1.238815   -28.451480    -6.817113      29.2568   76.89553    0.01754    4
   4    3    6   1.238592    99.400387    27.197531      103.054   76.91195    0.43500    8
   5    1   11   1.234654   149.009462    30.468786      152.093   77.20249    0.94139    8
   1    3    9   1.233582   140.433735    26.125286      142.843   77.28202    0.82892    8
   2    0   14   1.232771  -245.754844   -52.315147      251.261   77.34226    1.28068    4
   8    1    3   1.232722    20.037272     5.510086      20.7811   77.34594    0.01752    8
   6    2    7   1.231967    61.833177    13.891499      63.3744   77.40218    0.16273    8
   5    2    9   1.231294   170.798023    37.011129      174.762   77.45235    1.23614    8
   3    1   13   1.229363   -40.378681    -8.779993      41.3222   77.59676    0.06889    8
   8    0    5   1.225979  -240.051045   -47.806594      244.765   77.85130    1.20197    4
   2    2   12   1.224419   -13.562356    -3.869989      14.1037   77.96921    0.00796    8
   5    3    4   1.220917  -156.387793   -33.824225      160.004   78.23548    1.01892    8
   7    2    4   1.218699    -7.533764    -7.414239      10.5702   78.40520    0.00443    8
   1    1   14   1.218057    41.060930    13.008561      43.0723   78.45450    0.07350    8
   3    3    8   1.215800    24.616577     5.234327      25.1669   78.62823    0.02500    8
   8    1    4   1.212448    -1.950618    -1.275420      2.33058   78.88796    0.00021    8
   4    0   13   1.210630   -72.648450   -12.786881      73.7652   79.02954    0.10652    4
   2    3    9   1.208579   -42.036000    -8.487907      42.8844   79.19010    0.07177    8
   5    0   12   1.207839   -67.484343    -7.983914       67.955   79.24815    0.09000    4
   6    1   10   1.203717     6.072934     0.292179      6.07996   79.57339    0.00143    8
   4    3    7   1.201200   -57.304185   -15.413817       59.341   79.77357    0.13584    8
   7    1    8   1.199456  -106.021365   -24.779358      108.879   79.91288    0.45608    8
   0    4    0   1.199125   446.107785    93.882878       455.88   79.93935    1.99789    2
   5    3    5   1.195753   -84.139283   -16.859358      85.8118   80.21047    0.28169    8
   8    0    6   1.195059   -33.872851    -9.302286      35.1269   80.26657    0.02358    4
   2    1   14   1.193967   132.211116    26.543176      134.849   80.35491    0.69371    8
   7    2    5   1.193669     0.535099    -2.828342      2.87852   80.37909    0.00032    8
   3    0   14   1.191997    23.479676     6.107804      24.2611   80.51490    0.01119    4
   4    2   11   1.191836    43.863999     3.590570      44.0107   80.52807    0.07365    8
   7    0    9   1.190557  -127.421108   -25.592139      129.966   80.63236    0.32051    4
   6    2    8   1.189778   -18.211497   -12.038655      21.8309   80.69604    0.01807    8
   1    4    1   1.188636    41.509113     4.936279      41.8016   80.78955    0.06612    8
   0    4    2   1.188340    78.975405    11.466754      79.8035   80.81392    0.12044    4
   8    1    5   1.187793   -80.201557   -17.288401      82.0438   80.85882    0.25438    8
   3    2   12   1.184442   -53.929166   -11.874686       55.221   81.13529    0.11466    8
   6    0   11   1.184056   106.733592    25.217635      109.672   81.16729    0.22601    4
   1    4    2   1.180730   -61.238248    -8.680961      61.8505   81.44410    0.14305    8
   1    3   10   1.180657   194.943764    42.753636      199.577   81.45019    1.48927    8
   1    2   13   1.179489   107.931054    25.689979      110.946   81.54794    0.45944    8
   5    2   10   1.178651    76.215461    13.576413      77.4152   81.61823    0.22342    8
   6    3    0   1.177810    36.334939     6.458485      36.9045   81.68888    0.02535    4
   1    0   15   1.176486    63.196934    12.535838      64.4283   81.80040    0.07713    4
   6    3    1   1.175228  -115.044894   -25.137299      117.759   81.90667    0.51436    8
   4    1   13   1.173819    86.949142    16.568750      88.5137   82.02616    0.29000    8
   5    1   12   1.171273   -76.942994   -15.679089      78.5243   82.24289    0.22740    8
   3    3    9   1.170085    89.591792    21.468925      92.1282   82.34455    0.31247    8
   2    4    0   1.168742   -47.104087    -6.598298       47.564   82.45978    0.04156    4
   1    4    3   1.167896    25.344907     6.165679      26.0841   82.53255    0.02497    8
   6    3    2   1.167584   -39.477603    -9.881095      40.6954   82.55935    0.06075    8
   5    3    6   1.167012    18.616184     6.070434      19.5809   82.60873    0.01405    8
   2    4    1   1.166219   -44.130441    -9.267813      45.0931   82.67717    0.07445    8
   7    2    6   1.165074   179.496772    37.112707      183.293   82.77631    1.22801    8
   4    3    8   1.161995  -106.371703   -19.952699      108.227   83.04414    0.42627    8
   8    0    7   1.161368   -69.852450   -11.401303      70.7768   83.09895    0.09107    4
   8    1    6   1.159608     7.662015     7.982117      11.0644   83.25316    0.00444    8
   2    4    2   1.158749   -35.777694    -6.581394       36.378   83.32871    0.04794    8
   2    3   10   1.158680    13.725088    -1.821235      13.8454   83.33477    0.00694    8
   9    0    1   1.158638   -53.865382    -6.632829      54.2722   83.33849    0.05335    4
   0    4    4   1.157650    22.234095     4.043418      22.5988   83.42555    0.00924    4
   2    2   13   1.157575     3.532128     8.458091      9.16598   83.43211    0.00304    8
   3    1   14   1.156811   138.196800    26.114281      140.642   83.49965    0.71468    8
   7    1    9   1.155494     9.430324     7.536905      12.0721   83.61626    0.00526    8
   6    3    3   1.155170   -72.573988   -10.344794      73.3076   83.64504    0.19373    8
   2    0   15   1.154737    79.405581    16.068066       81.015   83.68349    0.11823    4
   9    0    2   1.151311    18.521826     4.078853      18.9656   83.98915    0.00645    4
   1    4    4   1.150611   -82.143996   -13.924813      83.3159   84.05193    0.24869    8
   6    1   11   1.149548  -162.170986   -32.283288      165.353   84.14748    0.97813    8
   0    1   15   1.149509   138.873159    35.178559       143.26   84.15099    0.36708    4
   8    2    0   1.147130   142.342868    31.852063      145.863   84.36568    0.37934    4
   6    2    9   1.146834    41.081393     8.634941      41.9791   84.39248    0.06281    8
   2    4    3   1.146611  -109.826135   -19.204438      111.493   84.41273    0.44295    8
   8    2    1   1.144745   -16.299876    -7.679652      18.0184   84.58225    0.01154    8
   5    0   13   1.143535   -58.431319   -13.488211      59.9679   84.69261    0.06381    4
   7    0   10   1.142771   139.510379    29.740703      142.645   84.76243    0.36070    4
   1    1   15   1.142617    27.000516    -0.099752      27.0007   84.77655    0.02584    8
   4    0   14   1.141162   -86.065136   -15.683268      87.4824   84.90994    0.13538    4
   9    0    3   1.139403    57.010846    15.411776      59.0573   85.07191    0.06156    4
   6    3    4   1.138436   116.939963    26.663899      119.941   85.16124    0.50718    8
   8    2    2   1.137677   -21.669116    -6.391071       22.592   85.23151    0.01798    8
   0    3   11   1.136067    70.932269     8.575334      71.4487   85.38105    0.08972    4
   5    3    7   1.135577  -205.722637   -41.490810      209.865   85.42667    1.54709    8
   4    2   12   1.134527   137.834109    32.499033      141.614   85.52453    0.70351    8
   7    2    7   1.133791   162.572255    32.186736      165.728   85.59339    0.96261    8
   3    4    1   1.131520    17.933420    10.126120      20.5948   85.80654    0.01482    8
   2    4    4   1.130241  -145.400935   -33.565019      149.225   85.92709    0.77700    8
   1    4    5   1.129476  -182.157794   -41.416428      186.807   85.99942    1.21650    8
   1    3   11   1.129412   118.016908    23.818486      120.396   86.00545    0.50527    8
   8    1    7   1.128752     1.398040     1.860372      2.32712   86.06796    0.00019    8
   6    0   12   1.127811   -44.929600   -11.961469      46.4946   86.15728    0.03760    4
   5    2   11   1.127655   -33.968298   -10.134278      35.4478   86.17205    0.04371    8
   9    1    1   1.126245    33.652656     4.733889       33.984   86.30635    0.04010    8
   8    2    3   1.126183    17.298614    -1.613085      17.3737   86.31228    0.01048    8
   8    0    8   1.125823    38.391607     8.096311       39.236   86.34658    0.02671    4
   3    4    2   1.124693   104.863589    26.316034      108.115   86.45470    0.40512    8
   3    3   10   1.124630   -85.832582   -15.213999      87.1705   86.46074    0.26334    8
   3    2   13   1.123620    31.053610     4.854666      31.4308   86.55760    0.03419    8
   9    0    4   1.123336   -17.081314     0.091830      17.0816   86.58490    0.00505    4
   2    1   15   1.122661    43.318588     9.026065       44.249   86.64979    0.06770    8
   4    3    9   1.121891     1.378575     2.137711      2.54367   86.72399    0.00022    8
   0    2   14   1.121369  -112.086655   -19.511582      113.772   86.77440    0.22343    4
   3    0   15   1.121023   -34.615173    -1.955013      34.6703   86.80782    0.02074    4
   9    1    2   1.119512   -65.353379   -10.819621      66.2429   86.95416    0.15116    8
   6    3    5   1.117953   -77.064155   -10.297336      77.7491   87.10582    0.20785    8
   1    2   14   1.114968  -110.390898   -21.895760      112.541   87.39785    0.43402    8
   3    4    3   1.113584   -40.504035    -6.845142      41.0784   87.53401    0.05773    8
   5    1   13   1.112359   -32.114010    -5.009825      32.5024   87.65496    0.03610    8
   7    1   10   1.111656    28.319754    11.438692      30.5426   87.72455    0.03185    8
   0    4    6   1.111392    19.906277    11.164557      22.8234   87.75063    0.00889    4
   8    2    4   1.110661    42.974206     9.437079      43.9982   87.82323    0.06602    8
   2    4    5   1.110189   -53.966635    -5.581671      54.2545   87.87009    0.10033    8
   4    1   14   1.110174   -47.735794    -6.245976      48.1427   87.87157    0.07900    8
   2    3   11   1.110129    48.337154    13.008007      50.0569   87.87612    0.08540    8
   0    0   16   1.110013   161.631133    30.395513      164.464   87.88768    0.23045    2
   9    1    3   1.108555    67.230899    16.681346      69.2695   88.03302    0.16326    8
   1    4    6   1.105160  -138.849095   -28.002622      141.645   88.37363    0.68019    8
   6    2   10   1.103938   -32.249226   -12.567399      34.6114   88.49694    0.04056    8
   1    0   16   1.103803   -74.278847   -18.577437      76.5668   88.51063    0.09923    4
   9    0    5   1.103643   100.530496    21.112761      102.724   88.52682    0.17859    4
   5    3    8   1.102281   -36.719784    -7.038071      37.3882   88.66484    0.04725    8
   7    2    8   1.100648    23.805713     6.072278       24.568   88.83109    0.02037    8
   3    4    4   1.098570   -98.299795   -23.913671      101.167   89.04367    0.34464    8
   6    1   12   1.097870     5.272425     1.437201       5.4648   89.11555    0.00100    8
   2    2   14   1.096403   204.814303    46.566374      210.041   89.26664    1.48241    8
   7    0   11   1.096113   -71.763703   -13.724711      73.0643   89.29651    0.08966    4
   8    1    8   1.096036   -33.228978    -2.761678      33.3435   89.30446    0.03734    8
   6    3    6   1.094358     0.640577     1.192394      1.35357   89.47823    0.00006    8
   9    1    4   1.093741   -83.254069   -13.718085      84.3767   89.54234    0.23861    8
   8    2    5   1.091616   202.088743    42.829181      206.577   89.76382    1.42735    8
   3    1   15   1.091606   -77.754062   -20.794309      80.4866   89.76489    0.21667    8
   4    4    0   1.089809   -82.820372   -16.353919      84.4196   89.95318    0.11898    4
   8    0    9   1.089234    56.880494    10.638154      57.8668   90.01362    0.05588    4
   7    3    1   1.089099   -62.819878   -10.155874      63.6355   90.02786    0.13513    8
   4    4    1   1.087763   -41.720787   -13.098959      43.7288   90.16875    0.06373    8
   2    4    6   1.087073    20.510468     3.871340      20.8726   90.24177    0.01451    8
   2    0   16   1.085781    -0.280133     2.659286        2.674   90.37871    0.00012    4
   5    0   14   1.084450  -109.444116   -20.537704      111.354   90.52039    0.20603    4
   7    3    2   1.083007   -24.887711    -1.310253      24.9222   90.67456    0.02061    8
   4    4    2   1.081694   -86.423894   -16.881273      88.0572   90.81546    0.25707    8
   4    3   10   1.081638  -101.852625   -20.647300      103.924   90.82148    0.35804    8
   9    0    6   1.080924   -45.058061    -9.423775       46.033   90.89820    0.03510    4
   4    2   13   1.080739    63.377176    11.809857      64.4681   90.91818    0.13768    8
   1    3   12   1.080289    90.825560    17.304294      92.4593   90.96666    0.28308    8
   3    4    5   1.080130   111.891179    23.969415       114.43   90.98382    0.43354    8
   3    3   11   1.080074   -61.309334   -16.079465      63.3828   90.98984    0.13301    8
   5    2   12   1.078752    59.515040     7.632510      60.0025   91.13290    0.11907    8
   4    0   15   1.078428  -123.781311   -26.172158      126.518   91.16802    0.26462    4
   1    4    7   1.078352   -72.836242   -14.543345       74.274   91.17624    0.18239    8
   1    1   16   1.075687   -15.178577    -5.184490      16.0396   91.46637    0.00849    8
   9    1    5   1.075539  -188.104986   -44.516539      193.301   91.48257    1.23257    8
   6    0   13   1.074928   -88.506695   -19.426893      90.6137   91.54941    0.13536    4
   7    3    3   1.073078    48.996954    12.257300      50.5069   91.75263    0.08399    8
   4    4    3   1.071800   171.630423    36.129125      175.392   91.89359    1.01187    8
   8    2    6   1.069617    28.342693     8.318287      29.5381   92.13550    0.02865    8
   7    1   11   1.068567  -133.272056   -30.309839      136.675   92.25253    0.61301    8
   6    3    7   1.068310  -136.389033   -31.571120      139.995   92.28115    0.64304    8
   5    3    9   1.067871  -191.948669   -38.918417      195.854   92.33016    1.25819    8
   3    2   14   1.067421   -19.958888    -5.474680      20.6961   92.38054    0.01404    8
   7    2    9   1.066386   109.486204    23.336464      111.946   92.49652    0.41063    8
   2    3   12   1.063378   -18.822941    -3.022911      19.0641   92.83569    0.01188    8
   8    1    9   1.062190    17.782297     3.771754      18.1779   92.97037    0.01080    8
   6    2   11   1.061707   -87.228403   -22.091353      89.9823   93.02532    0.26449    8
   2    4    7   1.061530  -118.794378   -27.500855      121.936   93.04551    0.48564    8
   7    3    4   1.059624   -84.197211   -17.032337      85.9027   93.26306    0.24075    8
   2    1   16   1.058987   212.666340    44.850593      217.344   93.33601    1.54055    8
   3    4    6   1.058805     3.119159     1.550565       3.4833   93.35688    0.00040    8
   4    4    4   1.058394   -55.860144   -12.869292      57.3234   93.40418    0.10712    8
   5    1   14   1.057752   -39.609025    -8.849131      40.5855   93.47794    0.05368    8
   3    0   16   1.057612   -84.665264   -22.002264      87.4775   93.49406    0.12468    4
   1    2   15   1.056239   -53.843705   -11.249756      55.0064   93.65252    0.09852    8
   9    0    7   1.055802   175.580789    36.640507      179.363   93.70305    0.52362    4
   0    4    8   1.055055   -53.707519    -7.771019      54.2668   93.78972    0.04791    4
   9    1    6   1.054480  -104.477725   -20.766186      106.521   93.85650    0.36910    8
   8    0   10   1.052282   -35.340623    -9.260198      36.5337   94.11283    0.02168    4
   4    1   15   1.052161    84.709352    18.212535      86.6451   94.12693    0.24391    8
   7    0   12   1.051040   135.328802    27.673157      138.129   94.25838    0.30976    4
   1    4    8   1.049718    75.177225    18.827282      77.4989   94.41396    0.19490    8
   6    1   13   1.048911   -50.643057    -4.516042       50.844   94.50929    0.08385    8
   8    2    7   1.045258    59.022673    10.257359      59.9073   94.94344    0.11622    8
  10    0    0   1.045000   -62.370331    -9.285834      63.0578   94.97430    0.03219    2
   9    2    1   1.043266    46.191694     5.971842      46.5761   95.18224    0.07020    8
  10    0    1   1.043196   112.601378    26.975634      115.788   95.19071    0.21690    4
   7    3    5   1.043048   123.532395    28.760308      126.836   95.20852    0.52052    8
   4    4    5   1.041874    84.104588    16.989250      85.8034   95.35001    0.23810    8
   4    3   11   1.041824   -12.491660     1.296678      12.5588   95.35606    0.00510    8
   6    3    8   1.040449   -84.576153   -18.820024      86.6448   95.52253    0.24267    8
   2    2   15   1.040416   -67.103766   -14.371069      68.6254   95.52653    0.15223    8
   1    0   17   1.039536    62.105106    10.317172      62.9562   95.63342    0.06404    4
   0    3   13   1.038639   227.796907    50.748249      233.381   95.74265    0.87975    4
   5    4    1   1.038314    42.096551     9.092909      43.0674   95.78230    0.05991    8
   9    2    2   1.037908   -14.038261    -3.389475      14.4417   95.83193    0.00674    8
  10    0    2   1.037839  -177.904379   -40.059230      182.359   95.84041    0.53699    4
   3    3   12   1.036875   -64.003008    -9.169745      64.6565   95.95846    0.13497    8
   3    4    7   1.035161   133.486406    26.572753      136.106   96.16918    0.59779    8
   2    4    8   1.034182    59.906641    11.175337      60.9401   96.29014    0.11981    8
   1    3   13   1.033547    21.859630     6.931023      22.9321   96.36878    0.01696    8
   5    4    2   1.033031   145.212788    31.727415      148.638   96.43268    0.71256    8
   5    3   10   1.032983    48.760789     8.948442      49.5751   96.43874    0.07926    8
   3    1   16   1.032803    98.151098    23.405444      100.903   96.46101    0.32835    8
   5    2   13   1.032200    48.681433    12.001226      50.1389   96.53605    0.08106    8
   7    2   10   1.031638  -117.937467   -26.655350      120.912   96.60604    0.47136    8
   9    1    7   1.031118    12.729085     4.461219      13.4882   96.67096    0.00587    8
   4    2   14   1.030454    73.788266    14.310799      75.1632   96.75395    0.18210    8
   5    0   15   1.030186   -72.819176   -20.848745       75.745   96.78755    0.09246    4
   9    2    3   1.029158   -47.485027   -13.770941      49.4415   96.91646    0.07877    8
  10    0    3   1.029090   104.029968    21.850741        106.3   96.92496    0.18206    4
   9    0    8   1.028884  -133.391360   -33.725805      137.589   96.95095    0.30500    4
   8    1   10   1.027838    36.665020    12.750853      38.8189   97.08275    0.04855    8
   7    1   12   1.026680  -118.365118   -24.780673      120.931   97.22905    0.47107    8
   6    0   14   1.025413   175.803784    40.077831      180.314   97.38987    0.52355    4
   2    0   17   1.024441   -46.472781    -8.410955      47.2278   97.51378    0.03591    4
   5    4    3   1.024403   -45.238403   -13.356767       47.169   97.51855    0.07165    8
   7    3    6   1.023807  -104.275937   -22.045460      106.581   97.59476    0.36577    8
   4    4    6   1.022697   -39.522866   -13.242795      41.6825   97.73692    0.05594    8
   4    0   16   1.021621   -96.210950   -19.362391      98.1399   97.87514    0.15503    4
  10    1    0   1.021048    -3.261062     4.126604       5.2596   97.94895    0.00045    4
   0    1   17   1.020785    59.379320    13.393832      60.8712   97.98293    0.05964    4
   6    2   12   1.020592    36.397537    10.304935      37.8282   98.00790    0.04606    8
   1    4    9   1.019871     6.766274     6.257783      9.21642   98.10112    0.00273    8
  10    1    1   1.019365    18.038018     5.330462      18.8091   98.16666    0.01139    8
   8    2    8   1.019118   -32.154728    -7.151372      32.9404   98.19870    0.03493    8
   2    3   13   1.018707   -55.590070   -10.119168      56.5036   98.25209    0.10277    8
   9    2    4   1.017272    14.877374     0.012469      14.8774   98.43909    0.00712    8
  10    0    4   1.017207     8.760286     1.759594      8.93525   98.44762    0.00128    4
   1    1   17   1.015949    31.043198     3.317892        31.22   98.61216    0.03137    8
   3    2   15   1.015553    30.692137     1.919410      30.7521   98.66414    0.03044    8
   8    0   11   1.015515    91.111197    15.839696      92.4778   98.66914    0.13765    4
  10    1    2   1.014365  -103.081088   -23.443245      105.713   98.82052    0.35975    8
   5    4    4   1.012679    86.050289    14.594566      87.2792   99.04343    0.24525    8
   8    3    0   1.011566  -304.815426   -70.407228      312.841   99.19124    1.57561    4
   6    3    9   1.011363    59.111073    12.842558      60.4901   99.21826    0.11782    8
   8    3    1   1.009930    27.661338     5.655187      28.2335   99.40967    0.02567    8
   3    4    8   1.009753    -7.318524    -0.513431      7.33651   99.43326    0.00173    8
   7    0   13   1.007845    -2.992354    -2.115779      3.66479   99.68964    0.00022    4
   0    2   16   1.007346  -139.483147   -27.812522      142.229   99.75693    0.32586    4
   5    1   15   1.007216   -79.769845   -15.077653      81.1823   99.77445    0.21233    8
  10    1    3   1.006193   -90.580523   -17.956271      92.3432   99.91292    0.27478    8
   9    1    8   1.005999    16.028045     4.197651      16.5686   99.93910    0.00885    8
   2    4    9   1.005605    28.927829     5.503386      29.4467   99.99265    0.02795    8
   8    3    2   1.005066   -77.041508   -14.055745      78.3132  100.06582    0.19768    8
   4    3   12   1.002893   174.528354    44.675413      180.156  100.36260    1.04666    8
   6    1   14   1.002755  -138.699304   -33.076354      142.589  100.38153    0.65568    8
   1    2   16   1.002698    61.491722    16.350025      63.6283  100.38932    0.13057    8
   9    2    5   1.002578   -86.174565   -19.197634      88.2871  100.40578    0.25138    8
  10    0    5   1.002515     1.867976    -3.896951      4.32152  100.41436    0.00030    4
   7    3    7   1.002384   133.092413    29.351182       136.29  100.43239    0.59910    8
   2    1   17   1.001845    51.739268    14.063528      53.6166  100.50647    0.09273    8
   4    4    7   1.001342   -51.604224   -16.053746      54.0437  100.57568    0.09423    8
   9    0    9   1.000732   113.308014    22.899153      115.599  100.65986    0.21560    4
   3    0   17   1.000680   -30.322175    -1.611762       30.365  100.66697    0.01488    4
   4    1   16   0.999207  -148.839378   -31.802696      152.199  100.87090    0.74784    8
   5    4    5   0.998181   -82.930457   -18.904527      85.0579  101.01369    0.23365    8
   5    3   11   0.998136  -107.768095   -24.891692      110.605  101.01982    0.39509    8
   8    3    3   0.997115   -12.191892    -4.020864      12.8378  101.16241    0.00532    8
   7    2   11   0.996923    61.158551    12.425833      62.4081  101.18920    0.12584    8
   3    3   13   0.995335    27.405047     6.819296      28.2407  101.41209    0.02578    8
  10    1    4   0.995076  -123.443968   -30.977833      127.272  101.44850    0.52373    8
   0    4   10   0.993812    43.078438    14.635480      45.4967  101.62683    0.03348    4
   8    1   11   0.993493   -47.175963   -13.226950      48.9951  101.67209    0.07767    8
   8    2    9   0.991739   -48.302198    -9.543420       49.236  101.92113    0.07850    8
   1    4   10   0.989348     7.776668    -2.407006      8.14065  102.26325    0.00215    8
   1    3   14   0.989306   -25.918374    -9.780019      27.7022  102.26941    0.02488    8
   2    2   16   0.989131     2.482527    -1.924357      3.14103  102.29453    0.00032    8
   5    2   14   0.988124    93.479428    18.540315      95.3003  102.43956    0.29464    8
   6    4    0   0.987671   136.302672    26.543965      138.863  102.50499    0.31287    4
   0    0   18   0.986678   275.305546    65.481123      282.986  102.64888    0.65004    2
   7    1   13   0.986307   -89.806136   -23.743916       92.892  102.70275    0.28023    8
   8    3    4   0.986293    -0.796330     0.447708     0.913556  102.70472    0.00003    8
   6    4    1   0.986148    94.314289    22.995439      97.0772  102.72589    0.30608    8
   9    2    6   0.985455    38.645251     8.538101      39.5772  102.82673    0.05090    8
  10    0    6   0.985395    45.767683     9.092293      46.6621  102.83538    0.03538    4
   4    2   15   0.983562   103.741664    23.199412      106.304  103.10356    0.36763    8
   3    4    9   0.983103   233.378501    52.656680      239.245  103.17095    1.86263    8
   1    0   18   0.982309    20.832555     9.078099      22.7246  103.28782    0.00841    4
   6    4    2   0.981618   145.768961    33.292731      149.523  103.38974    0.72827    8
   6    3   10   0.981576    -5.141360    -0.379536      5.15535  103.39593    0.00087    8
  10    1    5   0.981310   -35.846727    -4.128990      36.0837  103.43532    0.04242    8
   5    4    6   0.981278    24.483860     2.252960      24.5873  103.44009    0.01970    8
   6    2   13   0.980905    74.301018    17.252813      76.2778  103.49534    0.18963    8
   5    0   16   0.980328   -81.041550   -20.855204       83.682  103.58093    0.11416    4
   9    1    9   0.979637    24.283366     9.454445      26.0589  103.68360    0.02215    8
   3    1   17   0.979589   113.549696    29.217565      117.248  103.69079    0.44847    8
   8    0   12   0.979360     6.797217     0.673864      6.83054  103.72492    0.00076    4
   7    3    8   0.979261    73.184854    19.349851      75.6997  103.73958    0.18699    8
   6    0   15   0.979176   -17.018683    -3.920676      17.4645  103.75237    0.00498    4
   4    4    8   0.978290    78.416123    16.505865      80.1345  103.88467    0.20969    8
   2    4   10   0.976309    -0.329362    -2.198037      2.22258  104.18212    0.00016    8
   2    3   14   0.976268   -98.291539   -22.120282       100.75  104.18834    0.33200    8
   6    4    3   0.974206    24.652359     4.905488      25.1357  104.50030    0.02070    8
   8    3    5   0.972884    56.880844    13.764795      58.5226  104.70172    0.11235    8
   9    0   10   0.971848   155.603486    39.154098      160.454  104.86019    0.42266    4
   4    0   17   0.970032    82.641117    20.188022      85.0712  105.13948    0.11901    4
   2    0   18   0.969542    -4.128144     1.737068      4.47873  105.21514    0.00033    4
   3    2   16   0.967694    71.175257    19.561893      73.8145  105.50203    0.17962    8
   7    0   14   0.966695    16.249798     0.442729      16.2558  105.65787    0.00436    4
   9    2    7   0.966307  -150.291584   -33.121377      153.898  105.71859    0.78194    8
  10    0    7   0.966251    14.964848     3.525141      15.3744  105.72736    0.00390    4
  10    1    6   0.965237    20.025835     4.109487      20.4431  105.88649    0.01381    8
   4    3   13   0.965160   -64.297841   -13.645461      65.7298  105.89848    0.14281    8
   6    4    4   0.964106    67.759973    17.699035      70.0333  106.06460    0.16232    8
   5    3   12   0.963744    55.868037    12.733442      57.3008  106.12184    0.10870    8
   8    2   10   0.963606    29.211168     8.168074      30.3317  106.14375    0.03046    8
   7    2   12   0.962652  -115.240618   -24.858098      117.891  106.29493    0.46071    8
   5    4    7   0.962368    25.831686     8.659526      27.2445  106.34008    0.02461    8
   1    1   18   0.962335    48.086754    10.670443      49.2564  106.34525    0.08046    8
   5    1   16   0.960472    28.838865     9.084602      30.2359  106.64258    0.03038    8
   8    1   12   0.959562    16.993370     5.824608      17.9639  106.78867    0.01074    8
   6    1   15   0.959389   -17.622829    -2.640801      17.8196  106.81653    0.01057    8
   1    4   11   0.958607   -78.350677   -19.653488       80.778  106.94247    0.21736    8
  10    2    0   0.958004    55.351145     8.841310      56.0528  107.03982    0.05237    4
   0    5    1   0.957904     5.164960    -2.332017      5.66702  107.05613    0.00054    4
   8    3    6   0.957214    -4.249561    -6.293737      7.59407  107.16785    0.00192    8
  10    2    1   0.956614   -94.925223   -24.005805      97.9136  107.26542    0.32018    8
   3    4   10   0.955678     2.813967    -1.413120      3.14886  107.41799    0.00033    8
   3    3   14   0.955639  -100.736306   -21.276796      102.959  107.42430    0.35448    8
   7    3    9   0.954896    -0.783166    -4.760686      4.82467  107.54579    0.00078    8
   4    4    9   0.953995    22.220137     7.524622      23.4596  107.69361    0.01845    8
   1    5    1   0.953904    56.122869    10.174479      57.0377  107.70856    0.10905    8
   1    2   17   0.953789   -52.580335    -9.173326      53.3745  107.72753    0.09551    8
   9    1   10   0.952493    55.153786    10.446706      56.1344  107.94134    0.10583    8
  10    2    2   0.952478   150.996847    35.875795        155.2  107.94388    0.80902    8
   6    4    5   0.951570    14.374211     2.409757      14.5748  108.09428    0.00714    8
   6    3   11   0.951532   118.033131    26.153397      120.896  108.10061    0.49158    8
   0    3   15   0.951510   -93.808817   -27.098883      97.6445  108.10429    0.16034    4
   4    1   17   0.950783   -41.337777    -9.642904      42.4476  108.22513    0.06067    8
   2    1   18   0.950322    76.052693    14.104841      77.3496  108.30202    0.20159    8
   1    5    2   0.949803    18.127730     3.644182      18.4904  108.38872    0.01153    8
   3    0   18   0.949328    -5.548019    -0.056738      5.54831  108.46828    0.00052    4
  11    0    1   0.948644   -58.238439   -15.957808      60.3852  108.58312    0.06159    4
   7    1   14   0.947640   -70.421910   -15.950270      72.2057  108.75211    0.17639    8
   1    3   15   0.947590   -20.968918    -0.088117      20.9691  108.76060    0.01488    8
  10    1    7   0.947222   -71.645825   -17.470181       73.745  108.82278    0.18411    8
   0    5    3   0.946948    15.650109    -1.139282      15.6915  108.86906    0.00417    4
   2    4   11   0.946732   150.334553    34.664907      154.279  108.90577    0.80643    8
   5    2   15   0.946552    60.638079    18.440074      63.3799  108.93623    0.13614    8
  10    2    3   0.945702   -88.601310   -19.601173      90.7436  109.08053    0.27945    8
   9    2    8   0.945542   111.537997    29.826076      115.457  109.10782    0.45251    8
  10    0    8   0.945489   -19.150458    -9.827557      21.5249  109.11676    0.00786    4
  11    0    2   0.944610    68.201215    13.184488      69.4639  109.26676    0.08202    4
   8    0   13   0.944131   161.671799    37.665842      166.001  109.34876    0.46880    4
   2    5    0   0.943529    81.078604    14.263226      82.3236  109.45184    0.11541    4
   1    5    3   0.943084   -76.172537   -22.242376      79.3535  109.52837    0.21463    8
   6    2   14   0.942846  -150.298597   -36.097127      154.573  109.56936    0.81472    8
   9    0   11   0.942662    97.180718    22.631866      99.7812  109.60106    0.16980    4
   2    5    1   0.942201  -103.364844   -26.300986      106.658  109.68061    0.38834    8
   2    2   17   0.942090    39.729004     7.584328      40.4465  109.69980    0.05586    8
   5    4    8   0.941850    -4.028596    -0.574447      4.06935  109.74119    0.00057    8
   4    2   16   0.939896    82.989245    17.597018      84.8344  110.08063    0.24668    8
   8    3    7   0.939637    -0.436004    -1.352257      1.42081  110.12574    0.00007    8
   2    5    2   0.938248   158.044440    37.813027      162.505  110.36892    0.90790    8
   9    3    1   0.938189   -24.561576    -3.859138      24.8629  110.37928    0.02125    8
  11    0    3   0.938000    58.301297    16.072125      60.4761  110.41260    0.06290    4
   6    4    6   0.936893   -63.477232   -14.148510      65.0349  110.60764    0.14578    8
  10    2    4   0.936454    -6.326308    -1.301189      6.45874  110.68516    0.00144    8
   2    3   15   0.936114   -31.532840    -7.306630      32.3683  110.74540    0.03617    8
   6    0   16   0.936066   146.135178    32.270655      149.656  110.75401    0.38659    4
   8    2   11   0.935134   -78.698932   -14.418332      80.0088  110.91949    0.22139    8
   5    0   17   0.934474   119.543862    30.236244      123.308  111.03717    0.26327    4
   9    3    2   0.934287    48.976872     9.035596      49.8034  111.07071    0.08593    8
   1    5    4   0.933912     8.092508    -2.174153      8.37948  111.13763    0.00243    8
   7    4    1   0.933587    60.185430    12.515945       61.473  111.19598    0.13109    8
   2    5    3   0.931770   -42.743025    -8.778905      43.6353  111.52301    0.06630    8
   0    4   12   0.931701    13.010456     5.101322      13.9748  111.53543    0.00340    4
   3    1   18   0.931263  -112.597562   -25.313560      115.408  111.61460    0.46425    8
   1    0   19   0.931030     4.988432    -0.071891      4.98895  111.65685    0.00043    4
  11    1    1   0.930617     6.727875     6.286912      9.20813  111.73177    0.00296    8
   5    3   13   0.930117    22.164556     3.692489        22.47  111.82282    0.01764    8
   7    4    2   0.929741   -25.614421    -4.659146      26.0347  111.89124    0.02370    8
   7    3   10   0.929705   -17.030029    -8.481538      19.0252  111.89773    0.01266    8
   7    2   13   0.929135     2.428262     1.927210       3.1001  112.00197    0.00034    8
  11    0    4   0.928974   151.107120    34.507950      154.997  112.03137    0.42074    4
   4    4   10   0.928874    48.460033    10.224001      49.5268  112.04966    0.08593    8
   4    3   14   0.928839    38.138879     5.908945      38.5939  112.05615    0.05219    8
   1    4   12   0.928020   114.418087    25.112701      117.142  112.20636    0.48163    8
   9    3    3   0.927889   -47.354227   -13.078817      49.1272  112.23035    0.08474    8
   3    4   11   0.927883    66.699221    14.990009      68.3629  112.23140    0.16408    8
   7    0   15   0.927665     4.543196    -3.775757      5.90737  112.27165    0.00061    4
  10    1    8   0.927639    31.557113     4.138356      31.8273  112.27646    0.03558    8
  11    1    2   0.926808    63.339380    17.245540      65.6452  112.42965    0.15166    8
   8    1   13   0.926355    74.500713    18.885079       76.857  112.51339    0.20810    8
   0    5    5   0.926120   163.580826    38.511068      168.053  112.55703    0.49773    4
   9    1   11   0.924968   -32.879905    -9.057742      34.1047  112.77112    0.04111    8
  10    2    5   0.924954    -3.042495     3.195650      4.41236  112.77374    0.00069    8
   3    5    1   0.923617    42.893080    11.288737      44.3537  113.02372    0.06974    8
   9    2    9   0.923553   -98.575007   -20.983265      100.784  113.03576    0.36015    8
   3    2   17   0.923512    26.931215     1.569059      26.9769  113.04335    0.02581    8
  10    0    9   0.923504    -5.016588    -0.596955      5.05198  113.04493    0.00045    4
   7    4    3   0.923436   -77.242393   -22.865104      80.5556  113.05766    0.23015    8
   4    0   18   0.923041   -44.295423    -9.646333      45.3336  113.13190    0.03648    4
   2    5    4   0.922921    32.193142     8.873426      33.3937  113.15443    0.03960    8
   1    5    5   0.922504   -26.941721    -4.806675      27.3671  113.23292    0.02662    8
   6    3   12   0.921596    -2.845080    -0.918329      2.98962  113.40443    0.00032    8
  11    1    3   0.920562   -19.322139    -2.390880      19.4695  113.60069    0.01354    8
   8    3    8   0.920511    26.661378     2.545520      26.7826  113.61042    0.02562    8
   6    4    7   0.920392   -35.145245    -9.543748       36.418  113.63295    0.04739    8
   2    0   19   0.920139   -99.641545   -22.661461      102.186  113.68125    0.18666    4
   5    4    9   0.920112  -102.568696   -26.381968      105.907  113.68641    0.40102    8
   3    5    2   0.919893   -82.883274   -17.797315      84.7725  113.72823    0.25708    8
   9    3    4   0.919150    63.169666    11.588075      64.2238  113.87027    0.14783    8
   6    1   16   0.918734    40.123197    11.843299      41.8346  113.94994    0.06279    8
   3    3   15   0.917881    54.181223    16.269753      56.5713  114.11386    0.11507    8
  11    0    5   0.917744   -20.962501    -6.217362      21.8651  114.14043    0.00860    4
   0    1   19   0.917487     6.304651    -5.187122      8.16424  114.18986    0.00120    4
   2    4   12   0.917233     6.416002     2.253938      6.80039  114.23907    0.00167    8
   5    1   17   0.917229    27.627839    12.885890      30.4851  114.23973    0.03347    8
   7    4    4   0.914820    -0.928574     4.230822      4.33152  114.70795    0.00068    8
   1    1   19   0.913971    50.924636    11.197872      52.1413  114.87429    0.09877    8
   3    5    3   0.913784   -43.781753   -13.221650      45.7346  114.91102    0.07603    8
   9    0   12   0.913530    34.591293     6.719157      35.2378  114.96100    0.02258    4
   0    2   18   0.912471  -234.158392   -58.580478      241.375  115.16985    1.06265    4
  11    1    4   0.912026   -12.270850    -4.815019      13.1817  115.25806    0.00635    8
   2    5    5   0.911906   -14.341407    -0.967381       14.374  115.28183    0.00755    8
  10    2    6   0.911457   -39.262425    -8.130095      40.0953  115.37101    0.05881    8
   7    1   15   0.910787    42.399460     8.486124      43.2404  115.50438    0.06853    8
   8    0   14   0.910050   -44.411120   -10.615664      45.6622  115.65167    0.03829    4
   1    5    6   0.909112    66.241041    15.529213       68.037  115.83971    0.17048    8
   1    2   18   0.909013   -15.889734    -7.759490      17.6831  115.85978    0.01152    8
   1    3   16   0.908357    11.260507     4.182930      12.0123  115.99196    0.00533    8
   9    3    5   0.908268   132.650942    35.032021      137.199  116.00997    0.69496    8
   5    2   16   0.907442    68.309615    18.518756      70.7753  116.17702    0.18539    8
  10    1    9   0.906848    11.192597     1.543181      11.2985  116.29767    0.00473    8
   8    2   12   0.906674    -5.205433    -0.457599      5.22551  116.33304    0.00101    8
   6    2   15   0.906528    14.766031     3.580113      15.1938  116.36280    0.00857    8
   4    1   18   0.906410   -65.897258   -15.196785      67.6269  116.38694    0.16979    8
   3    5    4   0.905434  -119.635989   -26.138469      122.458  116.58636    0.55839    8
  11    0    6   0.904555   -31.432983   -12.062867      33.6682  116.76675    0.02116    4
   7    4    5   0.904090    -4.613962     0.988615      4.71869  116.86267    0.00083    8
   7    3   11   0.904057    96.706596    24.454613      99.7507  116.86942    0.37209    8
   2    1   19   0.903661  -121.439624   -30.692923      125.258  116.95111    0.58745    8
   4    4   11   0.903292   -29.703783    -3.125665      29.8678  117.02747    0.03344    8
   3    0   19   0.902806    66.247761    19.993150      69.1989  117.12824    0.08989    4
   6    4    8   0.902395     6.751650     8.000006      10.4683  117.21366    0.00412    8
  11    1    5   0.901392    67.139589    15.532598      68.9129  117.42302    0.17911    8
   9    2   10   0.900704  -131.263307   -34.732827      135.781  117.56720    0.69688    8
  10    0   10   0.900659    26.033087     3.789207      26.3074  117.57672    0.01308    4
   4    5    0   0.900510   -73.928469   -16.655972      75.7815  117.60798    0.10861    4
   8    3    9   0.900186   -12.189106    -2.863435      12.5209  117.67620    0.00594    8
   3    4   12   0.900061    32.515210     8.431509      33.5906  117.70247    0.04274    8
   4    5    1   0.899355    -6.488067     0.243983      6.49265  117.85151    0.00160    8
   4    2   17   0.899258   -70.203919   -18.010618      72.4774  117.87195    0.19951    8
   2    5    6   0.898964   -51.473057   -11.509899      52.7442  117.93413    0.10576    8
   2    2   18   0.898868     4.668638    -1.298418      4.84583  117.95458    0.00089    8
   2    3   16   0.898234  -155.632509   -36.385846      159.829  118.08924    0.97358    8
   1    4   13   0.897881   -62.879285   -17.969165      65.3964  118.16422    0.16319    8
   5    4   10   0.897511   -49.977763   -10.400631      51.0485  118.24311    0.09956    8
   5    3   14   0.897479    29.760535     7.309271       30.645  118.24995    0.03588    8
   9    1   12   0.897399   105.035753    23.003812      107.525  118.26713    0.44189    8
   0    5    7   0.897303    39.353279     6.862308      39.9471  118.28758    0.03051    4
   7    2   14   0.896597   -15.178558    -0.669979      15.1933  118.43880    0.00885    8
  10    2    7   0.896243   -13.549971    -3.309299      13.9482  118.51492    0.00747    8
   4    5    2   0.895915   -97.278463   -22.225773      99.7852  118.58543    0.38253    8
   6    0   17   0.895902   -45.662463   -12.822236      47.4286  118.58823    0.04321    4
   9    3    6   0.895478    76.391556    16.762473       78.209  118.67969    0.23535    8
   3    5    5   0.895026   -25.366620    -5.589219      25.9751  118.77731    0.02600    8
   8    1   14   0.894099    56.181406    10.377188      57.1317  118.97845    0.12621    8
   4    3   15   0.894057   -60.429176   -14.405981      62.1226  118.98764    0.14924    8
   1    5    7   0.894014  -137.231218   -32.110274      140.938  118.99704    0.76827    8
   5    0   18   0.892246    75.075748    16.779472       76.928  119.38351    0.11518    4
   6    3   13   0.892060    39.461562     4.160033      39.6802  119.42446    0.06133    8
   7    4    6   0.891473  -107.767207   -26.203149      110.907  119.55367    0.48019    8
   7    0   16   0.890761   -25.133009    -6.321567      25.9158  119.71122    0.01314    4
   4    5    3   0.890269   -85.738390   -19.863335      88.0092  119.82020    0.30375    8
  11    0    7   0.889679   -27.579188    -7.434142      28.5636  119.95165    0.01603    4
  11    1    6   0.888887   -31.505787    -8.645143      32.6704  120.12852    0.04208    8
   2    4   13   0.888101     3.998808    -4.812880      6.25734  120.30491    0.00155    8
   0    0   20   0.888010    -7.944072    -3.806978      8.80916  120.32527    0.00077    2
   3    1   19   0.887227   -14.773648    -4.091426      15.3297  120.50180    0.00932    8
  10    1   10   0.885188    23.329829     3.572963      23.6018  120.96523    0.02228    8
   1    0   20   0.884821   -92.480686   -19.703106      94.5563  121.04930    0.17910    4
   9    0   13   0.884739    25.839222     8.537274      27.2131  121.06820    0.01484    4
   2    5    7   0.884357    -1.956062    -0.233334      1.96993  121.15571    0.00016    8
   8    4    0   0.883357   -85.494081   -22.540271      88.4155  121.38614    0.15754    4
   6    4    9   0.883222   -24.677917    -6.090607      25.4184  121.41739    0.02606    8
   3    5    6   0.882780     8.654372     6.121081      10.6003  121.51969    0.00454    8
   3    2   18   0.882689     4.770928     0.058024      4.77128  121.54089    0.00092    8
   4    5    4   0.882542   -32.455736    -8.157120      33.4651  121.57511    0.04529    8
   8    4    1   0.882267     7.634623     5.029531      9.14241  121.63899    0.00338    8
  11    2    1   0.882139    49.130177    14.175565      51.1343  121.66874    0.10592    8
   3    3   16   0.882088   -69.375632   -18.393294      71.7725  121.68048    0.20872    8
   9    3    7   0.881038    -6.389872    -2.964118       7.0439  121.92590    0.00202    8
   6    1   17   0.880671     7.816162    -0.393247      7.82605  122.01176    0.00250    8
   4    0   19   0.880108    50.698577     8.603147      51.4233  122.14429    0.05403    4
  10    2    8   0.879601    14.873653     8.539451      17.1507  122.26403    0.01205    8
   8    4    2   0.879019    10.245649     3.864997      10.9504  122.40173    0.00492    8
   8    3   10   0.878989   -23.934680    -9.816201      25.8694  122.40886    0.02748    8
  11    2    2   0.878892   -59.028657   -11.959728       60.228  122.43173    0.14902    8
   8    2   13   0.878506  -138.234605   -33.708118      142.285  122.52346    0.83311    8
   7    3   12   0.878265    86.827700    20.007027      89.1029  122.58097    0.32707    8
   4    4   12   0.877564   -82.407628   -22.973992      85.5501  122.74833    0.30245    8
   1    5    8   0.877493    59.294776    16.855598       61.644  122.76526    0.15708    8
   9    2   11   0.877323   -83.675475   -20.449039       86.138  122.80601    0.30695    8
  10    0   11   0.877281   -10.902895    -1.005447      10.9492  122.81605    0.00248    4
   8    0   15   0.877263   -65.490939   -20.308418      68.5674  122.82021    0.09728    4
   7    4    7   0.877223  -101.165005   -23.486178      103.855  122.82999    0.44641    8
   5    1   18   0.877198    20.515703     3.941818       20.891  122.83590    0.01807    8
   7    1   16   0.875786    62.876479    18.176204      65.4509  123.17585    0.17846    8
   2    0   20   0.875457   -51.187059   -14.222519      53.1262  123.25572    0.05888    4
  11    1    7   0.874758    77.759342    16.305359      79.4505  123.42541    0.26422    8
  10    3    0   0.874731     6.365047    -2.381942      6.79614  123.43190    0.00097    4
   0    3   17   0.874566   -44.392371   -11.006088      45.7364  123.47224    0.04382    4
   5    4   11   0.874372    17.641706     6.488696      18.7972  123.51955    0.01482    8
   8    4    3   0.873685   -17.001233    -0.124738      17.0017  123.68755    0.01216    8
  10    3    1   0.873672   -10.689114    -3.773582      11.3357  123.69059    0.00541    8
  11    2    3   0.873560   -48.992998   -14.184809      51.0051  123.71799    0.10951    8
  11    0    8   0.873393     7.317788     1.438722      7.45788  123.75916    0.00117    4
   4    5    5   0.872895   -45.491817    -9.846941      46.5453  123.88144    0.09148    8
   3    4   13   0.872486   -17.791241    -3.010642      18.0442  123.98232    0.01378    8
   6    2   16   0.871998  -126.463473   -29.260715      129.804  124.10311    0.71457    8
   1    3   17   0.871519   -24.827631    -3.000910      25.0083  124.22193    0.02659    8
   0    4   14   0.871431    72.567755    14.935181      74.0887  124.24374    0.11672    4
  12    0    0   0.870833    73.807687    16.995349      75.7391  124.39263    0.06117    2
   5    5    1   0.870799     9.434743     7.390200      11.9845  124.40129    0.00613    8
   5    2   17   0.870711  -101.011895   -26.775889        104.5  124.42319    0.46605    8
  10    3    2   0.870518    76.366478    19.160393      78.7335  124.47138    0.26480    8
   1    1   20   0.870140    -3.403402    -3.237777      4.69748  124.56615    0.00094    8
   9    1   13   0.870061   -54.709231   -15.949983      56.9869  124.58581    0.13904    8
  12    0    1   0.869788    53.942621    13.704385      55.6562  124.65426    0.06640    4
   3    5    7   0.868936    32.664502     9.923515      34.1386  124.86894    0.05018    8
   1    4   14   0.868417    69.930347    16.112099      71.7625  125.00037    0.22231    8
   2    5    8   0.868357    14.234274     9.421648      17.0699  125.01562    0.01258    8
   1    2   19   0.867923    -4.355851     0.075485      4.35651  125.12584    0.00082    8
   5    5    2   0.867675   -53.076006   -16.577837      55.6047  125.18879    0.13398    8
  12    0    2   0.866676    94.887390    22.099352      97.4269  125.44421    0.20672    4
   8    4    4   0.866377   -25.994763    -6.743650      26.8553  125.52087    0.03146    8
  11    2    4   0.866256  -129.419374   -30.905682      133.058  125.55199    0.77284    8
   5    3   15   0.865987    58.911066    12.110540       60.143  125.62127    0.15812    8
   4    1   19   0.865656   -51.055418   -10.039649      52.0332  125.70662    0.11856    8
  10    3    3   0.865336    66.960290    14.570323      68.5272  125.78928    0.20598    8
   9    3    8   0.865213   -11.206859    -3.273592      11.6752  125.82109    0.00598    8
   7    2   15   0.865194    -4.647818     3.264507      5.67972  125.82600    0.00142    8
   6    4   10   0.863175    16.770316     8.586982      18.8409  126.35253    0.01575    8
   6    3   14   0.863147    98.645152    26.012316      102.017  126.36000    0.46191    8
  10    1   11   0.862965   128.163681    31.807491      132.052  126.40759    0.77470    8
   8    1   15   0.862949   -37.441118   -11.144176      39.0644  126.41193    0.06780    8
   0    5    9   0.862758   -41.876883    -9.247203      42.8857  126.46204    0.04090    4
   2    3   17   0.862566   -35.500640   -10.786923      37.1033  126.51272    0.06129    8
   5    5    3   0.862544   -24.872320    -5.547514      25.4835  126.51860    0.02892    8
  10    2    9   0.861816     4.551679     0.576846      4.58809  126.71108    0.00094    8
   7    4    8   0.861599   -14.442959    -4.288307      15.0661  126.76842    0.01016    8
  12    0    3   0.861562    40.556596     9.059355      41.5561  126.77837    0.03866    4
   4    5    6   0.861524   -47.128622   -16.769662      50.0233  126.78838    0.11206    8
   4    2   18   0.861439    39.128838     8.922415      40.1332  126.81095    0.07216    8
   2    1   20   0.861229    67.603592    19.317655      70.3094  126.86693    0.22174    8
   4    3   16   0.860881   110.056008    25.894097      113.061  126.95957    0.57450    8
   3    0   20   0.860489    65.259983    19.211793      68.0291  127.06439    0.10423    4
   1    5    9   0.859833   -80.146756   -18.506511      82.2557  127.24015    0.30590    8
   2    4   14   0.859558  -123.503336   -32.870289      127.803  127.31401    0.73962    8
  11    1    8   0.859264    16.064929     5.028063      16.8334  127.39344    0.01285    8
   2    2   19   0.859079    86.330193    20.503925      88.7317  127.44326    0.35750    8
   6    0   18   0.858488    79.921112    16.827468      81.6734  127.60331    0.15196    4
  10    3    4   0.858235    88.810807    24.674711      92.1748  127.67211    0.38768    8
   8    4    5   0.857246  -125.476798   -30.829232      129.209  127.94174    0.76623    8
   8    3   11   0.857218    32.658039    10.238437      34.2253  127.94938    0.05377    8
  11    2    5   0.857129    18.006016     5.590280      18.8539  127.97386    0.01633    8
  12    1    0   0.856826   -35.505526    -7.662241      36.3229  128.05682    0.03035    4
   9    0   14   0.856509   -49.223773   -15.450287      51.5916  128.14395    0.06135    4
  11    0    9   0.855974   -21.890731    -4.452432      22.3389  128.29143    0.01154    4
   7    0   17   0.855942    35.805543     7.330337      36.5482  128.30034    0.03089    4
  12    1    1   0.855831   -17.522553    -7.469988      19.0484  128.33110    0.01679    8
   5    5    4   0.855510    79.030511    21.174209      81.8179  128.41988    0.31045    8
  12    0    4   0.854552    41.148825    10.722888       42.523  128.68638    0.04217    4
   3    5    8   0.853744   -11.394879    -3.016281      11.7873  128.91268    0.00651    8
   9    2   12   0.853693   -29.862800    -6.062139      30.4719  128.92692    0.04355    8
  10    0   12   0.853655   -36.296306    -9.311445      37.4717  128.93777    0.03293    4
   5    0   19   0.853293   -34.953451   -10.547134      36.5101  129.03957    0.03133    4
  12    1    2   0.852865    -9.149787    -0.961931      9.20021  129.16027    0.00399    8
   7    3   13   0.852589    63.963205    18.802394      66.6695  129.23834    0.20990    8
   4    4   13   0.851948   -43.187528    -9.254683       44.168  129.42048    0.09250    8
   2    5    9   0.851232    21.431057     5.315017      22.0803  129.62487    0.02322    8
   5    4   12   0.850974   -41.912153    -6.533568      42.4183  129.69895    0.08585    8
   8    2   14   0.850851    37.781240     9.460563      38.9477  129.73414    0.07244    8
  10    3    5   0.849356    28.575804     3.816349      28.8295  130.16584    0.04008    8
   4    5    7   0.848642    26.101661     9.102859      27.6434  130.37374    0.03703    8
   9    3    9   0.848270   -15.996003    -7.193166      17.5389  130.48242    0.01494    8
   3    3   17   0.848239   -80.832216   -22.939386      84.0242  130.49161    0.34300    8
  12    1    3   0.847991   116.137242    28.405265      119.561  130.56446    0.69566    8
   3    1   20   0.846967   -71.532096   -14.551605      72.9972  130.86614    0.26113    8
   5    5    5   0.846715    48.050038    11.916644      49.5057  130.94089    0.12031    8
   8    4    6   0.846468   -17.176924    -5.948204      18.1777  131.01411    0.01625    8
  11    2    6   0.846355    24.822644    10.344704      26.8919  131.04768    0.03559    8
   8    0   16   0.845858     2.395952     1.758447      2.97199  131.19586    0.00022    4
  12    0    5   0.845786    20.436196     3.772106      20.7814  131.21737    0.01067    4
   3    4   14   0.845378    12.592292     3.942645      13.1951  131.33942    0.00863    8
   6    1   18   0.845059     3.938381     1.867870      4.35887  131.43522    0.00094    8
   3    2   19   0.844922   -55.556933   -17.688474      58.3048  131.47636    0.16899    8
   7    4    9   0.844864   -71.773618   -17.668045      73.9163  131.49394    0.27171    8
   9    1   14   0.843172    51.969000    10.979107      53.1161  132.00698    0.14202    8
  10    2   10   0.843161   -22.415318    -3.362343      22.6661  132.01024    0.02586    8
   1    0   21   0.842968   -28.996804    -6.085968      29.6286  132.06927    0.02213    4
  11    1    9   0.842661   190.290295    48.982211      196.493  132.16312    1.95080    8
   7    1   17   0.842631    26.357547     3.328903      26.5669  132.17254    0.03567    8
   6    4   11   0.842531    49.354160    14.826778      51.5332  132.20301    0.13431    8
  12    1    4   0.841304   -49.984342   -13.940726       51.892  132.58156    0.13743    8
   1    5   10   0.841304   -99.526221   -26.917930      103.102  132.58165    0.54252    8
   4    0   20   0.840767   -17.127746    -4.083117      17.6077  132.74852    0.00794    4
  10    1   12   0.840448   -24.843554    -6.250741      25.6178  132.84816    0.03371    8
   6    5    0   0.840272   -19.719781    -4.286534      20.1803  132.90316    0.01047    4
   5    1   19   0.840103    24.186145     8.840390      25.7512  132.95618    0.03415    8
   1    4   15   0.839791    34.357979     8.136640      35.3083  133.05401    0.06436    8
   6    5    1   0.839333    60.194239    16.081854      62.3055  133.19815    0.20111    8
   6    2   17   0.839255    38.228044    11.278963      39.8572  133.22294    0.08235    8
  10    3    6   0.838869   -14.795489    -3.212975      15.1403  133.34480    0.01192    8
  11    0   10   0.837688   -33.094227    -5.487662      33.5461  133.72080    0.02953    4
   3    5    9   0.837453   -45.607857   -13.454426       47.551  133.79608    0.11888    8
   1    3   18   0.836963   -35.692333    -8.630666       36.721  133.95391    0.07117    8
   6    5    2   0.836535    16.899349     5.493458      17.7698  134.09183    0.01672    8
   5    5    6   0.836325    -6.743935    -3.241567      7.48254  134.16005    0.00297    8
   5    2   18   0.836247   -64.794402   -15.098173      66.5302  134.18524    0.23498    8
   5    3   16   0.835736   -20.444470    -7.121005      21.6491  134.35125    0.02499    8
  12    0    6   0.835429    52.173956    18.527613       55.366  134.45128    0.08191    4
   8    3   12   0.835136   -14.120823    -5.141577      15.0278  134.54726    0.01210    8
   7    2   16   0.835024    20.716070     5.463103      21.4243  134.58415    0.02461    8
   6    3   15   0.835022    14.330733     2.395525      14.5296  134.58469    0.01132    8
   2    0   21   0.834858   -35.583001    -4.850912      35.9121  134.63838    0.03463    4
   4    5    8   0.834472    56.701540    12.760008      58.1196  134.76534    0.18196    8
   8    4    7   0.834240   -37.146136    -7.482443      37.8922  134.84202    0.07750    8
  11    2    7   0.834132    23.764682     6.696129        24.69  134.87775    0.03293    8
   2    5   10   0.833242    -8.876752     1.071641       8.9412  135.17324    0.00435    8
   9    4    1   0.833226   -30.119909    -4.370415      30.4353  135.17847    0.05043    8
   8    1   16   0.833004   103.504571    24.069582      106.266  135.25256    0.61592    8
  12    1    5   0.832936    57.707432    13.286244      59.2172  135.27556    0.19137    8
   0    1   21   0.832876    83.899782    19.274533      86.0853  135.29542    0.20232    4
   0    2   20   0.832756     5.845021     3.140707      6.63538  135.33555    0.00120    4
   6    5    3   0.831934    43.550613     7.790546      44.2419  135.61221    0.10775    8
   2    4   15   0.831772    41.961301    10.296944      43.2062  135.66687    0.10291    8
   9    4    2   0.830489     6.054775     1.875743      6.33867  136.10344    0.00224    8
   9    3   10   0.830464   -42.151318    -8.758865      43.0517  136.11213    0.10336    8
   1    1   21   0.830243  -116.553075   -31.918983      120.845  136.18760    0.81602    8
   1    2   20   0.830125    79.698240    17.687706      81.6374  136.22837    0.37281    8
   9    2   13   0.830057   -22.070030    -7.678452      23.3676  136.25177    0.03056    8
  10    0   13   0.830021    -3.198272     2.879828      4.30376  136.26398    0.00052    4
   4    3   17   0.829330    30.450619     7.750859      31.4216  136.50266    0.05563    8
   2    3   18   0.829024   -58.410787   -11.985156      59.6277  136.60884    0.20088    8
   9    0   15   0.829008   -17.501008    -0.810043      17.5197  136.61422    0.00867    4
   4    1   20   0.828141   -14.027623    -2.600410      14.2666  136.91689    0.01159    8
   5    4   13   0.827556   -29.263928    -8.459633      30.4622  137.12253    0.05315    8
   7    4   10   0.827266    73.786833    19.204927      76.2452  137.22480    0.33387    8
   7    3   14   0.827241    52.370493    12.925844      53.9421  137.23367    0.16715    8
  10    3    7   0.826963    52.298485    13.939428      54.1243  137.33230    0.16873    8
   4    4   14   0.826655   -48.204071   -10.861634      49.4126  137.44157    0.14105    8
   4    2   19   0.826229   -44.496024    -7.928743      45.1969  137.59365    0.11849    8
   9    4    3   0.825986    28.500179     9.829719      30.1477  137.68068    0.05284    8
   6    5    4   0.825617   -57.746890   -16.333953      60.0125  137.81305    0.21015    8
  11    1   10   0.825198   -22.128864    -7.159738      23.2583  137.96421    0.03169    8
   0    5   11   0.824712   -42.534632    -6.629007      43.0481  138.14028    0.05455    4
   5    5    7   0.824525   112.355469    27.709989      115.722  138.20847    0.78985    8
  10    2   11   0.823889    10.240922     1.080098      10.2977  138.44083    0.00629    8
   8    2   15   0.823874    54.504781    17.800636      57.3379  138.44610    0.19518    8
  12    0    7   0.823667   -20.158327    -6.472205      21.1719  138.52217    0.01333    4
   6    0   19   0.823624    63.627321    16.845423      65.8195  138.53800    0.12892    4
   7    0   18   0.823138     6.779371     3.718053        7.732  138.71728    0.00179    4
  12    1    6   0.823039     0.776281    -1.391525      1.59341  138.75388    0.00015    8
   2    1   21   0.822492   -55.383876   -13.205963      56.9366  138.95653    0.19519    8
   2    2   20   0.822377    43.813711    12.724082      45.6239  138.99952    0.12548    8
   1    5   11   0.822156   -63.752081   -15.826805      65.6873  139.08202    0.26071    8
   3    0   21   0.821848    -7.318910    -3.696076      8.19923  139.19739    0.00204    4
   6    4   12   0.821538   -19.686627    -6.530913      20.7417  139.31383    0.02616    8
   8    4    8   0.820768    19.516721     4.929966      20.1298  139.60444    0.02484    8
  11    2    8   0.820666    -5.995821    -1.212693      6.11723  139.64353    0.00230    8
   3    5   10   0.820306    48.243589    10.385349      49.3488  139.78056    0.15006    8
   9    4    4   0.819803   -10.304661    -0.226060      10.3071  139.97287    0.00658    8
   4    5    9   0.819241     1.257681    -0.947247       1.5745  140.18925    0.00015    8
   3    4   15   0.818903   -21.735701    -1.748858      21.8059  140.32016    0.02975    8
  11    0   11   0.818781   -35.746491   -10.511350      37.2599  140.36759    0.04349    4
  12    2    0   0.818541   -65.266198   -15.685133      67.1245  140.46071    0.14154    4
  10    1   13   0.817866    -2.956406    -4.912192      5.73323  140.72482    0.00208    8
   6    5    5   0.817704    45.186402     7.595935      45.8204  140.78854    0.13316    8
  12    2    1   0.817673   -45.871161   -12.158252      47.4551  140.80054    0.14288    8
   5    0   20   0.817297   108.274063    26.333185       111.43  140.94901    0.39559    4
   9    1   15   0.816897    24.558060     6.464969      25.3948  141.10765    0.04128    8
   3    3   18   0.816280    82.486535    20.188385      84.9211  141.35371    0.46498    8
   8    0   17   0.815873   -39.370704   -10.168307      40.6626  141.51674    0.05356    4
  11    3    1   0.815844    -2.740723    -4.672470      5.41697  141.52840    0.00190    8
  12    2    2   0.815086   -82.166721   -19.968920      84.5584  141.83526    0.46761    8
   2    5   11   0.814627   -20.321731    -7.246129       21.575  142.02220    0.03061    8
   0    4   16   0.814581    92.466500    21.267681      94.8808  142.04097    0.29618    4
  10    3    8   0.813835   -23.470456    -3.292709      23.7003  142.34755    0.03730    8
  11    3    2   0.813274   -45.512626   -13.581411      47.4958  142.58008    0.15086    8
   8    3   13   0.812968   -53.510704   -14.814988      55.5237  142.70762    0.20696    8
   1    4   16   0.812118   -36.008918   -11.137659       37.692  143.06502    0.09642    8
   9    4    5   0.812054    56.110565    14.423873      57.9348  143.09197    0.22797    8
   9    3   11   0.812030    24.559448     7.368866      25.6411  143.10200    0.04467    8
  12    1    7   0.811785   -33.601907   -12.293514      35.7801  143.20598    0.08726    8
   6    1   19   0.811744    88.669299    22.303348      91.4313  143.22348    0.57009    8
   5    5    8   0.811511    17.154922     3.995290       17.614  143.32234    0.02122    8
   7    1   18   0.811278   -10.360253    -5.886723      11.9159  143.42187    0.00974    8
  12    2    3   0.810827   -35.167911    -8.179254      36.1065  143.61495    0.08998    8
  12    0    8   0.810693   -61.093664   -14.270694      62.7383  143.67270    0.13608    4
   3    1   21   0.810043   -33.477894   -10.325869      35.0342  143.95422    0.08561    8
   3    2   20   0.809933   -54.884962   -16.916170      57.4327  144.00220    0.23043    8
  11    3    3   0.809044    13.317041     1.597070      13.4125  144.39154    0.01272    8
   7    4   11   0.809040   -39.300006    -9.230669      40.3695  144.39320    0.11525    8
   6    5    6   0.808334     0.558521    -0.615844      0.83139  144.70649    0.00005    8
   6    2   18   0.808264   -69.859648   -15.368470      71.5301  144.73777    0.36581    8
   6    3   16   0.807802   -27.128718    -8.928092      28.5601  144.94421    0.05870    8
   0    0   22   0.807282   -72.811395   -17.484479      74.8813  145.17891    0.10165    2
  11    1   11   0.807106    28.349663     5.943993      28.9661  145.25879    0.06100    8
   0    3   19   0.806955    -8.249841     3.343957      8.90179  145.32742    0.00289    4
   5    3   17   0.806779   -17.594258    -9.818849      20.1486  145.40744    0.02965    8
   9    2   14   0.806612    41.393524    13.626021      43.5786  145.48387    0.13906    8
  10    0   14   0.806579   -23.538801    -4.664325      23.9965  145.49877    0.02109    4
   8    4    9   0.806262    30.628417     6.901968      31.3965  145.64400    0.07256    8
   7    5    1   0.806207    33.400906     6.334628      33.9963  145.66925    0.08514    8
  11    2    9   0.806165    18.826878     3.998821      19.2469  145.68890    0.02731    8
   7    2   17   0.806138   -31.338527    -6.658170       32.038  145.70129    0.07570    8
   5    1   20   0.805684   -62.297516   -19.956966      65.4161  145.91094    0.31774    8
  12    2    4   0.804976   -35.743626    -9.734452      37.0455  146.24123    0.10301    8
   1    0   22   0.804884   -21.621170    -3.644364      21.9262  146.28473    0.01807    4
   2    4   16   0.804859    -5.608063     0.402707       5.6225  146.29639    0.00238    8
   4    0   21   0.804614    85.780575    21.542689      88.4443  146.41177    0.29524    4
   1    3   19   0.804559   -36.276752    -8.590999      37.2801  146.43752    0.10500    8
   8    1   17   0.804321    -1.674433    -0.755604      1.83703  146.55048    0.00026    8
   5    4   14   0.804316   -60.218834   -13.653607      61.7473  146.55256    0.28916    8
  10    2   12   0.804226    31.106227     8.335973      32.2038  146.59536    0.07877    8
   5    2   19   0.803924    29.370048     9.293333      30.8053  146.73937    0.07242    8
   7    5    2   0.803727    15.704485     1.380451       15.765  146.83331    0.01903    8
  11    3    4   0.803231     8.814787     3.816531      9.60554  147.07162    0.00712    8
   4    5   10   0.803167    52.413263    12.643600      53.9167  147.10282    0.22457    8
  13    0    1   0.803024   -10.590107    -6.863147      12.6196  147.17185    0.00617    4
   9    4    6   0.802875   -25.110718    -6.344005      25.8997  147.24433    0.05207    8
   1    5   12   0.802614   -49.668172   -11.425432      50.9654  147.37106    0.20249    8
   3    5   11   0.802526    30.345290     9.778438      31.8819  147.41407    0.07936    8
   7    3   15   0.802385   -31.535372    -6.774039      32.2547  147.48331    0.08141    8
   9    0   16   0.802354    10.363577     4.345795      11.2379  147.49830    0.00494    4
   4    4   15   0.801850   -63.265668   -16.174978      65.3006  147.74635    0.33671    8
  13    0    2   0.800573    24.886295     9.154187      26.5165  148.38472    0.02838    4
   6    4   13   0.800408   -45.506351   -12.100070      47.0876  148.46803    0.17951    8
  10    3    9   0.799687    -9.386735    -1.501293      9.50603  148.83598    0.00741    8
   7    5    3   0.799643   -24.432890    -7.703871      25.6187  148.85863    0.05387    8
  11    0   12   0.799473   -33.237982    -5.307625      33.6591  148.94636    0.04664    4
   0    6    0   0.799417  -198.641473   -53.873882      205.817  148.97543    0.87287    2
   4    3   18   0.799387    51.110668    12.829143      52.6962  148.99093    0.22900    8
  12    1    8   0.799356    52.554654    13.244458      54.1979  149.00675    0.24238    8
   2    0   22   0.797816   -20.756137    -7.291641      21.9997  149.81511    0.02056    4
   8    2   16   0.797697    -1.290351    -1.376638      1.88683  149.87841    0.00030    8
   6    5    7   0.797665    72.052765    20.111747       74.807  149.89556    0.47675    8
  12    2    5   0.797636   -18.003339    -3.466739      18.3341  149.91069    0.02865    8
   2    3   19   0.797500    88.616025    24.388362      91.9108  149.98388    0.72201    8
   5    5    9   0.797482   105.563906    25.913676      108.698  149.99333    1.01019    8
  12    0    9   0.796706   -20.426763    -4.989713      21.0274  150.41274    0.01920    4
  13    0    3   0.796537    20.413318     5.379131      21.1102  150.50498    0.01941    4
   1    6    1   0.796286   -19.484623    -2.880465      19.6964  150.64227    0.03397    8
   0    6    2   0.796197   -43.915825    -8.789941      44.7869  150.69136    0.08799    4
  11    3    5   0.795939   -50.614811   -12.775847      52.2023  150.83396    0.24035    8
   2    5   12   0.795605    11.206109     2.402770      11.4608  151.01912    0.01167    8
  10    1   14   0.795411  -100.402360   -28.148828      104.274  151.12743    0.96961    8
   1    2   21   0.795271    25.302679     5.552492      25.9047  151.20586    0.06002    8
   7    5    4   0.794029    48.406626    11.687833      49.7977  151.91252    0.22787    8
   1    6    2   0.793896    30.378163     5.593586      30.8888  151.98962    0.08794    8
   1    1   22   0.793785    10.110281    -0.078876      10.1106  152.05380    0.00945    8
   4    1   21   0.793526   -66.299711   -16.754168      68.3839  152.20439    0.43462    8
   4    2   20   0.793423    14.921870     3.721045      15.3788  152.26496    0.02203    8
   9    3   12   0.793185   -78.845984   -18.739711      81.0424  152.40423    0.61521    8
   3    4   16   0.793182   -43.523362   -13.748903      45.6433  152.40631    0.19516    8
   9    4    7   0.792418    97.249719    24.480501      100.284  152.86005    0.95916    8
   7    0   19   0.792256    29.006229     7.164952       29.878  152.95720    0.04274    4
  13    1    1   0.792001    21.424387     4.543415      21.9008  153.11072    0.04621    8
   9    1   16   0.791358    -4.089440    -1.571533      4.38101  153.50296    0.00188    8
   6    0   20   0.791115    63.616980    19.190721      66.4485  153.65311    0.21741    4
  13    0    4   0.790988   -53.637730   -14.032071      55.4428  153.73208    0.15184    4
   8    4   10   0.790926   -17.091782    -5.606223      17.9877  153.77041    0.03202    8
   8    3   14   0.790904   -43.870782    -8.938388      44.7721  153.78404    0.19846    8
  11    2   10   0.790834    29.196324     5.069196      29.6331  153.82777    0.08710    8
   7    4   12   0.790398    73.474576    18.039116      75.6566  154.10080    0.57417    8
   2    6    0   0.790221    24.618202     4.649914      25.0535  154.21263    0.03163    4
   1    6    3   0.789960   -10.939588    -3.225884      11.4053  154.37897    0.01320    8
  13    1    2   0.789649   101.038366    27.605316      104.742  154.57779    1.12268    8
   2    6    1   0.789440    22.599722     5.901221      23.3575  154.71266    0.05615    8
  12    2    6   0.788932   -44.041927   -16.425142      47.0051  155.04371    0.23063    8
  11    1   12   0.788594    14.535853     4.917079       15.345  155.26690    0.02482    8
   2    2   21   0.788451    31.971527     4.657027      32.3089  155.36164    0.11047    8
  10    4    0   0.787820   -39.403639    -7.486549      40.1085  155.78578    0.08671    4
   8    0   18   0.787315   -49.651401   -14.074262      51.6076  156.13049    0.14577    4
  11    3    6   0.787289    22.330179     6.716553      23.3184  156.14843    0.05957    8
   2    6    2   0.787111    20.333037     4.851282      20.9038  156.27168    0.04814    8
  10    4    1   0.787046    58.623615    16.928291      61.0188  156.31683    0.41099    8
   2    1   22   0.787003   -20.186779    -3.076602      20.4199  156.34661    0.04609    8
   7    5    5   0.786982   -66.866261   -18.807130      69.4608  156.36103    0.53364    8
   0    6    4   0.786766   -12.734957    -3.200244      13.1309  156.51187    0.00960    4
   4    5   11   0.786456    10.260943    -0.053169      10.2611  156.73013    0.01184    8
   3    0   22   0.786438   -64.574912   -19.737029      67.5238  156.74299    0.25655    4
   3    3   19   0.786135    10.401885     3.156038      10.8701  156.95829    0.01343    8
  12    1    9   0.785938    11.178343     4.762740      12.1507  157.10018    0.01689    8
   6    5    8   0.785864    43.703595    11.682926      45.2382  157.15324    0.23470    8
  13    1    3   0.785775   -26.470931    -9.187442        28.02  157.21733    0.09031    8
   1    4   17   0.785470    33.029064     6.462202      33.6553  157.43919    0.13164    8
   0    5   13   0.785083  -121.369783   -32.314070      125.598  157.72419    0.92911    4
  10    4    2   0.784738   -95.281949   -25.799930      98.7132  157.98221    1.16207    8
  10    3   10   0.784716   -17.190194    -2.775967      17.4129  157.99827    0.03619    8
   1    6    4   0.784546    42.829131     9.241619      43.8149  158.12667    0.23054    8
  10    2   13   0.784373     3.514147    -2.412351      4.26247  158.25781    0.00220    8
   3    5   12   0.784321    40.207480     7.222049      40.8509  158.29757    0.20207    8
  13    0    5   0.784020    -3.872183    -0.273665      3.88184  158.52773    0.00092    4
   5    0   21   0.783971   -21.480179    -6.887654      22.5574  158.56593    0.03121    4
   9    2   15   0.783518    15.622121     0.807590       15.643  158.91895    0.03055    8
  10    0   15   0.783488   -52.790472   -14.456796      54.7342  158.94243    0.18724    4
   2    6    3   0.783274    53.304126    11.805051      54.5957  159.11135    0.37575    8
   1    5   13   0.782877   -11.450695    -4.580770       12.333  159.42891    0.01949    8
   5    5   10   0.782632   -25.507661    -5.610717      26.1174  159.62770    0.08828    8
  12    0   10   0.781898   -50.747763   -12.358314      52.2309  160.23507    0.18222    4
   7    1   19   0.781665    36.533075     9.158246      37.6635  160.43274    0.19150    8
   6    3   17   0.781564    -6.972126     0.021534      6.97216  160.51830    0.00659    8
   5    4   15   0.781413   -36.049672   -12.755153      38.2397  160.64749    0.19970    8
  10    4    3   0.780935    56.439481    14.164994      58.1899  161.06350    0.47303    8
   9    4    8   0.780845   -67.227471   -20.632574      70.3224  161.14315    0.69389    8
   6    1   20   0.780569   -10.203307    -3.223642      10.7004  161.38868    0.01629    8
  13    1    4   0.780447    17.562288     0.884891      17.5846  161.49866    0.04426    8
  11    0   13   0.779961    11.259037     3.289273      11.7297  161.94169    0.01010    4
   6    4   14   0.779325    96.676681    26.393176      100.215  162.54060    1.52661    8
   5    3   18   0.779133   -14.787016    -3.032925      15.0948  162.72483    0.03502    8
  12    2    7   0.779004    16.944080     5.696491       17.876  162.85066    0.04948    8
   6    2   19   0.778967   -54.333941   -14.950920      56.3534  162.88624    0.49284    8
   2    4   17   0.778897   -25.661225    -5.571455      26.2591  162.95486    0.10746    8
   7    5    6   0.778619    55.768132    14.057001      57.5125  163.23089    0.52424    8
   7    2   18   0.778556    -5.032990    -3.141524      5.93297  163.29362    0.00560    8
   3    6    1   0.778412    -3.096938    -4.988659      5.87177  163.43812    0.00554    8
   7    3   16   0.778144   -45.198641   -14.246893      47.3908  163.71225    0.36683    8
   2    6    4   0.777996    62.731925    18.656038      65.4472  163.86530    0.70646    8
   1    6    5   0.777746    80.461247    23.403450      83.7958  164.12698    1.17780    8
   4    4   16   0.777656   -54.766837   -13.209803      56.3374  164.22238    0.53570    8
   3    2   21   0.777464     4.791909     2.901437      5.60185  164.42773    0.00537    8
  11    3    7   0.777422   -60.644720   -13.887465      62.2145  164.47326    0.66417    8
   8    1   18   0.776919   148.271860    41.348493      153.929  165.02780    4.22067    8
   9    0   17   0.776626   -26.554327    -3.958894      26.8478  165.35944    0.06569    4
   2    5   13   0.776368    30.112764     6.496913      30.8057  165.65888    0.17668    8
   3    6    2   0.776179   -43.692165   -14.188659      45.9383  165.88289    0.39929    8
   3    1   22   0.776076   -63.514283   -15.187476      65.3049  166.00687    0.81425    8
  13    0    6   0.775750   -13.822360    -2.415501      14.0318  166.40458    0.01936    4
  10    4    4   0.775704     1.970463     0.350463      2.00139  166.46196    0.00079    8
   8    4   11   0.774953    52.141138    10.872349      53.2626  167.43187    0.60446    8
  11    2   11   0.774866    30.777969     9.412237       32.185  167.54878    0.22283    8
   1    3   20   0.774175     0.375246     2.094873      2.12822  168.52512    0.00106    8
   9    3   13   0.774119    39.052320    12.455122      40.9904  168.60678    0.39561    8
  13    1    5   0.773752   -57.000700   -15.851172      59.1637  169.16623    0.86740    8
   5    1   21   0.773704     6.680545     0.036129      6.68064  169.24083    0.01114    8
   5    2   20   0.773608   -93.656327   -23.635175      96.5926  169.39302    2.36219    8
  10    1   15   0.773240    41.657972    11.275066      43.1569  169.99800    0.50046    8
   8    5    0   0.773194   164.003503    45.294547      170.143  170.07685    3.92058    4
   6    5    9   0.773103   -32.050314    -8.253872      33.0961  170.23281    0.30149    8
   3    6    3   0.772499    16.322213     3.149063      16.6232  171.34431    0.08593    8
   8    5    1   0.772462   -13.975947    -3.400832      14.3838  171.41751    0.06489    8
   8    2   17   0.772401    34.238629     9.179581      35.4478  171.53943    0.39986    8
   0    6    6   0.771767    -6.865039    -6.175051      9.23363  172.92608    0.01625    4
  12    1   10   0.771712     9.293341     1.514970      9.41601  173.05835    0.03444    8
   7    4   13   0.771528    -1.419318    -1.452194       2.0306  173.52473    0.00172    8
   2    6    5   0.771363    29.925833     4.434569      30.2526  173.97242    0.40971    8
   4    0   22   0.771297   -20.870120    -8.265601      22.4473  174.16147    0.11645    4
   4    3   19   0.771012    38.802773     8.273587       39.675  175.06291    0.86097    8
   8    5    2   0.770279    46.672656    10.401626      47.8177   -1.#IND0   -1.#IND0    8
   1    0   23   0.770083  -105.167300   -29.865526      109.326   -1.#IND0   -1.#IND0    4
  11    1   13   0.769849   -18.393458    -4.099720      18.8448   -1.#IND0   -1.#IND0    8
   1    6    6   0.769670    63.080294    15.960739      65.0682   -1.#IND0   -1.#IND0    8
   4    5   12   0.769300   -90.527227   -27.959060      94.7464   -1.#IND0   -1.#IND0    8
  10    4    5   0.769129     4.630646    -1.656908      4.91815   -1.#IND0   -1.#IND0    8
  10    3   11   0.769109   -94.534860   -25.358707       97.877   -1.#IND0   -1.#IND0    8
   8    3   15   0.769097    26.569170     8.653933       27.943   -1.#IND0   -1.#IND0    8
   7    5    7   0.769070   -73.955027   -19.454172       76.471   -1.#IND0   -1.#IND0    8
   9    4    9   0.768323    66.492393    16.110804      68.4163   -1.#IND0   -1.#IND0    8
   3    4   17   0.768300   -19.008086    -1.411384      19.0604   -1.#IND0   -1.#IND0    8
  12    2    8   0.768001    52.721277    12.740204      54.2388   -1.#IND0   -1.#IND0    8
   2    3   20   0.767879   -50.187950   -15.567285      52.5468   -1.#IND0   -1.#IND0    8
   3    6    4   0.767434    42.926931    13.237858      44.9217   -1.#IND0   -1.#IND0    8
   5    5   11   0.767146    60.269428    16.623081      62.5198   -1.#IND0   -1.#IND0    8
   8    5    3   0.766682     4.536900     2.085302      4.99319   -1.#IND0   -1.#IND0    8
   9    1   17   0.766642    46.493003    11.628843      47.9252   -1.#IND0   -1.#IND0    8
  11    3    8   0.766485   -11.564759    -3.931882      12.2149   -1.#IND0   -1.#IND0    8
  12    0   11   0.766455    12.956096     5.684183      14.1482   -1.#IND0   -1.#IND0    4
  13    0    7   0.766305  -106.491579   -28.809952       110.32   -1.#IND0   -1.#IND0    4
   3    5   13   0.765872   -13.590730    -4.110521      14.1987   -1.#IND0   -1.#IND0    8
  13    1    6   0.765799    30.802114     6.885026      31.5622   -1.#IND0   -1.#IND0    8
   0    2   22   0.765099    62.366593    15.496331       64.263   -1.#IND0   -1.#IND0    4
  12    3    0   0.764753    27.260344     6.370643      27.9948   -1.#IND0   -1.#IND0    4
  10    2   14   0.764500    21.622508     4.529614      22.0919   -1.#IND0   -1.#IND0    8
   4    6    0   0.764429    43.082245    10.708534      44.3932   -1.#IND0   -1.#IND0    4
  12    3    1   0.764045    11.479702     5.611572      12.7778   -1.#IND0   -1.#IND0    8
   2    0   23   0.763886   -43.405555   -10.710615      44.7075   -1.#IND0   -1.#IND0    4
   4    6    1   0.763722    15.086497     6.550391      16.4472   -1.#IND0   -1.#IND0    8
   2    6    6   0.763483    -9.717295    -2.149690      9.95224   -1.#IND0   -1.#IND0    8
   7    0   20   0.763194   -24.027444    -4.390695      24.4253   -1.#IND0   -1.#IND0    4
   1    5   14   0.763115    10.522228     5.453548      11.8515   -1.#IND0   -1.#IND0    8
   1    2   22   0.763056    19.584112     3.488879      19.8925   -1.#IND0   -1.#IND0    8
   4    2   21   0.762826   -74.499065   -19.406966      76.9853   -1.#IND0   -1.#IND0    8
   0    1   23   0.762367    53.578273    14.432135       55.488   -1.#IND0   -1.#IND0    4
  12    3    2   0.761933     8.071953     1.105422      8.14729   -1.#IND0   -1.#IND0    8
   0    4   18   0.761907   148.260165    41.984324       154.09   -1.#IND0   -1.#IND0    4
   8    5    4   0.761730     2.875315     0.455910      2.91124   -1.#IND0   -1.#IND0    8
   4    6    2   0.761612    42.171144    10.416068      43.4385   -1.#IND0   -1.#IND0    8
   4    1   22   0.761515   -35.949369   -13.026851      38.2368   -1.#IND0   -1.#IND0    8
  13    2    1   0.761471     8.371749     5.986405      10.2919   -1.#IND0   -1.#IND0    8
  10    4    6   0.761316    25.312281     5.818872      25.9725   -1.#IND0   -1.#IND0    8
   3    6    5   0.761066   -53.795196   -14.555785      55.7297   -1.#IND0   -1.#IND0    8
   9    2   16   0.760900    -8.637439    -3.808012      9.43961   -1.#IND0   -1.#IND0    8
  10    0   16   0.760872  -100.083712   -26.643864       103.57   -1.#IND0   -1.#IND0    4
   6    0   21   0.760775    33.579031     9.096594      34.7894   -1.#IND0   -1.#IND0    4
   1    6    7   0.760443    37.318948     9.375413      38.4786   -1.#IND0   -1.#IND0    8
  11    0   14   0.760414   -67.048716   -17.369530       69.262   -1.#IND0   -1.#IND0    4
   1    1   23   0.760346   -34.385104    -6.327083      34.9624   -1.#IND0   -1.#IND0    8
   8    0   19   0.760164    -5.022572     3.284698      6.00129   -1.#IND0   -1.#IND0    4
   1    4   18   0.759890     6.777348     4.781924      8.29453   -1.#IND0   -1.#IND0    8
   6    5   10   0.759551     3.590214     0.424519      3.61523   -1.#IND0   -1.#IND0    8
  13    2    2   0.759380   -20.673842    -7.995649      22.1661   -1.#IND0   -1.#IND0    8
   5    4   16   0.758972   -42.085580   -12.970128      44.0388   -1.#IND0   -1.#IND0    8
   8    4   12   0.758523     2.291575     0.023084      2.29169   -1.#IND0   -1.#IND0    8
   7    5    8   0.758477   -37.178579   -11.801349      39.0066   -1.#IND0   -1.#IND0    8
  12    3    3   0.758451   -86.139106   -22.718624      89.0847   -1.#IND0   -1.#IND0    8
  11    2   12   0.758441    29.953956     5.064994      30.3792   -1.#IND0   -1.#IND0    8
   6    4   15   0.758437    -9.873650    -2.715697      10.2403   -1.#IND0   -1.#IND0    8
   4    6    3   0.758135   -78.610654   -20.659430      81.2801   -1.#IND0   -1.#IND0    8
   3    3   20   0.757719    54.983298    12.098202      56.2986   -1.#IND0   -1.#IND0    8
   2    5   14   0.757083    57.392030    15.314219      59.4001   -1.#IND0   -1.#IND0    8
   2    2   22   0.757026    17.534109     6.448623      18.6823   -1.#IND0   -1.#IND0    8
  12    1   11   0.756854   -14.244643    -0.445950      14.2516   -1.#IND0   -1.#IND0    8
  13    1    7   0.756709   -14.687434    -2.506571      14.8998   -1.#IND0   -1.#IND0    8
   6    3   18   0.756352    -2.293371    -1.339729      2.65602   -1.#IND0   -1.#IND0    8
  12    2    9   0.756078    17.729227     4.489731      18.2889   -1.#IND0   -1.#IND0    8
  13    2    3   0.755933   -17.470116    -4.754391      18.1055   -1.#IND0   -1.#IND0    8
  13    0    8   0.755824   -14.675535    -3.818322      15.1641   -1.#IND0   -1.#IND0    4
   8    5    5   0.755502   -30.505793    -8.743286       31.734   -1.#IND0   -1.#IND0    8
   9    4   10   0.755016    81.003561    24.257233      84.5576   -1.#IND0   -1.#IND0    8
   9    3   14   0.754997   -40.009491    -9.144385      41.0412   -1.#IND0   -1.#IND0    8
  11    3    9   0.754631  -141.385017   -39.292979      146.744   -1.#IND0   -1.#IND0    8
   7    3   17   0.754609   -20.251414    -2.770860      20.4401   -1.#IND0   -1.#IND0    8
   2    6    7   0.754474    54.323432    15.696036      56.5456   -1.#IND0   -1.#IND0    8
   2    1   23   0.754379    31.787112    10.754805      33.5572   -1.#IND0   -1.#IND0    8
   4    4   17   0.754164    44.229385    12.803284      46.0452   -1.#IND0   -1.#IND0    8
   2    4   18   0.753934    -5.132620     0.372988      5.14615   -1.#IND0   -1.#IND0    8
   3    0   23   0.753881    82.527488    20.920322      85.1378   -1.#IND0   -1.#IND0    4
   7    1   20   0.753713    52.337592    12.213699      53.7438   -1.#IND0   -1.#IND0    8
  12    3    4   0.753656    36.320329    10.980463      37.9439   -1.#IND0   -1.#IND0    8
   3    6    6   0.753494    -0.362117    -0.610585     0.709889   -1.#IND0   -1.#IND0    8
   4    6    4   0.753346    25.895428     7.583655      26.9831   -1.#IND0   -1.#IND0    8
   5    0   22   0.753057    23.078394     3.335035      23.3181   -1.#IND0   -1.#IND0    4
  10    3   12   0.753040    18.610059     5.095787      19.2951   -1.#IND0   -1.#IND0    8
   5    3   19   0.752792   -17.324268    -6.992140      18.6821   -1.#IND0   -1.#IND0    8
   7    4   14   0.752593    12.093585     1.076063      12.1414   -1.#IND0   -1.#IND0    8
  10    4    7   0.752383     9.956689     2.704823      10.3175   -1.#IND0   -1.#IND0    8
   7    2   19   0.752271   -24.609863    -6.273051      25.3968   -1.#IND0   -1.#IND0    8
   0    6    8   0.752139    27.806657     4.878024      28.2313   -1.#IND0   -1.#IND0    4
   9    0   18   0.751874   -46.890827   -13.437551      48.7782   -1.#IND0   -1.#IND0    4
   4    5   13   0.751868    37.075501     9.250249       38.212   -1.#IND0   -1.#IND0    8
  10    1   16   0.751476   -36.130764    -8.543290      37.1271   -1.#IND0   -1.#IND0    8
   6    1   21   0.751382    44.200422     8.764555       45.061   -1.#IND0   -1.#IND0    8
   6    2   20   0.751294   -54.987849   -17.220296      57.6212   -1.#IND0   -1.#IND0    8
   5    5   12   0.751198   -31.270252    -8.405720      32.3803   -1.#IND0   -1.#IND0    8
  13    2    4   0.751185    46.328757    12.552586      47.9992   -1.#IND0   -1.#IND0    8
  11    1   14   0.751034    -5.154560    -0.572962      5.18631   -1.#IND0   -1.#IND0    8
   8    1   19   0.750794    -7.312553    -1.085228      7.39264   -1.#IND0   -1.#IND0    8
  12    0   12   0.750549    90.223508    28.433046      94.5977   -1.#IND0   -1.#IND0    4
   1    6    8   0.750198   -31.900439   -10.132739       33.471   -1.#IND0   -1.#IND0    8
   8    5    6   0.748093     0.961356     3.896197      4.01305   -1.#IND0   -1.#IND0    8
   8    2   18   0.748037    42.794420    12.578917      44.6048   -1.#IND0   -1.#IND0    8
   8    3   16   0.747672   -79.282592   -19.913511      81.7452   -1.#IND0   -1.#IND0    8
  12    3    5   0.747622   -44.430415   -11.021985      45.7771   -1.#IND0   -1.#IND0    8
   0    3   21   0.747579   -64.104396   -15.863797      66.0381   -1.#IND0   -1.#IND0    4
   3    5   14   0.747340    56.873205    14.145476      58.6059   -1.#IND0   -1.#IND0    8
   4    6    5   0.747319   -42.515130   -10.606403      43.8182   -1.#IND0   -1.#IND0    8
   3    2   22   0.747285    55.160845    17.505521      57.8719   -1.#IND0   -1.#IND0    8
   7    5    9   0.746985    -5.848122     1.413737      6.01658   -1.#IND0   -1.#IND0    8
  13    1    8   0.746612   -19.839503    -5.446740      20.5736   -1.#IND0   -1.#IND0    8
  14    0    0   0.746429   -17.233847    -4.974421      17.9374   -1.#IND0   -1.#IND0    2
   5    6    1   0.746002   -19.294690    -5.076112      19.9512   -1.#IND0   -1.#IND0    8
  14    0    1   0.745770   -54.729770   -15.932444      57.0017   -1.#IND0   -1.#IND0    4
   1    3   21   0.745674    86.013170    25.427799       89.693   -1.#IND0   -1.#IND0    8
   6    5   11   0.745371   -66.191391   -17.191163      68.3874   -1.#IND0   -1.#IND0    8
   0    5   15   0.745361    45.483108    16.033305      48.2263   -1.#IND0   -1.#IND0    4
  13    2    5   0.745210     4.381500     0.538470      4.41446   -1.#IND0   -1.#IND0    8
   5    2   21   0.745167    18.830986     6.254529      19.8425   -1.#IND0   -1.#IND0    8
   3    6    7   0.744830   -68.302786   -17.034701       70.395   -1.#IND0   -1.#IND0    8
  10    2   15   0.744752    45.320511    12.854272      47.1082   -1.#IND0   -1.#IND0    8
   3    1   23   0.744739   -14.164643    -2.796737      14.4381   -1.#IND0   -1.#IND0    8
   2    6    8   0.744465   -27.212878    -6.171396      27.9039   -1.#IND0   -1.#IND0    8
  13    0    9   0.744451   -53.716982   -12.593024      55.1733   -1.#IND0   -1.#IND0    4
   3    4   18   0.744310    -3.173705    -0.063630      3.17434   -1.#IND0   -1.#IND0    8
   4    3   20   0.744149    11.267267     2.337672      11.5072   -1.#IND0   -1.#IND0    8
   5    6    2   0.744036   -67.661333   -18.286520      70.0889   -1.#IND0   -1.#IND0    8
  11    4    1   0.743981   -30.328548    -9.939928      31.9159   -1.#IND0   -1.#IND0    8
   5    1   22   0.743944    68.046218    20.466182      71.0574   -1.#IND0   -1.#IND0    8
  14    0    2   0.743806   -25.063637    -7.883255      26.2742   -1.#IND0   -1.#IND0    4
   1    5   15   0.743472    13.114422     0.293989      13.1177   -1.#IND0   -1.#IND0    8
  12    2   10   0.743387    43.502335    10.932106      44.8549   -1.#IND0   -1.#IND0    8
   9    1   18   0.742803   -16.537595    -2.519121      16.7284   -1.#IND0   -1.#IND0    8
  10    4    8   0.742456    -6.912267    -5.570208      8.87731   -1.#IND0   -1.#IND0    8
  11    4    2   0.742030    39.181148     8.928696      40.1856   -1.#IND0   -1.#IND0    8
  11    3   10   0.742012    16.387770     5.727080      17.3597   -1.#IND0   -1.#IND0    8
   8    4   13   0.741798    88.572471    24.188008      91.8158   -1.#IND0   -1.#IND0    8
  11    2   13   0.741722    -9.356870    -2.837670       9.7777   -1.#IND0   -1.#IND0    8
  12    1   12   0.741525   -13.280652    -3.949725      13.8555   -1.#IND0   -1.#IND0    8
   9    4   11   0.741085    54.836748    15.093340       56.876   -1.#IND0   -1.#IND0    8
  11    0   15   0.740973    15.430371     5.311726       16.319   -1.#IND0   -1.#IND0    4
   5    6    3   0.740792    20.647639     7.692770      22.0341   -1.#IND0   -1.#IND0    8
  14    0    3   0.740565   -15.548087    -1.325909      15.6045   -1.#IND0   -1.#IND0    4
   4    0   23   0.740513    39.880715    10.960051      41.3593   -1.#IND0   -1.#IND0    4
  12    3    6   0.740441    -1.157926     0.990249      1.52361   -1.#IND0   -1.#IND0    8
   4    6    6   0.740146    15.779743     7.122117      17.3126   -1.#IND0   -1.#IND0    8
   2    3   21   0.740043    41.520988    10.644793      42.8638   -1.#IND0   -1.#IND0    8
   0    0   24   0.740008    16.213329    10.180334      19.1445   -1.#IND0   -1.#IND0    2
   8    5    7   0.739612    -0.460641     0.686161     0.826443   -1.#IND0   -1.#IND0    8
   1    6    9   0.739073     2.088834    -2.237286      3.06083   -1.#IND0   -1.#IND0    8
   9    5    1   0.738905    13.954905     2.572681      14.1901   -1.#IND0   -1.#IND0    8
   9    2   17   0.738852    23.379369     3.620503       23.658   -1.#IND0   -1.#IND0    8
  10    0   17   0.738827   -10.775688    -4.328215      11.6124   -1.#IND0   -1.#IND0    4
  11    4    3   0.738813    29.770633     9.746490      31.3255   -1.#IND0   -1.#IND0    8
   1    0   24   0.738160   -16.791277    -4.509084      17.3862   -1.#IND0   -1.#IND0    4
  13    2    6   0.738097    12.307541     2.252073      12.5119   -1.#IND0   -1.#IND0    8
   2    5   15   0.737891    17.637964     4.785895      18.2757   -1.#IND0   -1.#IND0    8
   6    4   16   0.737867    83.901558    21.814834      86.6912   -1.#IND0   -1.#IND0    8
  14    1    0   0.737551    90.539611    23.328037      93.4966   -1.#IND0   -1.#IND0    4
   5    4   17   0.737086    62.509028    18.602875      65.2184   -1.#IND0   -1.#IND0    8
   9    5    2   0.736994   -28.909170    -6.292532      29.5861   -1.#IND0   -1.#IND0    8
  14    1    1   0.736916    22.330452     6.453374      23.2442   -1.#IND0   -1.#IND0    8
  10    3   13   0.736667    -0.205685     3.316060      3.32243   -1.#IND0   -1.#IND0    8
   5    6    4   0.736322   -43.909246    -9.284134        44.88   -1.#IND0   -1.#IND0    8
  14    0    4   0.736099    25.811183     7.851676       26.979   -1.#IND0   -1.#IND0    4
   9    3   15   0.735959   -18.744673    -5.283875      19.4752   -1.#IND0   -1.#IND0    8
   7    0   21   0.735847   -83.312787   -25.148230      87.0256   -1.#IND0   -1.#IND0    4
  13    1    9   0.735643   -55.602554   -15.739445      57.7873   -1.#IND0   -1.#IND0    8
   1    4   19   0.735393     2.898147    -0.077937      2.89919   -1.#IND0   -1.#IND0    8
   3    6    8   0.735195     2.507018     0.071651      2.50804   -1.#IND0   -1.#IND0    8
  14    1    2   0.735020    52.290424    13.926196      54.1131   -1.#IND0   -1.#IND0    8
   5    5   13   0.734942   -11.115596    -1.968152      11.2885   -1.#IND0   -1.#IND0    8
   7    5   10   0.734739     5.801013     4.570616      7.38527   -1.#IND0   -1.#IND0    8
   8    0   20   0.734382    -5.803873    -1.054099      5.89882   -1.#IND0   -1.#IND0    4
  11    4    4   0.734378    83.319259    22.231301      86.2342   -1.#IND0   -1.#IND0    8
  12    0   13   0.734335   -41.654763   -11.320584      43.1657   -1.#IND0   -1.#IND0    4
   4    5   14   0.734311   -25.071286    -4.960915      25.5574   -1.#IND0   -1.#IND0    8
   4    2   22   0.734259    17.466206     7.261325      18.9155   -1.#IND0   -1.#IND0    8
   9    5    3   0.733842    24.731512     8.043988      26.0068   -1.#IND0   -1.#IND0    8
   7    4   15   0.733731     4.345248    -2.085144      4.81965   -1.#IND0   -1.#IND0    8
   2    6    9   0.733589   -14.993870    -3.510079      15.3992   -1.#IND0   -1.#IND0    8
   1    2   23   0.733211    90.795917    26.695587      94.6391   -1.#IND0   -1.#IND0    8
   2    0   24   0.732696     3.348377    -0.378803      3.36974   -1.#IND0   -1.#IND0    4
   6    0   22   0.732428   -29.648818    -6.583845       30.371   -1.#IND0   -1.#IND0    4
  13    0   10   0.732327    35.774963     9.391817      36.9872   -1.#IND0   -1.#IND0    4
  11    1   15   0.732287    -4.606405     2.435119      5.21045   -1.#IND0   -1.#IND0    8
  12    3    7   0.732214    23.338653     9.404850      25.1624   -1.#IND0   -1.#IND0    8
   6    3   19   0.732184   -67.315663   -18.176522      69.7265   -1.#IND0   -1.#IND0    8
   4    6    7   0.731930    20.064196     8.225449      21.6848   -1.#IND0   -1.#IND0    8
  14    1    3   0.731893    18.487478     5.582711       19.312   -1.#IND0   -1.#IND0    8
   4    1   23   0.731843    -7.155146    -1.348790      7.28116   -1.#IND0   -1.#IND0    8
   7    3   18   0.731842     5.860219     4.231351      7.22817   -1.#IND0   -1.#IND0    8
  10    4    9   0.731667    -3.348481    -0.506007       3.3865   -1.#IND0   -1.#IND0    8
   4    4   18   0.731436   -27.334125    -7.023517      28.2221   -1.#IND0   -1.#IND0    8
   3    3   21   0.730935    24.860995     8.258814      26.1969   -1.#IND0   -1.#IND0    8
   6    5   12   0.730717     0.585688     0.302092     0.659007   -1.#IND0   -1.#IND0    8
   5    6    5   0.730692    37.298795    10.564859      38.7662   -1.#IND0   -1.#IND0    8
  14    0    5   0.730474   -42.827716    -9.292758      43.8243   -1.#IND0   -1.#IND0    4
  10    1   17   0.730215   -33.289720    -8.792957      34.4314   -1.#IND0   -1.#IND0    8
   8    5    8   0.730176   -17.095052    -2.076217      17.2207   -1.#IND0   -1.#IND0    8
  12    2   11   0.730078   -10.319667    -4.846821      11.4012   -1.#IND0   -1.#IND0    8
   2    4   19   0.729990   -57.272116   -15.191226      59.2526   -1.#IND0   -1.#IND0    8
  13    2    7   0.729948    92.323335    25.845205      95.8727   -1.#IND0   -1.#IND0    8
   1    1   24   0.729571    40.865170    13.021471      42.8896   -1.#IND0   -1.#IND0    8
   9    5    4   0.729496   -37.942770    -8.227379      38.8245   -1.#IND0   -1.#IND0    8
   0    6   10   0.728973   -15.991886    -7.595495       17.704   -1.#IND0   -1.#IND0    4
   3    5   15   0.728861   -27.756596    -9.953290      29.4872   -1.#IND0   -1.#IND0    8
  11    4    5   0.728792   -11.668472    -4.065861      12.3566   -1.#IND0   -1.#IND0    8
  11    3   11   0.728775   -22.996805    -5.296794      23.5989   -1.#IND0   -1.#IND0    8
   9    0   19   0.728120   -10.997554    -1.661331      11.1223   -1.#IND0   -1.#IND0    4
   2    2   23   0.727856    37.679949     9.614256      38.8872   -1.#IND0   -1.#IND0    8
   5    3   20   0.727728    44.313718    15.417004       46.919   -1.#IND0   -1.#IND0    8
  14    1    4   0.727581    38.629271    12.207577      40.5123   -1.#IND0   -1.#IND0    8
   7    1   21   0.727337   -60.208123   -17.472822      62.6922   -1.#IND0   -1.#IND0    8
   7    2   20   0.727258    21.297409     4.051558      21.6794   -1.#IND0   -1.#IND0    8
   1    6   10   0.727206    -8.038148     0.273436       8.0428   -1.#IND0   -1.#IND0    8
   8    3   17   0.726723     1.666026     0.734689      1.82083   -1.#IND0   -1.#IND0    8
   9    4   12   0.726677    19.660699     4.456176      20.1594   -1.#IND0   -1.#IND0    8
   6    6    0   0.726539   -68.711818   -16.623500      70.6941   -1.#IND0   -1.#IND0    4
   6    6    1   0.725932   -41.166419   -12.432444      43.0028   -1.#IND0   -1.#IND0    8
   8    1   20   0.725922    -4.810321    -2.430443      5.38946   -1.#IND0   -1.#IND0    8
  12    1   13   0.725877   -33.088818    -8.005302      34.0434   -1.#IND0   -1.#IND0    8
  10    2   16   0.725248    86.873526    23.919050      90.1062   -1.#IND0   -1.#IND0    8
   6    2   21   0.725163   -28.870729    -8.083102      29.9809   -1.#IND0   -1.#IND0    8
   8    4   14   0.724921   -23.930846    -6.707962      24.8532   -1.#IND0   -1.#IND0    8
  11    2   14   0.724850    58.309240    15.617739      60.3646   -1.#IND0   -1.#IND0    8
   3    6    9   0.724715  -110.975312   -30.784168      115.166   -1.#IND0   -1.#IND0    8
   8    2   19   0.724634     5.527442    -2.630722      6.12155   -1.#IND0   -1.#IND0    8
   5    0   23   0.724327   -37.917065    -9.879486       39.183   -1.#IND0   -1.#IND0    4
   2    1   24   0.724295   -61.915222   -16.165508      63.9908   -1.#IND0   -1.#IND0    8
   6    6    2   0.724120   -71.800223   -20.159723      74.5767   -1.#IND0   -1.#IND0    8
   1    5   16   0.724065    -6.317703    -2.722503      6.87935   -1.#IND0   -1.#IND0    8
   6    1   22   0.724036   -12.134247    -4.552801      12.9602   -1.#IND0   -1.#IND0    8
   9    5    5   0.724020   -69.953013   -21.718949      73.2471   -1.#IND0   -1.#IND0    8
   5    6    6   0.723983   -15.369504    -2.228502      15.5302   -1.#IND0   -1.#IND0    8
  13    1   10   0.723938   -10.714712    -1.814395      10.8672   -1.#IND0   -1.#IND0    8
   3    0   24   0.723854     9.209288     3.370871      9.80682   -1.#IND0   -1.#IND0    4
  14    0    6   0.723771     9.682455     3.535422      10.3077   -1.#IND0   -1.#IND0    4
  12    3    8   0.723055   -39.018798   -10.519413      40.4119   -1.#IND0   -1.#IND0    8
   4    6    8   0.722781   -37.014338    -9.402997        38.19   -1.#IND0   -1.#IND0    8
  14    1    5   0.722148    -2.469241    -0.548759      2.52948   -1.#IND0   -1.#IND0    8
  11    4    6   0.722135   -12.232584    -6.451699      13.8297   -1.#IND0   -1.#IND0    8
   2    6   10   0.721981    -0.940184     1.070306      1.42461   -1.#IND0   -1.#IND0    8
   7    5   11   0.721881   -53.884470   -15.946840      56.1946   -1.#IND0   -1.#IND0    8
  11    0   16   0.721756   -30.792423    -9.026430      32.0882   -1.#IND0   -1.#IND0    4
   3    4   19   0.721244    33.754223    12.251494      35.9089   -1.#IND0   -1.#IND0    8
   6    6    3   0.721129   -12.574481    -3.077835      12.9457   -1.#IND0   -1.#IND0    8
  13    2    8   0.720872    12.418968     3.329878      12.8576   -1.#IND0   -1.#IND0    8
  10    4   10   0.720148    14.556321     2.359150      14.7463   -1.#IND0   -1.#IND0    8
  10    3   14   0.720131    74.926091    22.549117      78.2457   -1.#IND0   -1.#IND0    8
   8    5    9   0.719906     6.072506     1.644336       6.2912   -1.#IND0   -1.#IND0    8
   9    1   19   0.719872   -14.235457    -4.788896      15.0194   -1.#IND0   -1.#IND0    8
  13    0   11   0.719593   -55.466891   -16.638095      57.9086   -1.#IND0   -1.#IND0    4
   3    2   23   0.719186   -72.255283   -18.949438      74.6988   -1.#IND0   -1.#IND0    8
   1    3   22   0.718924    -8.228555    -0.093640      8.22909   -1.#IND0   -1.#IND0    8
   2    5   16   0.718906    88.031197    23.993668      91.2425   -1.#IND0   -1.#IND0    8
   4    3   21   0.718732    49.985837    13.524498      51.7832   -1.#IND0   -1.#IND0    8
   5    5   14   0.718519   -17.471130    -4.979113      18.1668   -1.#IND0   -1.#IND0    8
   5    2   22   0.718470   -20.601992    -3.141979      20.8402   -1.#IND0   -1.#IND0    8
  12    0   14   0.717952    31.583942     7.112731      32.3749   -1.#IND0   -1.#IND0    4
   6    4   17   0.717709   -23.030134    -7.672607      24.2746   -1.#IND0   -1.#IND0    8
  13    3    1   0.717598   -15.956401    -3.581098      16.3533   -1.#IND0   -1.#IND0    8
   9    5    6   0.717491   -43.052259   -10.951897      44.4234   -1.#IND0   -1.#IND0    8
   9    2   18   0.717442    40.469630    11.986870      42.2075   -1.#IND0   -1.#IND0    8
  10    0   18   0.717419   -33.931676    -8.058578      34.8755   -1.#IND0   -1.#IND0    4
   9    3   16   0.717119     2.541029     1.109932      2.77287   -1.#IND0   -1.#IND0    8
   6    6    4   0.717004   -32.884050   -10.593074      34.5481   -1.#IND0   -1.#IND0    8
   4    5   15   0.716759    32.612555     9.033985      33.8407   -1.#IND0   -1.#IND0    8
  12    2   12   0.716291   -77.560537   -25.306673      81.5847   -1.#IND0   -1.#IND0    8
   5    6    7   0.716288    -7.752239    -3.764534      8.61794   -1.#IND0   -1.#IND0    8
   5    1   23   0.716206    60.509977    15.921650      62.5696   -1.#IND0   -1.#IND0    8
  14    0    7   0.716082   -48.418785   -14.469672      50.5346   -1.#IND0   -1.#IND0    4
  13    3    2   0.715847   -75.042129   -21.957002      78.1884   -1.#IND0   -1.#IND0    8
   5    4   18   0.715825    42.520646    11.010578      43.9231   -1.#IND0   -1.#IND0    8
   3    1   24   0.715750    41.931905    13.426114      44.0289   -1.#IND0   -1.#IND0    8
   6    5   13   0.715729   -24.825355    -3.394426      25.0563   -1.#IND0   -1.#IND0    8
  14    1    6   0.715669   -29.864815    -7.715723      30.8454   -1.#IND0   -1.#IND0    8
  11    3   12   0.715060   -10.170570    -3.741424      10.8369   -1.#IND0   -1.#IND0    8
   7    4   16   0.715058   -11.896357    -3.505127       12.402   -1.#IND0   -1.#IND0    8
   1    6   11   0.714733    37.702566    11.571532      39.4384   -1.#IND0   -1.#IND0    8
  11    4    7   0.714498   -15.552372    -4.894039      16.3042   -1.#IND0   -1.#IND0    8
   2    3   22   0.713874    15.508582     2.526243       15.713   -1.#IND0   -1.#IND0    8
  11    1   16   0.713721   -54.022847   -17.422802      56.7629   -1.#IND0   -1.#IND0    8
   0    4   20   0.713633    -1.860726    -1.676987      2.50491   -1.#IND0   -1.#IND0    4
   3    6   10   0.713516    -1.157563     0.876589      1.45202   -1.#IND0   -1.#IND0    8
  12    3    9   0.713078    -7.497122    -3.586963      8.31102   -1.#IND0   -1.#IND0    8
  13    3    3   0.712957    19.737574     7.383886      21.0735   -1.#IND0   -1.#IND0    8
   4    6    9   0.712815    -8.086276    -3.723615      8.90242   -1.#IND0   -1.#IND0    8
  14    2    0   0.712707    14.849327     4.432992      15.4969   -1.#IND0   -1.#IND0    4
  14    2    1   0.712133    47.182851    14.190160      49.2705   -1.#IND0   -1.#IND0    8
   4    0   24   0.711996    15.926435     2.078978      16.0616   -1.#IND0   -1.#IND0    4
   1    4   20   0.711974   -52.110378   -12.820004      53.6642   -1.#IND0   -1.#IND0    8
   9    4   13   0.711931    14.200522     5.586924        15.26   -1.#IND0   -1.#IND0    8
   6    6    5   0.711802    -7.434088    -1.524985      7.58889   -1.#IND0   -1.#IND0    8
  13    1   11   0.711629   -11.914892    -2.488803      12.1721   -1.#IND0   -1.#IND0    8
  13    2    9   0.710984    47.344547    11.500245      48.7213   -1.#IND0   -1.#IND0    8
   3    5   16   0.710548    36.717530    11.372392      38.4384   -1.#IND0   -1.#IND0    8
  14    2    2   0.710422    21.521825     7.004022      22.6328   -1.#IND0   -1.#IND0    8
   7    0   22   0.710105     1.544906     3.141661      3.50097   -1.#IND0   -1.#IND0    4
  12    1   14   0.710041   -50.513489   -14.570968      52.5731   -1.#IND0   -1.#IND0    8
   9    5    7   0.709999     0.737645     1.131418      1.35064   -1.#IND0   -1.#IND0    8
   8    0   21   0.709920   -42.454830   -10.304795      43.6875   -1.#IND0   -1.#IND0    4
   7    3   19   0.709882   -26.568018    -7.072927      27.4934   -1.#IND0   -1.#IND0    8
   2    6   11   0.709770   -71.337943   -19.918633      74.0666   -1.#IND0   -1.#IND0    8
  10    1   18   0.709526    -2.548642     1.676410      3.05056   -1.#IND0   -1.#IND0    8
   4    4   19   0.709512    30.612138     6.188353      31.2314   -1.#IND0   -1.#IND0    8
   6    3   20   0.709061     7.525809     2.558378      7.94878   -1.#IND0   -1.#IND0    8
  13    3    4   0.708970   -14.916685    -1.180229      14.9633   -1.#IND0   -1.#IND0    8
   8    5   10   0.708925    10.854699     5.794312      12.3044   -1.#IND0   -1.#IND0    8
   1    0   25   0.708772   -11.021573    -1.328656      11.1014   -1.#IND0   -1.#IND0    4
   7    5   12   0.708545   -49.083430   -13.072440      50.7944   -1.#IND0   -1.#IND0    8
  14    1    7   0.708233   -40.665647   -13.050832      42.7085   -1.#IND0   -1.#IND0    8
  10    4   11   0.708028    -8.131205    -1.164334      8.21414   -1.#IND0   -1.#IND0    8
   8    4   15   0.708019   -32.181997   -11.964435      34.3341   -1.#IND0   -1.#IND0    8
  11    2   15   0.707953   -13.172388    -4.696777      13.9847   -1.#IND0   -1.#IND0    8
   5    6    8   0.707706     1.699759     0.286247      1.72369   -1.#IND0   -1.#IND0    8
  14    2    3   0.707597    14.429237     1.451560      14.5021   -1.#IND0   -1.#IND0    8
   4    2   23   0.707552   -34.694864    -9.845465      36.0648   -1.#IND0   -1.#IND0    8
  14    0    8   0.707508   -37.421743   -11.917598      39.2736   -1.#IND0   -1.#IND0    4
   0    2   24   0.707111   -12.957455    -8.827476      15.6786   -1.#IND0   -1.#IND0    4
   2    4   20   0.707068   -28.129949    -9.117078      29.5705   -1.#IND0   -1.#IND0    8
  10    5    0   0.706686    -7.814953     0.332005        7.822   -1.#IND0   -1.#IND0    4
   0    5   17   0.706598    25.856057     7.422059      26.9002   -1.#IND0   -1.#IND0    4
  13    0   12   0.706381    34.248628     9.268371      35.4806   -1.#IND0   -1.#IND0    4
   8    3   18   0.706322  -111.040792   -33.130699      115.878   -1.#IND0   -1.#IND0    8
  10    5    1   0.706127     3.626046     1.798296      4.04748   -1.#IND0   -1.#IND0    8
  10    2   17   0.706080     8.896394     3.745618      9.65274   -1.#IND0   -1.#IND0    8
  11    4    8   0.705979     3.379800     0.715460       3.4547   -1.#IND0   -1.#IND0    8
   6    0   23   0.705914   -38.100791   -12.240401      40.0187   -1.#IND0   -1.#IND0    4
   3    3   22   0.705688    47.943605    12.229866      49.4789   -1.#IND0   -1.#IND0    8
   6    6    6   0.705596    29.700757     7.839691       30.718   -1.#IND0   -1.#IND0    8
   1    2   24   0.705498    14.253256     3.940367      14.7879   -1.#IND0   -1.#IND0    8
   9    0   20   0.705368    22.181153     7.890283      23.5427   -1.#IND0   -1.#IND0    4
   1    5   17   0.704989    15.824845     2.369915      16.0013   -1.#IND0   -1.#IND0    8
  12    4    0   0.704626    45.663327    12.272060      47.2836   -1.#IND0   -1.#IND0    4
  10    5    2   0.704459   -43.991696   -12.806166      45.8178   -1.#IND0   -1.#IND0    8
   4    1   24   0.704279    25.353899     4.365728       25.727   -1.#IND0   -1.#IND0    8
   7    6    1   0.704180   -28.934760    -7.158645      29.8072   -1.#IND0   -1.#IND0    8
  12    4    1   0.704072    28.884967     8.497551       30.109   -1.#IND0   -1.#IND0    8
  13    3    5   0.703940    42.618022    12.683588      44.4654   -1.#IND0   -1.#IND0    8
   2    0   25   0.703931    -4.217529    -3.306159      5.35894   -1.#IND0   -1.#IND0    4
   5    3   21   0.703904    -6.649912    -0.514153      6.66976   -1.#IND0   -1.#IND0    8
  14    2    4   0.703698   -21.898858    -6.883850      22.9553   -1.#IND0   -1.#IND0    8
  10    3   15   0.703554   -31.005682    -8.958476      32.2739   -1.#IND0   -1.#IND0    8
   7    2   21   0.703478    71.929298    22.427444      75.3446   -1.#IND0   -1.#IND0    8
   0    6   12   0.703370    -9.110530    -3.885639      9.90454   -1.#IND0   -1.#IND0    4
  11    0   17   0.702857   -25.845983    -9.225499      27.4431   -1.#IND0   -1.#IND0    4
   0    1   25   0.702742    15.692894     5.242098      16.5453   -1.#IND0   -1.#IND0    4
   7    6    2   0.702525    14.277354     3.202309      14.6321   -1.#IND0   -1.#IND0    8
   7    1   22   0.702449    24.743657     6.702824      25.6355   -1.#IND0   -1.#IND0    8
  12    4    2   0.702418    54.541106    14.746400      56.4995   -1.#IND0   -1.#IND0    8
  12    3   10   0.702403    -7.273498    -1.285989      7.38631   -1.#IND0   -1.#IND0    8
   8    1   21   0.702269   -25.881593    -7.607822      26.9766   -1.#IND0   -1.#IND0    8
   8    2   20   0.702197     5.212467     0.996669       5.3069   -1.#IND0   -1.#IND0    8
  12    2   13   0.702156    36.162241    10.141044      37.5573   -1.#IND0   -1.#IND0    8
   4    6   10   0.702151   -22.596315    -5.649938       23.292   -1.#IND0   -1.#IND0    8
   5    5   15   0.702051   -33.426229    -7.836348      34.3325   -1.#IND0   -1.#IND0    8
   1    6   12   0.701782   -56.240092   -14.896234      58.1794   -1.#IND0   -1.#IND0    8
   3    6   11   0.701723   -35.139138    -9.666498      36.4445   -1.#IND0   -1.#IND0    8
  10    5    3   0.701704   -38.354325    -9.622651       39.543   -1.#IND0   -1.#IND0    8
   9    5    8   0.701639     5.803113     1.993087      6.13584   -1.#IND0   -1.#IND0    8
  12    0   15   0.701521   -17.500920    -5.068867      18.2202   -1.#IND0   -1.#IND0    4
   1    1   25   0.701158   -68.309216   -18.626434      70.8032   -1.#IND0   -1.#IND0    8
  11    3   13   0.700997    13.223703     3.079605      13.5776   -1.#IND0   -1.#IND0    8
   2    2   24   0.700724    -3.302848     0.229745      3.31083   -1.#IND0   -1.#IND0    8
   6    5   14   0.700535   -52.698995   -16.112520      55.1071   -1.#IND0   -1.#IND0    8
   6    2   22   0.700489    25.652473     5.853525      26.3118   -1.#IND0   -1.#IND0    8
  13    2   10   0.700401   -31.002186    -8.394143      32.1185   -1.#IND0   -1.#IND0    8
   2    5   17   0.700225    17.561882     6.321997      18.6651   -1.#IND0   -1.#IND0    8
