   h    k    l      d (Å)      F(real)      F(imag)          |F|         2θ          I    M
   1    0    1   6.729963    14.790030     2.009115      14.9259   13.14470    0.27432    4
   0    0    2   5.879500   214.841794     7.575522      214.975   15.05638   21.58516    2
   1    1    0   5.820122  -204.798948    -7.616779      204.941   15.21089   38.42549    4
   1    1    1   5.216168    28.041114     5.162722      28.5124   16.98440    1.18721    8
   1    1    2   4.136281  -328.393954   -56.161134      333.162   21.46562  100.00000    8
   0    2    0   4.127500   364.220385    56.622848      368.595   21.51183   30.46418    2
   2    0    0   4.103500   352.506732    57.371063      357.145   21.63915   28.25211    2
   0    2    1   3.894550    35.782863     9.128109      36.9288   22.81531    0.54105    4
   1    2    0   3.687425   110.207961     4.208333      110.288   24.11558    4.29749    4
   2    1    0   3.674545   108.854672     4.147722      108.934   24.20139    4.16146    4
   1    0    3   3.536974   117.159522     3.707918      117.218   25.15782    4.44169    4
   1    2    1   3.518486   -49.064546    -0.878573      49.0724   25.29220    1.53955    8
   2    1    1   3.507292    84.515993     6.208654      84.7437   25.37427    4.56006    8
   0    2    2   3.378178  -164.779076    -5.577867      164.873   26.36121    7.96272    4
   2    0    2   3.364982  -159.447036    -6.538171      159.581   26.46646    7.39714    4
   1    1    3   3.251118   -57.144294    -6.209146      57.4806   27.41116    1.78201    8
   1    2    2   3.123885   108.467436     5.250157      108.594   28.55079    5.83257    8
   2    1    2   3.116042   100.347976     4.900465      100.468   28.62418    4.96501    8
   0    0    4   2.939750   675.732987    70.849934      679.437   30.38085   49.97816    2
   2    2    0   2.910061   628.151305    67.249109      631.741   30.69839   84.50687    4
   0    2    3   2.842258   -95.904209   -11.357167      96.5743   31.44943    1.87477    4
   2    2    1   2.824844    61.907459     9.747809      62.6702   31.64837    1.55766    8
   1    2    3   2.685755   -53.506582    -3.599617      53.6275   33.33392    1.01945    8
   2    1    3   2.680766   -56.247987    -4.967848      56.4669   33.39778    1.12558    8
   3    0    1   2.664510   -65.138219     0.574659      65.1408   33.60756    0.73885    4
   1    1    4   2.624016  -187.869785   -10.304036      188.152   34.14197   11.91227    8
   1    3    0   2.608930  -255.208569   -15.935562      255.706   34.34551   10.85934    4
   2    2    2   2.608084   173.227746    10.703294      173.558   34.35700    9.99830    8
   3    1    0   2.596787  -211.033377   -11.757811      211.361   34.51114    7.34204    4
   1    3    1   2.546996    85.301912    13.760088      86.4046   35.20763    2.34923    8
   3    1    1   2.535693    46.860356     5.544124      47.1872   35.36973    0.69364    8
   0    2    4   2.394493   328.021852    52.736824      332.234   37.53092   15.09289    4
   2    0    4   2.389780   319.494314    53.368248      323.921   37.60771   14.28250    4
   1    3    2   2.384700  -305.582293   -50.142356      309.669   37.69085   25.97978    8
   3    1    2   2.375415  -346.677879   -54.156172      350.882   37.84375   33.05848    8
   2    2    3   2.336516    -4.217672    -6.578591      7.81451   38.49839    0.01579    8
   1    2    4   2.298654    69.068229     2.959710      69.1316   39.15816    1.18987    8
   2    1    4   2.295524    68.716448     2.938573      68.7793   39.21374    1.17408    8
   2    3    0   2.285404   -63.528390    -4.257069      63.6709   39.39455    0.49797    4
   3    2    0   2.280284   -76.974201    -4.943065      77.1328   39.48668    0.72701    4
   1    0    5   2.260806   102.673559     6.135592      102.857   39.84120    1.26738    4
   2    3    1   2.243426    47.638041     4.224954       47.825   40.16309    0.53828    8
   3    0    3   2.243321   -14.782580    -4.028721      15.3217   40.16505    0.02762    4
   3    2    1   2.238582   -24.892630     1.860437      24.9621   40.25375    0.14591    8
   1    1    5   2.180510    -6.228587     2.826755      6.84002   41.37422    0.01030    8
   1    3    3   2.171830   -56.553813   -11.780621      57.7678   41.54721    0.72819    8
   3    1    3   2.164810    29.991308    -1.581859       30.033   41.68820    0.19534    8
   2    3    2   2.130138   -50.002150    -1.386795      50.0214   42.39921    0.52174    8
   3    2    2   2.125990   -46.525227    -1.188107      46.5404   42.48593    0.44959    8
   2    2    4   2.068141   492.485157    59.822382      496.105   43.73463   47.86822    8
   0    4    0   2.063750   456.916535    54.981326      460.213   43.83249   10.24644    2
   4    0    0   2.051750   443.010864    57.966040      446.787   44.10226    9.52485    2
   0    2    5   2.043377   -24.938937     4.659691      25.3705   44.29253    0.06083    4
   0    4    1   2.032682    88.654585    15.546102      90.0073   44.53801    0.75617    4
   1    4    0   2.001441  -144.802052    -8.098594      145.028   45.27145    1.89219    4
   4    1    0   1.991169  -135.876770    -7.705970      136.095   45.51807    1.64594    4
   1    2    5   1.982842  -104.397248    -4.409081       104.49   45.72004    1.92117    8
   2    1    5   1.980832    69.476664     5.576142      69.7001   45.76907    0.85276    8
   2    3    3   1.974318   -78.799183    -5.793012      79.0118   45.92870    1.08724    8
   1    4    1   1.973066    -5.514482     0.475799      5.53497   45.95952    0.00533    8
   3    2    3   1.971014    77.424663     1.150008      77.4332   46.01010    1.04005    8
   4    1    1   1.963222    87.172953     8.448648      87.5814   46.20327    1.31798    8
   0    0    6   1.959833   130.228714     9.733827      130.592   46.28781    0.72956    2
   1    3    4   1.951316  -221.644209   -16.876104      222.286   46.50169    8.36715    8
   0    4    2   1.947275   130.111798    13.874023      130.849   46.60388    1.44248    4
   3    1    4   1.946220  -187.217674   -13.300145       187.69   46.63064    5.92803    8
   3    3    0   1.940041   -91.989043   -10.432431      92.5787   46.78799    0.71566    4
   4    0    2   1.937185   154.928484    11.636378      155.365   46.86109    2.00842    4
   3    3    1   1.914164    47.057178    10.545401      48.2243   47.45901    0.37603    8
   1    4    2   1.894673  -117.630942    -5.495776      117.759   47.97772    2.18761    8
   4    1    2   1.885952  -117.768982    -5.465973      117.896   48.21364    2.16839    8
   1    1    6   1.857358  -242.523312   -46.877215      247.012   49.00426    9.17329    8
   2    4    0   1.843712   291.419616    45.660394      294.975   49.39109    6.42485    4
   3    3    2   1.842336  -178.902452   -41.224379      183.591   49.43045    4.96863    8
   4    2    0   1.837273   273.519317    47.212285      277.564   49.57586    5.64065    4
   2    2    5   1.829142    79.096342     9.597673      79.6765   49.81119    0.91963    8
   0    4    3   1.826103     1.307210   -10.088713       10.173   49.89977    0.00747    4
   2    4    1   1.821459    41.337942    12.253125      43.1157   50.03571    0.26655    8
   4    2    1   1.815249    26.919458     6.671074      27.7337   50.21874    0.10937    8
   2    3    4   1.804306   -42.437081    -3.247724      42.5612   50.54465    0.25382    8
   3    2    4   1.801784   -52.473053    -3.808263      52.6111   50.62041    0.38652    8
   3    0    5   1.783381  -100.682939    -2.598951      100.716   51.18025    0.69074    4
   1    4    3   1.782511    40.308644     1.462211      40.3352   51.20705    0.22131    8
   4    1    3   1.775243   -98.896405    -8.950928      99.3006   51.43198    1.32798    8
   0    2    6   1.770395   -15.975829     3.943228      16.4553   51.58316    0.01811    4
   2    0    6   1.768487   -12.063808     3.304801      12.5083   51.64289    0.01044    4
   2    4    2   1.759243    35.009901     9.604508      36.3034   51.93442    0.17361    8
   4    2    2   1.753646    42.837625     7.619548        43.51   52.11262    0.24743    8
   1    3    5   1.746826    72.071513    11.501796      72.9835   52.33147    0.68958    8
   3    1    5   1.743167    86.112393     7.264939      86.4183   52.44968    0.96187    8
   3    3    3   1.738723   -81.812037   -11.884624      82.6708   52.59401    0.87476    8
   1    2    6   1.730587    44.874729     2.761545      44.9596   52.86038    0.25576    8
   2    1    6   1.729250    40.853667     2.548530      40.9331   52.90442    0.21160    8
   0    4    4   1.689089   376.451415    49.657412      379.712   54.26407    8.59320    4
   4    0    4   1.682491   363.966239    52.089876      367.675   54.49447    7.97971    4
   2    4    3   1.668363   -98.679341   -14.700248      99.7683   54.99476    1.15093    8
   4    2    3   1.663586   -43.995205    -7.251998      44.5889   55.16607    0.22827    8
   1    4    4   1.654413   -97.966950    -6.003379      98.1507   55.49824    1.09109    8
   4    1    4   1.648598   -91.422373    -5.691653      91.5994   55.71103    0.94207    8
   3    4    0   1.647525    64.563978     1.854242      64.5906   55.75047    0.23384    4
   1    0    7   1.645736   122.954222     5.953789      123.098   55.81636    0.84705    4
   4    3    0   1.644837    69.615037     2.078264      69.6461   55.84954    0.27078    4
   2    3    5   1.638995     6.004239     1.806296      6.27006   56.06612    0.00435    8
   3    2    5   1.637103    23.457877     3.709347      23.7493   56.13663    0.06224    8
   3    4    1   1.631588   -38.199964    -0.214092      38.2006   56.34328    0.15971    8
   4    3    1   1.628977    84.687489     7.622166      85.0298   56.44166    0.78815    8
   5    0    1   1.625639   -27.073619     2.702943      27.2082   56.56799    0.04015    4
   2    2    6   1.625559   124.060093    12.494737      124.688   56.57103    1.68600    8
   3    3    4   1.619225  -106.900920   -12.771347      107.661   56.81236    1.24492    8
   1    5    0   1.618574  -166.126969   -19.171159      167.229   56.83732    1.50033    4
   1    1    7   1.613974   -45.991943    -5.019749      46.2651   57.01410    0.22806    8
   5    1    0   1.609884   -90.127718   -10.588919      90.7476   57.17228    0.43597    4
   1    5    1   1.603455    73.597351    14.720549      75.0551   57.42278    0.59059    8
   5    1    1   1.595006    -3.863938     2.083468      4.38986   57.75555    0.00199    8
   3    4    2   1.586418    89.419248     6.697725      89.6697   58.09794    0.82102    8
   4    3    2   1.584018    74.670716     5.925438      74.9055   58.19441    0.57077    8
   1    3    6   1.566962  -222.556199   -41.771696      226.442   58.88974    5.07853    8
   3    1    6   1.564319  -248.470202   -44.700756      252.459   58.99905    6.28629    8
   2    4    4   1.561942   260.865849    42.437616      264.295   59.09774    6.86372    8
   1    5    2   1.560521  -157.987327   -34.913126      161.799   59.15691    2.56659    8
   4    2    4   1.558021   246.658832    43.746541      250.508   59.26131    6.12815    8
   0    2    7   1.555929   -82.953083    -9.342420      83.4775   59.34896    0.33912    4
   5    1    2   1.552729  -227.026336   -42.975550      231.058   59.48356    5.16988    8
   0    4    5   1.551192   123.384039    15.637496      124.371   59.54846    0.74711    4
   2    5    0   1.531676     6.481955    -0.889602      6.54272   60.38552    0.00200    4
   1    2    7   1.528699   -75.520629    -5.075250       75.691   60.51543    0.53385    8
   2    1    7   1.527777   -23.472341    -2.910670      23.6521   60.55577    0.05205    8
   5    2    0   1.525222     2.051247    -1.277356      2.41645   60.66788    0.00027    4
   1    4    5   1.524205    22.928376     1.909198      23.0077   60.71260    0.04897    8
   4    1    5   1.519654    46.615917     5.764049      46.9709   60.91372    0.20260    8
   2    5    1   1.518846    43.788110     3.486115      43.9267   60.94957    0.17696    8
   3    4    3   1.518813    13.607941    -0.978770      13.6431   60.95101    0.01707    8
   4    3    3   1.516707   -28.949244    -4.338349      29.2725   61.04470    0.07831    8
   5    0    3   1.514011    40.328650    -1.556097      40.3587   61.16503    0.07410    4
   5    2    1   1.512551   -33.481925     1.690472      33.5246   61.23038    0.10202    8
   3    3    5   1.496556     2.057929     6.435016      6.75607   61.95651    0.00404    8
   1    5    3   1.496042   -68.739583   -13.730815      70.0975   61.98017    0.43417    8
   5    1    3   1.489172   -61.829640    -5.706472      62.0924   62.29794    0.33684    8
   2    3    6   1.487722   -20.767854    -0.406051      20.7718   62.36546    0.03761    8
   3    2    6   1.486307   -17.498091    -0.197601      17.4992   62.43150    0.02663    8
   2    5    2   1.482206    11.649414     1.887398      11.8013   62.62371    0.01203    8
   5    2    2   1.476355    23.803636     2.725619      23.9592   62.90019    0.04910    8
   0    0    8   1.469875   340.760174    49.583543      344.349   63.20940    2.50851    2
   4    4    0   1.455030   275.218816    42.296786       278.45   63.93016    3.20026    4
   2    2    7   1.454857    23.085454    -2.859877      23.2619   63.93869    0.04466    8
   2    4    5   1.450982   -19.359974     6.709513      20.4897   64.12978    0.03442    8
   4    2    5   1.447837     3.321207     4.282864      5.41972   64.28579    0.00240    8
   4    4    1   1.444018    50.038069    10.557147      51.1396   64.47632    0.21194    8
   3    4    4   1.437211    41.923393     1.011446      41.9356   64.81889    0.14089    8
   4    3    4   1.435426    46.798143     1.250948      46.8149   64.90940    0.17505    8
   3    0    7   1.431511   -43.016254    -4.727833      43.2753   65.10879    0.07430    4
   2    5    3   1.426622    -6.122177    -1.253769      6.24924   65.35967    0.00307    8
   1    1    8   1.425129  -155.082200   -15.217934      155.827   65.43673    1.90600    8
   5    2    3   1.421403    18.502073    -2.234438      18.6365   65.62982    0.02709    8
   0    4    6   1.421129   107.449093    15.147806      108.512   65.64407    0.45900    4
   1    5    4   1.417871  -158.661286   -19.753338      159.886   65.81396    1.98203    8
   4    0    6   1.417192   123.114414    13.543330      123.857   65.84949    0.59402    4
   3    5    0   1.413528  -243.783130   -24.951745      245.057   66.04196    2.31091    4
   4    4    2   1.412422   130.491210    16.839233      131.573   66.10028    1.32983    8
   1    3    7   1.412397   -22.306580    -7.261112      23.4586   66.10157    0.04227    8
   5    1    4   1.412019   -97.045027   -12.417906      97.8363   66.12155    0.73479    8
   3    1    7   1.410461    53.202998     1.136796      53.2151   66.20396    0.21681    8
   5    3    0   1.409654  -206.654615   -20.367639      207.656   66.24675    1.64844    4
   3    5    1   1.403424    58.104895    12.264754      59.3852   66.57894    0.26678    8
   1    4    6   1.400290   -49.637022    -2.494272      49.6997   66.74743    0.18586    8
   5    3    1   1.399633    43.828018     8.200525      44.5886   66.78289    0.14943    8
   4    1    6   1.396758   -50.696667    -2.526581      50.7596   66.93840    0.19270    8
   0    2    8   1.384692   253.358132    42.805178      256.949   67.59984    2.41845    4
   2    0    8   1.383779   249.165254    43.184589       252.88   67.65047    2.33880    4
   3    3    6   1.378760  -165.687209   -36.409827      169.641   67.93018    2.08695    8
   0    6    0   1.375833   260.061694    37.888487      262.807   68.09448    1.24590    2
   3    5    2   1.374366  -252.929382   -39.015990      255.921   68.17715    4.71394    8
   5    3    2   1.370805  -290.130416   -43.540536      293.379   68.37875    6.15704    8
   6    0    0   1.367833   229.289381    41.115335      232.947   68.54796    0.96548    2
   0    6    1   1.366512    31.815972    11.597064      33.8637   68.62351    0.04071    4
   1    2    8   1.365394    14.007734     0.604289      14.0208   68.68752    0.01393    8
   2    1    8   1.364737    14.831084     0.650905      14.8454   68.72521    0.01560    8
   4    4    3   1.364078   -18.631286    -8.134338      20.3296   68.76307    0.02922    8
   2    5    4   1.358360     4.160970    -0.816174      4.24026   69.09348    0.00126    8
   1    6    0   1.356899    90.396173     4.886880      90.5282   69.17847    0.28619    4
   5    2    4   1.353852    -0.050072    -1.185383      1.18644   69.35639    0.00010    8
   2    3    7   1.353544   -64.864143    -5.091580      65.0637   69.37439    0.29395    8
   3    2    7   1.352478    74.328726     2.643186      74.3757   69.43691    0.38341    8
   6    1    0   1.349434    92.937483     4.945176       93.069   69.61615    0.29861    4
   3    4    5   1.349364   -45.006858    -1.247167      45.0241   69.62030    0.13975    8
   1    6    1   1.347954    -8.500436    -0.210075      8.50303   69.70365    0.00497    8
   4    3    5   1.347886    99.157460     8.304689      99.5046   69.70768    0.68085    8
   5    0    5   1.345993    -8.740192     2.754404      9.16393   69.81996    0.00288    4
   2    4    6   1.342877    67.933252    13.278478      69.2188   70.00558    0.32664    8
   6    1    1   1.340635    68.606447     8.017083      69.0733   70.13985    0.32401    8
   4    2    6   1.340383    74.567029    11.954269      75.5192   70.15499    0.38714    8
   0    6    2   1.339644   111.427287    18.914449      113.021   70.19940    0.43300    4
   1    5    5   1.333319    50.710708    11.368952      51.9695   70.58185    0.18112    8
   6    0    2   1.332255   124.768082    14.832156      125.647   70.64665    0.52837    4
   3    5    3   1.329706   -45.481050   -10.886658      46.7659   70.80243    0.14575    8
   5    1    5   1.328450   -54.101554    -1.524643       54.123   70.87946    0.19480    8
   5    3    3   1.326479    -1.327996    -5.218779      5.38509   71.00063    0.00192    8
   1    6    2   1.322146    93.367556     6.319616      93.5812   71.26879    0.57607    8
   6    1    2   1.315237    89.979217     6.233273      90.1949   71.70084    0.52881    8
   2    2    8   1.312008   275.919434    43.301031      279.296   71.90474    5.04261    8
   2    6    0   1.304465   215.026258    34.684313      217.806   72.38606    1.51359    4
   4    4    4   1.304042   238.389317    38.821637       241.53   72.41327    3.71984    8
   0    4    7   1.302815    43.195355    -4.040205      43.3839   72.49232    0.05988    4
   6    2    0   1.298394   203.441226    38.064290      206.972   72.77864    1.35260    4
   0    6    3   1.298183   -84.890564   -14.175532       86.066   72.79231    0.23381    4
   2    6    1   1.296512    55.814846    12.282818      57.1504   72.90125    0.20560    8
   6    2    1   1.290550    18.515126     4.442310      19.0406   73.29274    0.02259    8
   1    0    9   1.290307    80.488838     5.637044       80.686   73.30884    0.20274    4
   1    4    7   1.286703    42.422134     2.184081      42.4783   73.54783    0.11170    8
   4    5    0   1.286273   -17.951072    -3.059279      18.2099   73.57645    0.01026    4
   5    4    0   1.284628   -34.486300    -4.179847      34.7387   73.68625    0.03722    4
   4    1    7   1.283961   -69.882420    -6.770658      70.2096   73.73083    0.30372    8
   2    5    5   1.283474    58.630825     4.417831       58.797   73.76346    0.21283    8
   1    6    3   1.282241    14.496448     0.622802      14.5098   73.84616    0.01293    8
   1    3    8   1.280614  -159.162662   -18.216885      160.202   73.95564    1.57231    8
   5    2    5   1.279669   -35.021219     0.632706      35.0269   74.01933    0.07504    8
   3    1    8   1.279170  -140.782906   -15.971389      141.686   74.05305    1.22685    8
   4    5    1   1.278646    31.337346     3.450216      31.5267   74.08843    0.06069    8
   5    4    1   1.277030   -24.628410     0.703766      24.6385   74.19795    0.03696    8
   6    1    3   1.275936   -46.705561    -6.449529      47.1488   74.27224    0.13511    8
   1    1    9   1.274828   -12.033959     1.002633      12.0757   74.34774    0.00885    8
   3    5    4   1.273914  -206.760006   -23.695456      208.113   74.41009    2.62342    8
   2    6    2   1.273498    95.844421    18.157786      97.5493   74.43850    0.57598    8
   5    3    4   1.271076  -176.170658   -19.761443      177.276   74.60444    1.89444    8
   3    3    7   1.269939   -68.438016    -9.226707      69.0572   74.68261    0.28692    8
   6    2    2   1.267847   117.190384    15.541656      118.216   74.82697    0.83786    8
   3    4    6   1.261117    42.988039     3.900014      43.1646   75.29547    0.11045    8
   4    3    6   1.259910    34.130281     3.383116      34.2975   75.38017    0.06959    8
   4    5    2   1.256555    -6.746946     1.434284      6.89771   75.61677    0.00280    8
   5    4    2   1.255020    -1.142954     1.872105      2.19343   75.72550    0.00028    8
   1    5    6   1.247989  -141.389322   -31.088412      144.767   76.22827    1.21540    8
   0    6    4   1.246115   227.575550    35.118642      230.269   76.36358    1.53275    4
   0    2    9   1.245637   -30.239164     1.401721      30.2716   76.39815    0.02647    4
   5    1    6   1.243993  -187.595265   -36.987034      191.207   76.51734    2.10626    8
   2    4    7   1.241734   -89.970957   -11.842373       90.747   76.68183    0.47266    8
   6    0    4   1.240161   202.611561    37.836036      206.114   76.79681    1.21603    4
   4    2    7   1.239761   -36.118196    -5.487350      36.5327   76.82614    0.07635    8
   2    6    3   1.237722    -5.546168    -8.467453      10.1221   76.97590    0.00584    8
   4    4    5   1.237361    56.846643     9.558784      57.6447   77.00252    0.18936    8
   2    3    8   1.236258   -10.477058    -1.266417      10.5533   77.08384    0.00634    8
   3    2    8   1.235446   -14.949198    -1.566068       15.031   77.14388    0.01283    8
   6    2    3   1.232532   -18.055646    -4.180418      18.5333   77.36007    0.01942    8
   1    6    4   1.231994    61.549486     3.421371      61.6445   77.40013    0.21465    8
   1    2    9   1.231533   -76.214816    -4.332795      76.3379   77.43455    0.32893    8
   2    1    9   1.231050    38.115183     3.558602      38.2809   77.47053    0.08265    8
   3    6    0   1.229142   -71.809289    -6.104080      72.0683   77.61335    0.14601    4
   6    1    4   1.226399    63.754099     3.477723      63.8489   77.81959    0.22819    8
   6    3    0   1.224848   -62.137164    -5.708419      62.3988   77.93674    0.10870    4
   3    6    1   1.222481   -23.671640    -0.743443      23.6833   78.11633    0.03120    8
   4    5    3   1.222150   -73.201118    -6.065613       73.452   78.14154    0.29993    8
   5    4    3   1.220738    27.320202    -0.314402       27.322   78.24916    0.04141    8
   6    3    1   1.218257    40.354432     5.403082      40.7145   78.43911    0.09158    8
   3    5    5   1.211533    47.576417     9.927972      48.6012   78.95912    0.12911    8
   5    3    5   1.209092    61.881709     8.346188       62.442   79.14988    0.21229    8
   2    5    6   1.206832     5.654841     1.234108      5.78794   79.32733    0.00182    8
   5    2    6   1.203667    13.010862     1.802927      13.1352   79.57737    0.00931    8
   3    6    2   1.203132   -40.541517    -1.171943      40.5585   79.61985    0.08873    8
   6    3    2   1.199105   -45.415646    -1.286466      45.4339   79.94100    0.11065    8
   0    4    8   1.197247   231.574655    37.515508      234.594   80.09013    1.47080    4
   4    0    8   1.194890   222.349382    38.805410       225.71   80.28021    1.35659    4
   2    6    4   1.192350   193.398282    32.494945      196.109   80.48623    2.04024    8
   2    2    9   1.191931    51.145170     6.353274      51.5383   80.52030    0.14082    8
   6    2    4   1.187708   182.462905    35.252311      185.837   80.86583    1.81923    8
   0    6    5   1.187547   -21.776016     6.125761      22.6212   80.87906    0.01347    4
   1    4    8   1.184707   -24.563306    -1.956812      24.6411   81.11337    0.03184    8
   4    1    8   1.182566   -21.874175    -1.808789      21.9488   81.29104    0.02518    8
   3    0    9   1.178991   -70.444305    -3.042144        70.51   81.58963    0.12925    4
   4    5    4   1.178409   -12.908321    -2.488312       13.146   81.63849    0.00898    8
   5    4    4   1.177144   -25.861380    -3.411415      26.0854   81.74496    0.03528    8
   3    4    7   1.176240    -1.978676    -1.294084      2.36428   81.82111    0.00029    8
   0    0   10   1.175900    71.875016    12.273896      72.9155   81.84987    0.06880    2
   1    6    5   1.175306    -1.177510     0.162799      1.18871   81.90006    0.00007    8
   4    3    7   1.175261     6.969401    -1.309785      7.09141   81.90389    0.00260    8
   5    0    7   1.174006    33.876267    -0.341509       33.878   82.01028    0.02962    4
   3    6    3   1.172829    17.515391     0.436775      17.5208   82.11028    0.01582    8
   3    3    8   1.171583  -119.429641   -16.766709      120.601   82.21646    0.74808    8
   6    1    5   1.170445    63.266762     7.143326      63.6688   82.31368    0.20815    8
   6    3    3   1.169097   -71.991993    -7.321627      72.3633   82.42923    0.26836    8
   4    4    6   1.168258   112.762966    17.314129      114.084   82.50136    0.66622    8
   1    3    9   1.168244    39.187047     6.839200      39.7794   82.50255    0.08100    8
   1    7    0   1.167296  -184.480125   -25.583701      186.246   82.58418    0.88656    4
   3    1    9   1.167148    61.635450     5.516633      61.8818   82.59699    0.19570    8
   7    0    1   1.166644    -6.517423     3.057669      7.19904   82.64046    0.00132    4
   1    5    7   1.165568   -42.070968    -9.217359      43.0689   82.73353    0.09458    8
   5    5    0   1.164024   -52.076676   -14.478106      54.0518   82.86739    0.07432    4
   5    1    7   1.162310   -71.678092    -6.130430      71.9398   83.01665    0.26268    8
   1    7    1   1.161587    46.644903    10.827217       47.885   83.07978    0.11626    8
   7    1    0   1.160780  -115.198087   -16.167709      116.327   83.15043    0.34268    4
   5    5    1   1.158363    31.030012     8.113714      32.0733   83.36269    0.05193    8
   7    1    1   1.155165    17.358200     2.464415      17.5323   83.64544    0.01545    8
   1    1   10   1.152610  -157.640729   -33.991642      161.264   83.87292    1.30234    8
   2    4    8   1.149327   194.011988    34.435262      197.044   84.16734    1.93575    8
   4    2    8   1.147762   186.496138    35.220065      189.793   84.30852    1.79213    8
   3    5    6   1.146447  -181.989089   -32.510309       184.87   84.42759    1.69739    8
   1    7    2   1.144949  -145.620200   -27.621479      148.217   84.56363    1.08888    8
   5    3    6   1.144377  -206.795464   -35.792912       209.87   84.61573    2.18152    8
   4    6    0   1.142702   179.560614    31.078202       182.23   84.76874    0.82057    4
   5    5    2   1.141861   -96.920499   -26.637505      100.514   84.84577    0.49875    8
   2    6    5   1.140738    75.925129    11.941302      76.8584   84.94893    0.29119    8
   6    4    0   1.140142   169.460696    32.317822      172.515   85.00379    0.73296    4
   7    1    2   1.138798  -212.364077   -36.691888      215.511   85.12779    2.28370    8
   4    6    1   1.137344    27.448954     8.503062      28.7358   85.26234    0.04053    8
   6    2    5   1.136671    12.411567     3.395340      12.8676   85.32486    0.00812    8
   6    4    1   1.134820    26.245810     6.533229      27.0467   85.49721    0.03579    8
   2    3    9   1.134277    -7.145266     0.346665      7.15367   85.54790    0.00250    8
   3    6    4   1.134010   -51.411484    -4.724015      51.6281   85.57291    0.13027    8
   3    2    9   1.133650    26.156225     3.099049      26.3392   85.60661    0.03389    8
   2    7    0   1.133410    13.631974    -0.009321       13.632   85.62908    0.00454    4
   2    5    7   1.131827    13.685923     0.328353      13.6899   85.77763    0.00913    8
   0    2   10   1.130901    75.665769    13.447379      76.8514   85.86485    0.14376    4
   6    3    4   1.130636   -43.680928    -4.393888      43.9014   85.88984    0.09380    8
   2    0   10   1.130403    78.140991    13.175713       79.244   85.91180    0.15276    4
   5    2    7   1.129215     6.024934    -1.798183      6.28755   86.02408    0.00192    8
   4    5    5   1.128512   -11.604543     0.381913      11.6108   86.09068    0.00654    8
   2    7    1   1.128181    11.943942     1.079895      11.9927   86.12209    0.00698    8
   7    2    0   1.127812     4.459509    -0.854871      4.54071   86.15719    0.00050    4
   5    4    5   1.127401   -15.243002     0.727960      15.2604   86.19627    0.01129    8
   0    6    6   1.126059   100.339327    18.745877      102.075   86.32405    0.25212    4
   7    0    3   1.123256    19.856005    -1.872473      19.9441   86.59252    0.00959    4
   7    2    1   1.122660   -13.634170     2.076761      13.7914   86.64989    0.00917    8
   4    6    2   1.121713   116.615833    19.960069      118.312   86.74117    0.67391    8
   6    0    6   1.121661   112.027091    16.009447      113.165   86.74623    0.30826    4
   1    2   10   1.120314     1.397169     0.261930      1.42151   86.87638    0.00010    8
   2    1   10   1.119952     0.387429     0.196191     0.434272   86.91155    0.00001    8
   6    4    2   1.119291   120.392680    18.363070      121.785   86.97564    0.71204    8
   1    7    3   1.118741   -46.687443   -10.283478      47.8066   87.02911    0.10965    8
   5    5    3   1.115859   -34.517899    -7.913676      35.4134   87.31039    0.05997    8
   1    6    6   1.115607    43.338496     3.344414      43.4673   87.33510    0.09032    8
   7    1    3   1.113000    23.141022     0.356781      23.1438   87.59160    0.02553    8
   2    7    2   1.112920    14.819938     1.888521      14.9398   87.59954    0.01064    8
   6    1    6   1.111447    41.112839     3.277167      41.2432   87.74517    0.08094    8
   7    2    2   1.107618    18.493268     2.363596      18.6437   88.12666    0.01647    8
   0    4    9   1.103921    83.072709    10.476731      83.7307   88.49873    0.16546    4
   4    4    7   1.099825     3.440418    -4.396078      5.58229   88.91519    0.00146    8
   4    6    3   1.097034   -43.995770    -9.143821      44.9359   89.20156    0.09464    8
   3    4    8   1.096808     5.870820    -0.488892      5.89114   89.22480    0.00163    8
   4    3    8   1.096014     9.868214    -0.245777      9.87127   89.30675    0.00456    8
   6    4    3   1.094768   -21.815006    -5.889050      22.5959   89.43569    0.02388    8
   1    4    9   1.094068    21.355357     1.793499      21.4305   89.50838    0.02146    8
   4    1    9   1.092381    17.501919     2.926336      17.7449   89.68396    0.01469    8
   2    2   10   1.090255    80.805109    14.188618      82.0413   89.90638    0.31344    8
   3    6    5   1.089336   -21.299727    -0.857402       21.317   90.00289    0.02114    8
   2    7    3   1.088804   -30.095845    -2.321408      30.1852   90.05890    0.04237    8
   1    5    8   1.088140  -134.891028   -20.126005      136.384   90.12896    0.86453    8
   6    3    5   1.086344     2.432952     2.358928      3.38877   90.31894    0.00053    8
   2    6    6   1.085915    93.759817    18.394627      95.5472   90.36451    0.42347    8
   5    1    8   1.085488  -100.724972   -15.539885      101.917   90.40990    0.48163    8
   1    7    4   1.084899  -164.123691   -24.386431      165.926   90.47257    1.27591    8
   7    2    3   1.083839     1.904301    -2.625855      3.24368   90.58566    0.00049    8
   3    3    9   1.083706   -11.583566     2.740126      11.9032   90.59982    0.00656    8
   3    7    0   1.082949   -98.704079   -19.915668      100.693   90.68075    0.23455    4
   6    2    6   1.082405   107.804880    16.515963      109.063   90.73911    0.55006    8
   5    5    4   1.082270   -67.047904   -15.682637      68.8576   90.75352    0.21924    8
   3    5    7   1.081569   -23.416724    -6.965520      24.4307   90.82890    0.02758    8
   5    3    7   1.079830    20.092947    -2.008800      20.1931   91.01621    0.01882    8
   7    1    4   1.079661  -106.690657   -16.317071      107.931   91.03448    0.53747    8
   7    3    0   1.078603   -50.097110   -13.219019      51.8118   91.14904    0.06187    4
   3    7    1   1.078386    39.529744     9.162511      40.5777   91.17255    0.07589    8
   4    5    6   1.075353    -2.217309     1.182338      2.51284   91.50293    0.00029    8
   5    4    6   1.074391     2.832972     1.591997      3.24964   91.60832    0.00049    8
   7    3    1   1.074094     8.800709     3.797189      9.58494   91.64092    0.00422    8
   1    3   10   1.072039  -138.740896   -30.358534      142.024   91.86715    0.92509    8
   3    1   10   1.071192  -150.451803   -31.919632      153.801   91.96085    1.08419    8
   2    4    9   1.066020   -29.253086     2.359712      29.3481   92.53766    0.03933    8
   4    6    4   1.065069   161.305325    29.103887       163.91   92.64464    1.22613    8
   3    7    2   1.065034   -86.444382   -22.835984      89.4098   92.64861    0.36483    8
   4    2    9   1.064771    -4.879270     1.949547      5.25433   92.67828    0.00126    8
   0    6    7   1.064400   -81.218571   -11.539791      82.0343   92.72010    0.15349    4
   6    4    4   1.062995   153.065228    30.149034      156.006   92.87902    1.10922    8
   7    3    2   1.060898  -126.532359   -28.789164      129.766   93.11742    0.76645    8
   2    5    8   1.060534     0.434323    -0.619790     0.756819   93.15902    0.00003    8
   1    0   11   1.060045    65.001586     4.126470      65.1324   93.21485    0.09649    4
   5    2    8   1.058384    -2.931398    -0.924131      3.07362   93.40524    0.00043    8
   2    7    4   1.057533     9.381193    -0.125483      9.38203   93.50320    0.00400    8
   1    6    7   1.055559    12.731392     0.704127      12.7508   93.73120    0.00738    8
   5    6    0   1.054413    -0.110808    -1.782861       1.7863   93.86429    0.00007    4
   6    5    0   1.053304     4.053614    -1.592054      4.35505   93.99336    0.00043    4
   7    2    4   1.052981     2.136590    -0.828250      2.29151   94.03109    0.00024    8
   6    1    7   1.052034   -20.691496    -3.779639      21.0339   94.14186    0.02004    8
   1    1   11   1.051412   -22.212528    -2.720142      22.3785   94.21474    0.02267    8
   5    6    1   1.050199   -19.079676    -0.431074      19.0845   94.35729    0.01648    8
   7    0    5   1.049271     5.335564     3.094177      6.16783   94.46675    0.00086    4
   6    5    1   1.049104    40.560228     4.291229      40.7866   94.48644    0.07523    8
   2    3   10   1.045611     0.821840     0.470186     0.946834   94.90125    0.00004    8
   1    7    5   1.045587    30.807906     8.212286      31.8837   94.90413    0.04590    8
   3    2   10   1.045120     3.275484     0.652916      3.33992   94.95999    0.00050    8
   3    7    3   1.043842   -25.145140    -7.693996      26.2959   95.11310    0.03120    8
   5    5    5   1.043234    17.610838     5.969653      18.5951   95.18615    0.01560    8
   3    6    6   1.041295   -15.607255    -0.060635      15.6074   95.42001    0.01098    8
   7    1    5   1.040896    43.641604     4.108608      43.8346   95.46831    0.08660    8
   7    3    3   1.039947   -30.824290    -5.113243      31.2455   95.58337    0.04399    8
   6    3    6   1.038681   -19.540230    -0.192578      19.5412   95.73757    0.01720    8
   5    6    2   1.037855    25.232485     3.489115      25.4726   95.83839    0.02921    8
   6    5    2   1.036798    14.202574     2.806042      14.4771   95.96783    0.00943    8
   0    2   11   1.034855   -40.911839    -5.096117       41.228   96.20693    0.03823    4
   4    4    8   1.034070   163.499005    30.646936      166.347   96.30393    1.24445    8
   0    8    0   1.031875   116.384388    23.542004      118.742   96.57649    0.15844    2
   2    6    7   1.030303    21.549975    -3.828565      21.8874   96.77278    0.02153    8
   0    8    1   1.027925    31.139606     8.226525      32.2079   97.07173    0.02330    4
   4    6    5   1.027801     4.779086     5.540403      7.31681   97.08734    0.00240    8
   6    2    7   1.027304   -11.564338    -2.824694      11.9043   97.15014    0.00636    8
   1    2   11   1.026725   -42.057116    -3.352150      42.1905   97.22340    0.07993    8
   2    1   11   1.026446    -7.971237    -1.310822       8.0783   97.25880    0.00293    8
   6    4    5   1.025937    20.809794     5.209163      21.4519   97.32332    0.02066    8
   8    0    0   1.025875   105.261595    27.297056      108.743   97.33121    0.13273    2
   1    8    0   1.023814   -46.440516    -3.690511      46.5869   97.59376    0.04871    4
   3    4    9   1.023714   -29.868369    -1.297934      29.8966   97.60658    0.04012    8
   4    3    9   1.023068    64.769255     5.897044      65.0372   97.68926    0.18985    8
   4    7    0   1.022432   -22.694973    -3.040414      22.8977   97.77093    0.01177    4
   5    0    9   1.022240    -0.984901     1.770048      2.02561   97.79557    0.00009    4
   0    4   10   1.021688    81.904483    15.895226      83.4326   97.86648    0.15620    4
   4    5    7   1.021269   -69.594518    -5.885097      69.8429   97.92046    0.21892    8
   2    7    5   1.021024    -6.061628    -0.217256      6.06552   97.95210    0.00165    8
   5    4    7   1.020445    20.217310     0.081113      20.2175   98.02684    0.01834    8
   4    0   10   1.020223    88.642680    15.065999      89.9139   98.05559    0.18140    4
   1    8    1   1.019956   -11.525674    -0.783460      11.5523   98.09013    0.00599    8
   7    4    0   1.019409   -27.135834    -3.620107      27.3762   98.16098    0.01682    4
   3    5    8   1.018853  -135.327959   -20.586928      136.885   98.23314    0.84081    8
   4    7    1   1.018588    29.400632     2.534263      29.5097   98.26752    0.03908    8
   5    6    3   1.018215    18.435411     0.485067      18.4418   98.31611    0.01526    8
   8    1    0   1.018044   -47.533906    -3.922503      47.6955   98.33840    0.05104    4
   5    3    8   1.017399  -117.746004   -18.096151      119.128   98.42243    0.63681    8
   6    5    3   1.017217    -2.830278    -1.528720      3.21675   98.44626    0.00046    8
   7    2    5   1.016926   -19.236926     0.955086      19.2606   98.48432    0.01665    8
   1    5    9   1.016655    23.819817     6.335873      24.6481   98.51975    0.02726    8
   0    8    2   1.016341    66.144968    18.500676      68.6836   98.56080    0.10584    4
   3    7    4   1.016191  -100.692365   -19.966291      102.653   98.58047    0.47286    8
   7    4    1   1.015600    -9.511913     1.174692      9.58417   98.65806    0.00412    8
   5    1    9   1.014491   -47.319836    -2.396099      47.3805   98.80393    0.10074    8
   8    1    1   1.014250    27.889996     4.766096      28.2943   98.83571    0.03593    8
   1    4   10   1.013862     1.989719     0.386533      2.02692   98.88686    0.00018    8
   7    3    4   1.012597   -60.760368   -14.260659      62.4114   99.05430    0.17482    8
   4    1   10   1.012519     0.651958     0.308301     0.721179   99.06462    0.00002    8
   8    0    2   1.010607    84.817485    15.406425      86.2054   99.31918    0.16680    4
   1    8    2   1.008636   -36.062085    -2.244257      36.1319   99.58309    0.05862    8
   4    7    2   1.007314   -16.176871     0.191776       16.178   99.76120    0.01175    8
   3    3   10   1.005600  -133.176810   -28.697626      136.234   99.99329    0.83384    8
   0    6    8   1.004463   159.550705    28.432954      162.064  100.14802    0.59015    4
   7    4    2   1.004423    -4.649264     1.271492      4.81999  100.15340    0.00104    8
   2    2   11   1.003438    16.308592    -0.818428      16.3291  100.28793    0.01199    8
   8    1    2   1.003117   -39.775894    -2.387890      39.8475  100.33182    0.07138    8
   1    7    6   1.002885  -119.144586   -24.533898      121.644  100.36360    0.66523    8
   6    0    8   1.001337   145.915734    30.053069      148.978  100.57641    0.49910    4
   5    5    6   1.000808  -105.300700   -25.149759      108.262  100.64933    0.52723    8
   2    8    0   1.000721   173.080159    27.423550      175.239  100.66142    0.69069    4
   7    1    6   0.998744  -164.484305   -31.129808      167.404  100.93532    1.26142    8
   0    8    3   0.997876    -2.751607    -5.729581      6.35606  101.05613    0.00091    4
   2    8    1   0.997116    16.703597     6.688823      17.9931  101.16220    0.01458    8
   1    6    8   0.997023    13.351896     0.661605      13.3683  101.17525    0.00805    8
   3    0   11   0.995681   -25.767479    -2.912216      25.9315  101.36339    0.01515    4
   8    2    0   0.995585   155.307857    30.013237      158.181  101.37695    0.56379    4
   6    1    8   0.994050    14.768993     0.709383       14.786  101.59317    0.00986    8
   2    5    9   0.994032    40.239958     3.355860      40.3796  101.59584    0.07353    8
   5    6    4   0.992502    -1.802593    -1.635160      2.43374  101.81257    0.00027    8
   5    2    9   0.992261   -22.556793    -0.065515      22.5569  101.84689    0.02296    8
   8    2    1   0.992035    11.672689     2.560812      11.9503  101.87898    0.00645    8
   3    6    7   0.991961     9.108652     0.193846      9.11071  101.88958    0.00375    8
   6    5    4   0.991578     2.212996    -1.427705      2.63357  101.94414    0.00031    8
   2    4   10   0.991421    84.543200    16.262197       86.093  101.96653    0.33464    8
   1    8    3   0.990581    -9.330348    -0.720352      9.35811  102.08657    0.00396    8
   4    2   10   0.990416    88.975907    15.692687      90.3492  102.11016    0.36873    8
   6    3    7   0.989700   -63.901592    -6.380816      64.2194  102.21276    0.18636    8
   4    7    3   0.989328    -0.756297    -0.448148     0.879103  102.26619    0.00003    8
   1    3   11   0.989182    -6.263654    -3.272709      7.06711  102.28714    0.00226    8
   3    1   11   0.988516    31.267411     1.324212      31.2954  102.38299    0.04429    8
   4    6    6   0.987159   102.761788    19.206223      104.541  102.57913    0.49454    8
   7    4    3   0.986589    13.084929    -0.751040      13.1065  102.66180    0.00778    8
   2    8    2   0.986533   128.453217    22.882624      130.475  102.66993    0.77062    8
   6    4    6   0.985507   106.277021    18.132065      107.813  102.81912    0.52649    8
   8    1    3   0.985351   -32.754832    -4.943409      33.1258  102.84182    0.04971    8
   3    7    5   0.983671    37.708913     7.784032      38.5039  103.08753    0.06723    8
   8    2    2   0.981611   135.450689    19.632198      136.866  103.39083    0.85065    8
   2    7    6   0.981150     6.907679     1.143162      7.00163  103.45907    0.00223    8
   7    3    5   0.980410   -11.799694     1.616865        11.91  103.56871    0.00645    8
   0    0   12   0.979917   148.795027    30.224869      151.834  103.64203    0.26204    2
   7    2    6   0.977511    10.034878     1.534916      10.1516  104.00132    0.00469    8
   2    6    8   0.975658   144.563537    26.993031      147.062  104.28037    0.98661    8
   0    8    4   0.973638   113.850669    22.922102      116.135  104.58682    0.30817    4
   6    2    8   0.973110   135.972760    28.460028      138.919  104.66723    0.88232    8
   4    4    9   0.972142    36.236038     6.005974      36.7304  104.81519    0.06174    8
   6    6    0   0.970020   125.437205    25.361839      127.975  105.14131    0.37547    4
   2    8    3   0.969619   -35.183695    -7.647730      36.0053  105.20336    0.05946    8
   8    0    4   0.968592   103.335341    25.990425      106.554  105.36232    0.26066    4
   2    3   11   0.968307   -32.098678    -2.928467       32.232  105.40662    0.04772    8
   4    5    8   0.967976    -4.171392    -1.308822       4.3719  105.45808    0.00088    8
   3    2   11   0.967917    39.022189     2.008646      39.0739  105.46734    0.07015    8
   5    4    8   0.967274   -10.409599    -1.817572      10.5671  105.56741    0.00513    8
   1    8    4   0.966857   -32.794330    -2.753909      32.9098  105.63247    0.04982    8
   6    6    1   0.966737    20.183802     5.682164      20.9684  105.65135    0.02023    8
   1    1   12   0.966316  -112.743110   -17.247489      114.055  105.71713    0.59870    8
   4    7    4   0.965692   -16.022776    -2.392964      16.2005  105.81488    0.01209    8
   3    8    0   0.965477    18.267365     0.420312      18.2722  105.84876    0.00769    4
   8    2    3   0.964944    -1.599894    -1.691679       2.3284  105.93245    0.00025    8
   7    4    4   0.963144   -20.259713    -2.929854      20.4705  106.21676    0.01935    8
   3    8    1   0.962239    -9.977505    -0.638726      9.99793  106.36058    0.00462    8
   5    6    5   0.962137   -13.954875    -0.332404      13.9588  106.37672    0.00901    8
   8    1    4   0.961993   -33.346083    -2.923347       33.474  106.39971    0.05182    8
   7    0    7   0.961423    20.500122    -0.589508      20.5086  106.49050    0.00973    4
   6    5    5   0.961295    57.781159     5.436110      58.0363  106.51097    0.15590    8
   8    3    0   0.961244    22.292687     0.418220      22.2966  106.51913    0.01151    4
   3    5    9   0.959466    25.611339     5.754081      26.2498  106.80414    0.03196    8
   1    7    7   0.958587   -30.866424    -7.018794      31.6544  106.94565    0.04653    8
   5    3    9   0.958251    42.780619     5.636884      43.1504  106.99988    0.08650    8
   8    3    1   0.958048    27.948052     4.117959      28.2498  107.03272    0.03709    8
   5    7    0   0.957728  -154.860461   -23.948540      156.701  107.08453    0.57078    4
   3    4   10   0.957117     4.672196     0.962530      4.77031  107.18359    0.00106    8
   6    6    2   0.957082   108.765712    19.758106      110.546  107.18931    0.56860    8
   5    5    7   0.956773   -24.445493    -5.516048      25.0601  107.23957    0.02923    8
   4    3   10   0.956589     1.423570     0.740164      1.60449  107.26938    0.00012    8
   7    5    0   0.955919  -139.744555   -21.458244      141.382  107.37867    0.46574    4
   7    1    7   0.954968    35.550254     1.867414      35.5993  107.53395    0.05913    8
   5    7    1   0.954567    18.591298     5.824361      19.4823  107.59969    0.01772    8
   0    2   12   0.953416   166.993470    30.735544      169.798  107.78903    0.67408    4
   2    0   12   0.953117   165.489921    30.897126      168.349  107.83821    0.66291    4
   7    5    1   0.952776    16.258399     4.681456       16.919  107.89466    0.01340    8
   3    8    2   0.952717    31.855614     3.294468      32.0255  107.90432    0.04801    8
   1    5   10   0.951341  -111.336398   -24.957345      114.099  108.13244    0.61057    8
   5    1   10   0.949567  -133.103791   -28.117435      136.041  108.42831    0.87027    8
   0    4   11   0.949215    29.485073    -0.963339      29.5008  108.48727    0.02047    4
   8    3    2   0.948649    29.082228     3.387414      29.2788  108.58220    0.04037    8
   3    7    6   0.947866   -90.625200   -21.787629      93.2074  108.71403    0.40959    8
   0    6    9   0.947419   -29.531124     1.993325      29.5983  108.78945    0.02067    4
   2    8    4   0.947336   151.559110    25.552494      153.698  108.80341    1.11468    8
   1    2   12   0.947047    -8.321457    -0.734279      8.35379  108.85244    0.00329    8
   2    1   12   0.946827    -7.375239    -0.664456      7.40511  108.88955    0.00259    8
   5    7    2   0.945269  -157.257399   -26.748689      159.516  109.15420    1.20466    8
   7    3    6   0.944947  -118.678782   -26.168364       121.53  109.20912    0.69960    8
   0    8    5   0.944922    43.125700     7.943191      43.8511  109.21341    0.04554    4
   4    6    7   0.944826   -37.194519    -6.865070      37.8228  109.22982    0.06778    8
   7    5    2   0.943529  -174.422742   -29.336478      176.873  109.45187    1.48538    8
   6    4    7   0.943377   -12.139975    -3.822052      12.7274  109.47795    0.00769    8
   8    2    4   0.942976   136.918253    27.727264      139.698  109.54701    0.92748    8
   1    4   11   0.942929    22.739644     1.502533      22.7892  109.55507    0.02468    8
   3    6    8   0.942912   -15.977068    -1.988730      16.1004  109.55802    0.01232    8
   4    1   11   0.941848   -32.580893    -3.609665      32.7802  109.74151    0.05117    8
   6    6    3   0.941615   -19.669299    -5.338917       20.381  109.78195    0.01979    8
   1    6    9   0.941169     1.265400     0.230218      1.28617  109.85921    0.00008    8
   6    3    8   0.940970   -11.984677    -1.798592      12.1189  109.89377    0.00700    8
   2    7    7   0.939553   -29.350602    -2.397086      29.4483  110.14035    0.04146    8
   1    8    5   0.938721   -24.517528    -1.829929      24.5857  110.28600    0.02894    8
   6    1    9   0.938667    37.459301     4.515879      37.7305  110.29542    0.06818    8
   4    7    5   0.937654    43.065026     3.607167      43.2158  110.47331    0.08961    8
   3    8    3   0.937457    21.331142     1.525052      21.3856  110.50811    0.02195    8
   7    2    7   0.936357    -3.954701    -2.121282      4.48771  110.70243    0.00097    8
   3    3   11   0.936271   -33.510057    -4.886472      33.8645  110.71757    0.05517    8
   7    4    5   0.935321    -4.124399     1.133796       4.2774  110.88620    0.00088    8
   8    1    5   0.934267    15.170597     3.308652      15.5272  111.07425    0.01164    8
   8    3    3   0.933581    -8.390775    -2.504914      8.75669  111.19704    0.00371    8
   2    5   10   0.932727     0.648338     0.496875      0.81684  111.35042    0.00003    8
   5    2   10   0.931263     3.355880     0.751456      3.43898  111.61459    0.00057    8
   5    7    3   0.930359   -27.327893    -6.166146      28.0149  111.77874    0.03821    8
   7    5    3   0.928700   -10.706073    -4.003732      11.4302  112.08159    0.00638    8
   2    2   12   0.928679   133.681659    27.701592      136.522  112.08541    0.91065    8
   5    6    6   0.928554    14.425649     2.326497       14.612  112.10822    0.01043    8
   6    5    6   0.927797     7.522953     1.867703      7.75133  112.24727    0.00294    8
   2    4   11   0.924795   -45.373399    -6.387502      45.8208  112.80333    0.10348    8
   4    2   11   0.923979   -17.502281    -2.856950      17.7339  112.95579    0.01553    8
   2    6    9   0.923134    51.951006     7.842632      52.5396  113.11430    0.13658    8
   4    8    0   0.921856   104.756787    21.784842      106.998  113.35524    0.28410    4
   6    6    4   0.921168   115.372882    23.974684      117.838  113.48555    0.69030    8
   6    2    9   0.920975     5.662811     1.871301      5.96399  113.52219    0.00177    8
   2    8    5   0.920824    -3.816295     3.971602      5.50797  113.55086    0.00151    8
   4    8    1   0.919036    19.986440     5.680257      20.7779  113.89195    0.02158    8
   8    4    0   0.918636   100.775675    23.785260      103.545  113.96868    0.26818    4
   1    3   12   0.917343  -104.147321   -17.588209      105.622  114.21768    0.55995    8
   3    8    4   0.917274    11.692070     0.108867      11.6926  114.23098    0.00686    8
   8    2    5   0.916818    15.841403     2.556932      16.0464  114.31928    0.01294    8
   3    1   12   0.916812   -96.923461   -16.549176      98.3262  114.32041    0.48594    8
   4    5    9   0.916619   -19.418278    -0.852865       19.437  114.35775    0.01900    8
   5    4    9   0.916023    -7.134161     0.427677      7.14697  114.47344    0.00257    8
   8    4    1   0.915846     9.429863     3.209294      9.96102  114.50795    0.00500    8
   4    4   10   0.914571    87.578512    16.871578      89.1888  114.75672    0.40220    8
   1    7    8   0.914110  -120.109374   -21.218443      121.969  114.84718    0.75312    8
   8    3    4   0.913642    15.010676     0.109156      15.0111  114.93898    0.01142    8
   0    8    6   0.913051    74.546681    18.427780      76.7906  115.05533    0.14969    4
   5    5    8   0.912536   -85.706484   -17.318183      87.4387  115.15716    0.38873    8
   1    9    0   0.911547  -116.738464   -22.454436      118.878  115.35308    0.36026    4
   7    1    8   0.910970   -86.882322   -16.130578       88.367  115.46793    0.39877    8
   4    8    2   0.910730    87.174672    19.406961      89.3088  115.51581    0.40760    8
   5    7    4   0.910622  -134.156150   -22.361863      136.007  115.53736    0.94558    8
   3    7    7   0.910203    -9.438077    -4.642070      10.5179  115.62093    0.00566    8
   9    0    1   0.909159    -2.657200     2.012430      3.33325  115.83030    0.00029    4
   7    5    4   0.909066  -121.338025   -20.212214       123.01  115.84912    0.77697    8
   8    0    6   0.908887    87.026976    16.209570      88.5237  115.88515    0.20130    4
   1    9    1   0.908820    24.468926     6.024039      25.1996  115.89846    0.03263    8
   8    4    2   0.907625    95.242974    17.773554      96.8872  116.14003    0.48406    8
   7    3    7   0.907618   -31.429424    -4.386804      31.7341  116.14135    0.05193    8
   1    8    6   0.907453   -15.810185    -0.976012      15.8403  116.17486    0.01295    8
   4    7    6   0.906489    -7.064717     0.424077      7.07743  116.37067    0.00259    8
   9    1    0   0.906376   -70.318745   -15.107387      71.9233  116.39387    0.13388    4
   7    4    6   0.904381     0.118397     1.162302      1.16832  116.80263    0.00007    8
   3    5   10   0.903993  -107.594741   -23.846268      110.206  116.88268    0.63327    8
   9    1    1   0.903695    -1.567609     0.497817      1.64476  116.94415    0.00014    8
   8    1    6   0.903427   -17.875211    -1.044971      17.9057  116.99952    0.01675    8
   5    3   10   0.902977  -119.006179   -25.573417      121.723  117.09286    0.77503    8
   4    6    8   0.902153   120.558423    24.198493      122.963  117.26412    0.79299    8
   6    4    8   0.900892   116.039545    24.823689      118.665  117.52780    0.74155    8
   1    9    2   0.900785   -84.722926   -19.308815      86.8954  117.55014    0.39778    8
   2    3   12   0.900620     3.823309     0.038848      3.82351  117.58481    0.00077    8
   3    2   12   0.900306     2.678761    -0.057085      2.67937  117.65086    0.00038    8
   1    0   13   0.899094    31.475606     2.722208      31.5931  117.90662    0.02644    4
   2    7    8   0.897560     2.111403    -0.308580      2.13383  118.23284    0.00024    8
   4    8    3   0.897372    -9.293521    -4.537743      10.3422  118.27290    0.00570    8
   3    4   11   0.896766    -3.016346    -0.788936      3.11781  118.40255    0.00052    8
   6    6    5   0.896737    13.878013     4.350297      14.5439  118.40876    0.01130    8
   4    3   11   0.896332     8.934476    -0.133410      8.93547  118.49574    0.00427    8
   9    1    2   0.895794  -124.981685   -25.976046      127.653  118.61154    0.87308    8
   5    0   11   0.895775    17.482652     0.162626      17.4834  118.61568    0.00819    4
   3    6    9   0.895252   -12.728113    -0.665342      12.7455  118.72856    0.00872    8
   2    9    0   0.895133   -16.895678    -1.821842      16.9936  118.75412    0.00775    4
   7    2    8   0.894772    -1.453936    -0.708664      1.61745  118.83242    0.00014    8
   8    4    3   0.894401   -20.648411    -3.909748      21.0153  118.91281    0.02378    8
   0    6   10   0.893896    81.839978    17.504002      83.6909  119.02266    0.18891    4
   1    1   13   0.893808    -5.377410     0.280854      5.38474  119.04173    0.00156    8
   6    3    9   0.893589    -9.457289     0.478747       9.4694  119.08961    0.00484    8
   6    7    0   0.893164    12.502308    -0.382607      12.5082  119.18226    0.00423    4
   3    8    5   0.893144     1.976779     0.238323      1.99109  119.18671    0.00021    8
   5    6    7   0.893063    12.476752     0.433095      12.4843  119.20445    0.00843    8
   2    9    1   0.892551     9.160405     0.690092      9.18636  119.31654    0.00457    8
   6    5    7   0.892389    16.572466     0.434655      16.5782  119.35207    0.01491    8
   7    6    0   0.892368     3.202117    -1.212962      3.42415  119.35671    0.00032    4
   1    5   11   0.892010   -17.621485    -4.445490      18.1736  119.43550    0.01794    8
   6    0   10   0.891691    89.782941    16.309976      91.2524  119.50571    0.22640    4
   2    8    6   0.891255   102.712092    20.491310      104.736  119.60176    0.59748    8
   6    7    1   0.890599     9.985233     1.202584      10.0574  119.74705    0.00552    8
   5    1   11   0.890547   -39.187103    -3.764545      39.3675  119.75859    0.08464    8
   9    2    0   0.890417   -19.640607    -2.289094      19.7736  119.78739    0.01068    4
   7    6    1   0.889810    -8.896345     0.046184      8.89646  119.92247    0.00433    8
   8    3    5   0.889790    34.720372     4.328550      34.9891  119.92683    0.06705    8
   1    6   10   0.888640     1.718183     0.349150       1.7533  120.18372    0.00017    8
   9    0    3   0.888170   -15.313751    -3.256539      15.6562  120.28926    0.00675    4
   9    2    1   0.887875     5.267881     2.323468      5.75752  120.35560    0.00183    8
   1    9    3   0.887854   -17.035560    -5.140854      17.7943  120.36032    0.01747    8
   8    2    6   0.887621   109.076100    18.287365      110.598  120.41281    0.67555    8
   5    7    5   0.886999     5.427458     3.881685      6.67269  120.55335    0.00247    8
   6    1   10   0.886534     0.707687     0.308709      0.77209  120.65882    0.00003    8
   7    5    5   0.885561    15.246205     3.907488       15.739  120.88013    0.01379    8
   0    4   12   0.885197   124.005431    25.378179      126.576  120.96320    0.44671    4
   2    9    2   0.884936   -15.470016    -0.760434      15.4887  121.02293    0.01339    8
   4    0   12   0.884244   118.803610    25.781891      121.569  121.18186    0.41367    4
   0    2   13   0.883570   -13.023058     0.295342      13.0264  121.33703    0.00476    4
   9    1    3   0.883074   -12.995712    -1.606394      13.0946  121.45175    0.00965    8
   6    7    2   0.883033    17.283098     2.691081      17.4914  121.46104    0.01721    8
   7    6    2   0.882264    19.904746     2.993411      20.1286  121.63961    0.02287    8
   9    2    2   0.880378   -10.922836    -0.168008      10.9241  122.08064    0.00679    8
   1    4   12   0.880093     8.943257     0.560503       8.9608  122.14787    0.00457    8
   4    8    4   0.879622    99.520751    20.980402      101.708  122.25904    0.59054    8
   0    8    7   0.879245    12.677762    -2.634226      12.9485  122.34822    0.00479    4
   4    1   12   0.879214     9.448751     0.590171      9.46716  122.35549    0.00513    8
   1    2   13   0.878493   -29.949722    -2.181924      30.0291  122.52653    0.05173    8
   2    1   13   0.878318    14.166508     1.584578      14.2549  122.56819    0.01167    8
   8    4    4   0.876823    95.553817    22.613308      98.1931  122.92593    0.55732    8
   2    5   11   0.876611    10.130295     0.533182      10.1443  122.97683    0.00595    8
   5    2   11   0.875396     1.797885    -0.898488      2.00989  123.27035    0.00024    8
   3    3   12   0.874672  -101.787807   -17.699327      103.315  123.44630    0.62310    8
   1    8    7   0.874242   -16.571255    -1.356819      16.6267  123.55123    0.01617    8
   5    8    0   0.873590   -14.346311    -2.253644      14.5222  123.71073    0.00619    4
   2    6   10   0.873413    82.186005    17.501848      84.0289  123.75417    0.41463    8
   4    7    7   0.873380    13.480112     0.824744      13.5053  123.76217    0.01071    8
   2    9    3   0.872667    -1.968116    -0.127461      1.97224  123.93781    0.00023    8
   7    0    9   0.872611     6.331000     2.028814      6.64813  123.95149    0.00130    4
   3    7    8   0.871868   -96.306334   -19.240142      98.2094  124.13537    0.57059    8
   6    2   10   0.871583    88.337901    16.526632      89.8705  124.20589    0.47847    8
   7    4    7   0.871494    10.979763    -0.243468      10.9825  124.22809    0.00715    8
   8    5    0   0.871360    -9.251790    -2.096354      9.48632  124.26130    0.00267    4
   5    8    1   0.871189   -12.792669    -0.907062      12.8248  124.30392    0.00976    8
   6    7    3   0.870842   -29.351434    -2.745110      29.4795  124.39051    0.05167    8
   1    9    4   0.870652  -108.517387   -21.475101      110.622  124.43789    0.72825    8
   8    1    7   0.870641   -24.577998    -3.657612      24.8487  124.44072    0.03675    8
   1    7    9   0.870489    14.006533     4.505268      14.7133  124.47864    0.01289    8
   7    6    3   0.870104     9.050387     0.039275      9.05047  124.57512    0.00489    8
   3    9    0   0.869643  -123.476461   -22.669770       125.54  124.69069    0.47131    4
   7    3    8   0.869595   -73.895434   -15.707212      75.5464  124.70296    0.34143    8
   6    6    6   0.869361    95.082673    18.633880      96.8914  124.76169    0.56228    8
   5    5    9   0.869130     6.602338     3.174247      7.32576  124.82014    0.00322    8
   8    5    1   0.868978     9.424723     1.798077      9.59471  124.85840    0.00552    8
   9    2    3   0.868295     9.246087    -1.006102      9.30066  125.03130    0.00521    8
   4    5   10   0.867889     1.218911     0.785407      1.45004  125.13444    0.00013    8
   7    1    9   0.867776    34.649593     3.373773      34.8135  125.16306    0.07318    8
   5    4   10   0.867383     4.794345     1.105520      4.92015  125.26336    0.00146    8
   3    9    1   0.867275    14.179816     4.562972      14.8959  125.29092    0.01343    8
   9    1    4   0.866142   -69.976297   -15.197023      71.6075  125.58123    0.31222    8
   3    8    6   0.866086    16.409382     1.974276      16.5277  125.59576    0.01664    8
   9    3    0   0.865596   -94.282163   -17.544557      95.9007  125.72218    0.28080    4
   2    4   12   0.865293   124.762111    25.064926      127.255  125.80035    0.99045    8
   4    2   12   0.864625   121.996747    25.397137      124.612  125.97373    0.95312    8
   5    8    2   0.864104     2.159760     1.230608      2.48575  126.10944    0.00038    8
   2    2   13   0.863773    19.179042     2.769994       19.378  126.19580    0.02315    8
   9    3    1   0.863260     8.033675     2.155182      8.31774  126.33020    0.00428    8
   8    3    6   0.863027    14.293400     2.017369      14.4351  126.39149    0.01290    8
   8    5    2   0.861946    -0.025699     1.293762      1.29402  126.67657    0.00010    8
   4    4   11   0.861488     5.627251    -1.733835       5.8883  126.79796    0.00216    8
   5    7    6   0.860480  -118.871133   -22.934099      121.063  127.06682    0.92035    8
   3    9    2   0.860284  -102.618658   -20.444209      104.635  127.11920    0.68828    8
   4    6    9   0.860145    -4.118070     2.569336      4.85386  127.15638    0.00148    8
   2    8    7   0.859731   -32.586307    -5.977105      33.1299  127.26763    0.06922    8
   7    5    6   0.859166  -130.334090   -24.787940       132.67  127.41972    1.11361    8
   6    4    9   0.859052    11.017062     2.978733      11.4126  127.45070    0.00825    8
   3    0   13   0.858810   -27.870706    -1.643736      27.9191  127.51597    0.02471    4
   4    8    5   0.858275    21.879466     5.007175      22.4451  127.66104    0.03204    8
   5    6    8   0.856768    -4.006261    -1.239894      4.19374  128.07281    0.00113    8
   8    2    7   0.856468     4.018225    -0.708657      4.08024  128.15543    0.00107    8
   9    3    2   0.856365  -134.032178   -25.603608      136.456  128.18370    1.19762    8
   2    9    4   0.856316   -11.771425    -1.377110      11.8517  128.19713    0.00904    8
   6    5    8   0.856173    -0.726925    -1.023965      1.25576  128.23656    0.00010    8
   2    7    9   0.856161    -8.943822    -0.610253      8.96462  128.23989    0.00518    8
   8    4    5   0.855675    -2.625868     1.716099      3.13691  128.37424    0.00064    8
   1    3   13   0.854630    13.977970     2.852607      14.2661  128.66477    0.01323    8
   6    7    4   0.854592     8.407479    -0.470955      8.42066  128.67533    0.00461    8
   3    1   13   0.854200    23.892037     2.541974      24.0269  128.78480    0.03762    8
   7    6    4   0.853894     1.079818    -1.152336       1.5792  128.87052    0.00016    8
   7    2    9   0.853740   -13.960618     0.160328      13.9615  128.91369    0.01274    8
   5    8    3   0.852670     8.870949     0.613974      8.89217  129.21566    0.00520    8
   3    5   11   0.852630    -8.582447    -3.236015      9.17225  129.22697    0.00554    8
   9    2    4   0.852184   -14.202184    -1.787377      14.3142  129.35328    0.01352    8
   5    3   11   0.851777    14.236828    -0.437283      14.2435  129.46916    0.01342    8
   8    5    3   0.850596   -25.298558    -3.033861      25.4798  129.80740    0.04329    8
   9    0    5   0.850214   -16.415210     0.378291      16.4196  129.91743    0.00901    4
   1    9    5   0.849937    22.466988     5.055444      23.0287  129.99745    0.03551    8
   3    6   10   0.849686     4.038316     0.867736      4.13049  130.07014    0.00114    8
   3    9    3   0.848999   -24.975894    -5.199287      25.5113  130.26974    0.04386    8
   6    3   10   0.848264     1.596402     0.743113      1.76088  130.48440    0.00021    8
   9    1    5   0.845740   -12.721986    -0.567859      12.7347  131.23108    0.01117    8
   9    3    3   0.845231     1.286689    -1.276267       1.8123  131.38355    0.00023    8
   0    8    8   0.844544   101.097366    20.775097       103.21  131.59021    0.37008    4
   0    6   11   0.844142   -41.972545    -6.256418      42.4363  131.71182    0.06274    4
   3    4   12   0.842204    -9.009616    -1.134473      9.08076  132.30343    0.00583    8
   4    3   12   0.841845    -6.594235    -0.947607      6.66197  132.41432    0.00314    8
   8    0    8   0.841245    92.839311    22.416210      95.5072  132.59982    0.32463    4
   2    3   13   0.841059    -3.475371     0.042095      3.47563  132.65787    0.00086    8
   3    2   13   0.840803    10.433743     1.406218      10.5281  132.73751    0.00792    8
   1    8    8   0.840108    -8.988394    -0.938597      9.03727  132.95449    0.00586    8
   6    6    7   0.840029   -12.827608    -3.602834       13.324  132.97934    0.01275    8
   0    0   14   0.839929    50.494608    13.106476      52.1679  133.01078    0.04891    2
   1    6   11   0.839712     6.573974     0.457944       6.5899  133.07877    0.00313    8
   4    7    8   0.839344    -4.397692    -1.094201      4.53177  133.19487    0.00148    8
   1    5   12   0.838261   -98.646814   -18.301643       100.33  133.53811    0.73309    8
   6    1   11   0.837934    -7.020851    -1.685568      7.22035  133.64228    0.00381    8
   7    4    8   0.837669    -7.793949    -1.510432      7.93896  133.72705    0.00461    8
   5    8    4   0.837398   -11.097306    -1.855901      11.2514  133.81383    0.00928    8
   4    9    0   0.837358    22.676479     1.137302       22.705  133.82656    0.01891    4
   3    8    7   0.837073    20.283012     1.626620      20.3481  133.91838    0.03044    8
   5    1   12   0.837046   -85.115459   -16.194682      86.6424  133.92691    0.55200    8
   8    1    8   0.836911    -8.686107    -0.988262      8.74215  133.97052    0.00563    8
   2    9    5   0.836585    12.138086     0.986118      12.1781  134.07584    0.01095    8
   8    5    4   0.835434    -7.003131    -1.728091      7.21319  134.44989    0.00388    8
   4    9    1   0.835243     6.981738     0.531527      7.00194  134.51211    0.00366    8
   6    7    5   0.834977    -8.381611    -0.379095      8.39018  134.59956    0.00526    8
   7    6    5   0.834326    -6.235415     0.063287      6.23574  134.81367    0.00292    8
   8    3    7   0.834310     4.007001    -0.894303      4.10559  134.81900    0.00127    8
   4    8    6   0.834181    81.641281    18.381845      83.6851  134.86143    0.52720    8
   9    4    0   0.834093    16.111772     0.282378      16.1142  134.89075    0.00978    4
   3    9    4   0.833920  -110.708370   -21.338582      112.746  134.94787    0.95904    8
   3    7    9   0.833777    22.550094     4.685676      23.0318  134.99536    0.04007    8
   9    2    5   0.832731    14.932772     2.734000       15.181  135.34414    0.01756    8
   5    7    7   0.832008   -22.625312    -4.582629      23.0847  135.58720    0.04087    8
   9    4    1   0.832002    -1.956029     1.016268      2.20428  135.58910    0.00037    8
   8    4    6   0.831793    86.916620    17.198208      88.6018  135.65967    0.60318    8
   7    3    9   0.831788   -13.606895     0.246813      13.6091  135.66136    0.01423    8
   7    7    0   0.831446   -57.446751   -15.876603      59.6003  135.77728    0.13688    4
   1    1   14   0.831316   -95.825339   -22.756892      98.4905  135.82126    0.74846    8
   7    5    7   0.830821    -4.275556    -2.457275      4.93139  135.99008    0.00188    8
   9    3    4   0.830349   -85.966971   -16.920559      87.6164  136.15139    0.59742    8
   7    7    1   0.829375    11.694622     3.505138      12.2086  136.48686    0.01170    8
   4    9    2   0.828993    21.610241     2.538194      21.7588  136.61938    0.03730    8
   0    4   13   0.828456    31.590197     4.588814      31.9217  136.80644    0.04034    4
   1    7   10   0.828428   -85.436623   -19.811707      87.7036  136.81628    0.60918    8
   5    5   10   0.827256   -97.419659   -21.647485      99.7958  137.22838    0.79745    8
   2    8    8   0.827207   106.505013    21.054621      108.566  137.24588    0.94422    8
   2    6   11   0.826829    16.141366    -1.174406       16.184  137.37991    0.02106    8
   1    9    6   0.826519   -78.161592   -18.139575      80.2389  137.48997    0.51916    8
   7    1   10   0.826089  -106.802579   -23.298080      109.314  137.64371    0.96757    8
   9    4    2   0.825824    24.735618     3.107688      24.9301  137.73879    0.05045    8
   0   10    0   0.825500   126.586202    21.702431      128.433  137.85529    0.33582    2
   2    5   12   0.825443    -1.076168    -0.373653      1.13919  137.87587    0.00011    8
   6    2   11   0.825276    -4.979779    -1.365928      5.16372  137.93603    0.00218    8
   5    2   12   0.824428    -3.074240    -0.572622      3.12712  138.24366    0.00080    8
   8    2    8   0.824299    98.264923    22.337433      100.772  138.29084    0.83685    8
   1    4   13   0.824267     8.582937     0.858153      8.62573  138.30225    0.00613    8
   6    8    0   0.823762    89.479204    19.562487      91.5927  138.48717    0.34754    4
   4    1   13   0.823545     5.870391     1.188097      5.98941  138.56690    0.00298    8
   0   10    1   0.823473     7.154083     3.343347      7.89676  138.59339    0.00259    4
   7    7    2   0.823255   -73.602974   -18.661356      75.9318  138.67390    0.48017    8
   0    2   14   0.823060    83.809781    16.143210      85.3504  138.74602    0.30394    4
   2    0   14   0.822868    84.962551    16.078600      86.4706  138.81708    0.31259    4
   9    1    6   0.822659  -106.238978   -23.011120      108.702  138.89475    0.99011    8
   8    6    0   0.822418    86.514822    20.134075      88.8268  138.98412    0.33139    4
   4    5   11   0.822138   -36.597285    -3.527268      36.7669  139.08883    0.11388    8
   6    8    1   0.821748    11.713170     3.580953      12.2483  139.23461    0.01269    8
   5    4   11   0.821708     9.990571     0.200718      9.99259  139.24996    0.00845    8
   1   10    0   0.821356     7.165813     0.437301      7.17914  139.38239    0.00219    4
  10    0    0   0.820700   116.658949    23.796205      119.061  139.63044    0.30313    2
   5    6    9   0.820542    -7.397555    -0.232127       7.4012  139.69058    0.00469    8
   8    6    1   0.820414    13.118000     3.278607      13.5215  139.73914    0.01569    8
   6    5    9   0.820019    41.145282     4.119031      41.3509  139.89002    0.14734    8
   3    3   13   0.819809    -5.830215     0.921301      5.90256  139.97049    0.00301    8
   4    6   10   0.819498    80.662543    17.243416       82.485  140.09031    0.58961    8
   1   10    1   0.819359     1.277449     0.065299      1.27912  140.14365    0.00014    8
   1    2   14   0.818952    -8.420714    -0.653810      8.44606  140.30119    0.00622    8
   5    8    5   0.818918   -12.124111    -0.934081        12.16  140.31425    0.01290    8
   4    9    3   0.818881   -15.209201    -1.245197      15.2601  140.32863    0.02032    8
   2    1   14   0.818810    -8.379941    -0.649587      8.40508  140.35620    0.00617    8
   6    4   10   0.818552    83.185898    16.769785      84.8594  140.45662    0.63062    8
   0   10    2   0.817482   109.212231    21.566775      111.321  140.87596    0.54923    4
   8    5    5   0.817081    -6.091249     0.288601      6.09808  141.03462    0.00331    8
  10    1    0   0.816674    10.653364     0.617018      10.6712  141.19626    0.00509    4
   2    7   10   0.816050     0.214074     0.344302     0.405427  141.44586    0.00001    8
   9    4    3   0.815826    -3.814862    -1.410875       4.0674  141.53591    0.00150    8
   6    8    2   0.815794    88.671225    18.835785      90.6497  141.54866    0.74286    8
   3    9    5   0.815664     0.956880     2.740831      2.90306  141.60098    0.00076    8
  10    1    1   0.814711     9.641268     2.383852      9.93161  141.98777    0.00903    8
   8    6    2   0.814489    88.923954    18.043702      90.7361  142.07882    0.75607    8
   2    9    6   0.814225    -7.204621    -0.278751      7.21001  142.18696    0.00479    8
   7    2   10   0.813953     2.294465     0.604116      2.37266  142.29903    0.00052    8
   1   10    2   0.813456     9.621947     0.985765      9.67231  142.50445    0.00870    8
   7    7    3   0.813349    -4.097560    -2.670559        4.891  142.54913    0.00223    8
  10    0    2   0.812820   113.252934    19.033053      114.841  142.76987    0.61829    4
   4    4   12   0.812780    98.971281    21.903559      101.366  142.78661    0.96390    8
   6    7    6   0.812742     8.537781     1.671430      8.69985  142.80220    0.00710    8
   9    3    5   0.812322    12.839469     2.269006      13.0384  142.97889    0.01604    8
   7    6    6   0.812142    11.123990     1.959445      11.2952  143.05464    0.01207    8
   2    4   13   0.812072   -13.083658     0.638505      13.0992  143.08437    0.01624    8
   4    2   13   0.811519    -2.684152     0.686194      2.77048  143.31887    0.00073    8
   9    2    6   0.810671    -4.256558     0.139450      4.25884  143.68243    0.00175    8
   0    8    9   0.809785    30.039859     5.191213      30.4851  144.06644    0.04534    4
   6    6    8   0.809613    91.282365    20.407665      93.5358  144.14183    0.85575    8
   2   10    0   0.809287    69.980060    16.805479      71.9697  144.28471    0.25445    4
  10    1    2   0.808908    11.951883     1.305772       12.023  144.45176    0.01428    8
   4    8    7   0.808164    -0.726239    -2.570392      2.67102  144.78210    0.00071    8
   0   10    3   0.807780   -11.665536    -3.522495      12.1858  144.95421    0.00745    4
   2   10    1   0.807377     9.291201     3.293179      9.85756  145.13589    0.00981    8
   2    2   14   0.806987    57.647695    13.963817      59.3148  145.31261    0.35717    8
   3    8    8   0.806965     0.703212    -0.421440     0.819828  145.32253    0.00007    8
   3    6   11   0.806614     3.736067     0.099380      3.73739  145.48256    0.00143    8
   6    8    3   0.806152    -9.992240    -3.242316      10.5051  145.69491    0.01134    8
   8    4    7   0.805992   -19.509621    -3.184928      19.7679  145.76848    0.04026    8
   1    8    9   0.805872   -19.178366    -1.635519       19.248  145.82409    0.03824    8
   6    3   11   0.805397   -32.869813    -3.643018      33.0711  146.04432    0.11371    8
   3    5   12   0.805328   -80.473928   -16.767646      82.2022  146.07692    0.70326    8
   4    9    4   0.805326    15.864865     0.732385      15.8818  146.07768    0.02625    8
   4    7    9   0.805197    31.014127     2.861958      31.1459  146.13793    0.10116    8
  10    2    0   0.804942    65.352627    18.938000      68.0413  146.25732    0.24235    4
   8    6    3   0.804892    -2.753943    -2.229629      3.54337  146.28085    0.00132    8
   5    3   12   0.804609   -73.167130   -15.597568      74.8112  146.41399    0.58900    8
   8    3    8   0.804489     2.569729    -0.417553      2.60343  146.47080    0.00071    8
   1   10    3   0.803896    14.002152     1.249874      14.0578  146.75272    0.02103    8
   7    4    9   0.803718    -1.220225     0.702099       1.4078  146.83758    0.00021    8
  10    2    1   0.803063     1.592933     0.868298      1.81422  147.15310    0.00036    8
   8    1    9   0.803049     5.652707     1.689201       5.8997  147.15995    0.00376    8
   5    7    8   0.802425   -92.192681   -18.597395      94.0497  147.46374    0.96431    8
   9    4    4   0.802419    10.606405     0.017347      10.6064  147.46621    0.01227    8
   2   10    2   0.801728    60.856943    17.195090      63.2395  147.80687    0.44114    8
   9    0    7   0.801423   -19.170183    -3.006550      19.4045  147.95794    0.02088    4
   7    5    8   0.801359   -84.309375   -17.211196      86.0482  147.98987    0.82191    8
   1    9    7   0.801191    -7.689875    -3.162742      8.31487  148.07373    0.00770    8
   5    9    0   0.800690   -73.277157   -17.803231      75.4089  148.32574    0.31931    4
   7    7    4   0.800062   -60.613288   -15.876656      62.6581  148.64408    0.44586    8
   1    3   14   0.799516   -83.152162   -20.600871      85.6661  148.92424    0.84169    8
  10    1    3   0.799505    -6.856316    -2.031017      7.15081  148.93006    0.00587    8
   3    1   14   0.799164   -87.004697   -21.208942      89.5524  149.10614    0.92576    8
   5    9    1   0.798840    13.561029     3.526065      14.0119  149.27500    0.02280    8
   9    5    0   0.798227   -55.699193   -14.806284      57.6336  149.59709    0.19512    4
   0    6   12   0.798164    98.217300    20.912804      100.419  149.62993    0.59307    4
   5    8    6   0.797910     2.772339     0.996853      2.94611  149.76461    0.00103    8
   9    1    7   0.797673   -16.074647    -1.775238      16.1724  149.89108    0.03106    8
  10    2    2   0.797503    67.177039    15.216042      68.8788  149.98219    0.56524    8
   3    7   10   0.796597   -82.716233   -19.113648      84.8959  150.47186    0.87429    8
   6    0   12   0.796593    93.076793    21.589263      95.5478  150.47406    0.55377    4
   9    5    1   0.796394     5.239977     2.084425      5.63934  150.58325    0.00387    8
   8    5    6   0.796210     0.878641     1.004326      1.33442  150.68389    0.00022    8
   3    9    6   0.794900   -85.130293   -18.444464      87.1055  151.41517    0.95358    8
   7    3   10   0.794863   -96.691615   -21.487133      99.0503  151.43626    1.23403    8
   0   10    4   0.794760   110.846614    20.252208      112.682  151.49430    0.80030    4
   2    8    9   0.794464    -8.801774     1.609393       8.9477  151.66328    0.01016    8
   1    6   12   0.794416    -8.711643    -0.895723      8.75757  151.69025    0.00974    8
   5    9    2   0.793367   -69.525742   -17.070318      71.5907  152.29788    0.66647    8
   6    8    4   0.793209    83.707367    18.718193      85.7747  152.39022    0.96019    8
   6    1   12   0.792910    -8.046261    -0.863817       8.0925  152.56663    0.00861    8
   3    4   13   0.792896   -11.898097    -0.707295      11.9191  152.57506    0.01868    8
   4    3   13   0.792596    25.197303     2.713485       25.343  152.75349    0.08503    8
   2   10    3   0.792570    -4.276853    -2.667753      5.04067  152.76897    0.00337    8
   5    0   13   0.792210    -0.481617     0.693720     0.844513  152.98451    0.00005    4
   8    6    4   0.792009    81.293387    19.200899      83.5302  153.10600    0.93685    8
   8    2    9   0.791886    11.040137     1.709932      11.1718  153.18038    0.01681    8
   9    3    6   0.791805  -106.310017   -22.147078      108.592  153.22969    1.59127    8
   1   10    4   0.791060     4.801084     0.277303      4.80909  153.68734    0.00318    8
   9    5    2   0.790970   -80.972001   -19.427241      83.2699  153.74281    0.95540    8
  10    0    4   0.790474   102.502028    21.995685      104.835  154.05307    0.76692    4
   3   10    0   0.790303    -9.221046    -1.237065      9.30366  154.16094    0.00607    4
   2    9    7   0.789978     2.166874     0.210677      2.17709  154.36730    0.00067    8
   7    0   11   0.789937    11.378838    -0.001050      11.3788  154.39355    0.00916    4
   1    5   13   0.789602     8.064157     2.558223      8.46021  154.60799    0.01022    8
   4    9    5   0.788848    -1.598572    -0.180704      1.60875  155.09889    0.00038    8
   6    7    7   0.788623   -29.796497    -2.871297      29.9345  155.24729    0.13154    8
   5    1   13   0.788587   -19.367242    -1.302190       19.411  155.27124    0.05537    8
   3   10    1   0.788524    -9.161404    -0.914708      9.20695  155.31317    0.01248    8
  10    2    3   0.788487    -8.873502    -1.452661      8.99162  155.33751    0.01191    8
   2    3   14   0.788372     5.242507     0.613069      5.27823  155.41457    0.00412    8
   1    7   11   0.788361   -13.689308    -3.427878       14.112  155.42147    0.02946    8
   3    2   14   0.788161     6.518844     0.729148       6.5595  155.55563    0.00640    8
   7    6    7   0.788075     6.422775     0.110605      6.42373  155.61327    0.00615    8
   5    5   11   0.787351   -11.205724    -2.726622      11.5327  156.10584    0.02027    8
  10    1    4   0.786875     7.317668     0.399330      7.32856  156.43602    0.00831    8
   9    2    7   0.786730    13.737572     0.056923      13.7377  156.53693    0.02933    8
  10    3    0   0.786465    -9.770196    -1.565237      9.89478  156.72418    0.00767    4
   7    1   11   0.786345    21.007900     1.476091      21.0597  156.80918    0.06979    8
   9    4    5   0.786116    -6.108098     0.379304      6.11986  156.97223    0.00594    8
   5    6   10   0.785031     4.145298     0.992753      4.26252  157.76296    0.00299    8
  10    3    1   0.784711     5.568624     1.636242      5.80404  158.00179    0.00561    8
   6    5   10   0.784573     1.485289     0.793467      1.68395  158.10571    0.00047    8
   5    9    3   0.784489    -0.216374    -2.177881       2.1886  158.16951    0.00080    8
   7    7    5   0.783899    13.953512     3.197250      14.3151  158.62144    0.03514    8
   2    6   12   0.783481    94.557392    20.357722       96.724  158.94774    1.63066    8
   3   10    2   0.783259    -1.344997     0.290807      1.37608  159.12358    0.00033    8
   9    5    3   0.782172    -6.261516    -2.052091      6.58921  160.00608    0.00799    8
   6    2   12   0.782160    89.551275    20.819515      91.9396  160.01645    1.55615    8
   4    8    8   0.780971    84.112185    18.619386      86.1484  161.03189    1.44282    8
   4    6   11   0.780653   -18.506778    -3.556375      18.8454  161.31346    0.07013    8
   1    0   15   0.780381    18.201185     1.477965      18.2611  161.55761    0.03338    4
   2   10    4   0.780261    70.224663    16.587112       72.157  161.66709    1.04878    8
   6    4   11   0.779835    -4.759456    -1.793028        5.086  162.05851    0.00533    8
  10    3    2   0.779522    -3.842092     0.332835      3.85648  162.35304    0.00312    8
   4    5   12   0.779486     0.372061    -0.400661     0.546771  162.38648    0.00006    8
   5    4   12   0.779120    -1.402131    -0.578070      1.51662  162.73804    0.00049    8
   8    4    8   0.779010    80.678031    19.488601      82.9985  162.84418    1.48655    8
   0   10    5   0.778910     1.122179     2.230413       2.4968  162.94245    0.00068    4
   2    5   13   0.778862    15.859672     1.580808      15.9383  162.98958    0.05530    8
   6    6    9   0.778839     6.582124     2.401566      7.00656  163.01260    0.01070    8
   5    2   13   0.778009    -9.137234    -0.182701      9.13906  163.85105    0.01919    8
   0    4   14   0.777964    61.018988    14.655277      62.7542  163.89777    0.45367    4
   2    7   11   0.777671   -15.662842    -1.476034      15.7322  164.20642    0.05817    8
   6    8    5   0.777450     9.304547     2.843705       9.7294  164.44328    0.02260    8
   4    0   14   0.777317    62.973183    14.342742      64.5859  164.58744    0.50271    4
   1    1   15   0.776917    -6.168606    -0.943420      6.24033  165.02901    0.00967    8
   3    8    9   0.776481     4.692779     0.464821      4.71574  165.52744    0.00572    8
  10    2    4   0.776365    65.825494    18.331897      68.3305  165.66342    1.21222    8
   8    6    5   0.776320    17.209349     3.221674      17.5083  165.71627    0.07989    8
   7    2   11   0.775856    -2.754336    -1.104834      2.96766  166.27411    0.00239    8
   0    8   10   0.775596    72.564104    17.044636       74.539  166.59662    0.77270    4
   1   10    5   0.775426    13.033112     1.131565      13.0821  166.81268    0.04840    8
   5    8    7   0.775052     4.232247     0.303639      4.24312  167.29991    0.00529    8
   3   10    3   0.774713    -0.961585     0.013834     0.961685  167.75857    0.00028    8
   1    9    8   0.774673   -87.568797   -18.767453      89.5573  167.81310    2.45830    8
   7    8    0   0.774597   -11.167694    -1.905536      11.3291  167.91881    0.01984    4
   1    4   14   0.774493    12.670304     1.223567      12.7292  168.06620    0.05074    8
   8    3    9   0.774274    23.719305     3.003256      23.9087  168.37970    0.18390    8
   8    7    0   0.773998   -10.535691    -1.927040      10.7105  168.78861    0.01914    4
   4    1   14   0.773893    11.821086     1.154932      11.8774  168.94742    0.04775    8
   8    5    7   0.773493   -25.243509    -2.890296      25.4084  169.57794    0.23196    8
   8    0   10   0.773038    78.099426    15.895622      79.7006  170.34566    1.23308    4
   7    8    1   0.772922    -6.979181    -0.524052      6.99883  170.55177    0.01944    8
   5    9    4   0.772547   -71.674589   -17.311249      73.7355  171.25106    2.33170    8
   5    7    9   0.772433    -0.753272     1.854966      2.00208  171.47480    0.00176    8
   8    7    1   0.772327     9.473173     1.146246      9.54227  171.68931    0.04113    8
   3    9    7   0.772292   -22.279648    -4.068366      22.6481  171.76139    0.23373    8
   1    8   10   0.772156     1.081895     0.228711      1.10581  172.04664    0.00058    8
   4    7   10   0.771562     0.543369     0.548789     0.772282  173.43637    0.00034    8
   9    1    8   0.771492   -65.293178   -14.842458      66.9589  173.62076    2.64303    8
   7    5    9   0.771483     9.048129     2.314564      9.33948  173.64438    0.05161    8
  10    1    5   0.771483     8.821893     2.006701      9.04725  173.64502    0.04844    8
  10    3    3   0.771096    -9.542504    -1.909823      9.73174  174.78092    0.06830    8
   3    3   14   0.770791   -89.830601   -20.539016      92.1487  175.89624    7.79302    8
   9    5    4   0.770334   -57.270720   -14.771206      59.1449  178.86897   11.65997    8
   7    4   10   0.770260     3.278375     0.886008      3.39599   -1.#IND0   -1.#IND0    8
   0    2   15   0.770165   -11.264799    -1.756108      11.4009   -1.#IND0   -1.#IND0    4
   4    9    6   0.770019    10.027992     1.418879      10.1279   -1.#IND0   -1.#IND0    8
   8    1   10   0.769671     0.571339     0.232710     0.616913   -1.#IND0   -1.#IND0    8
   9    3    7   0.769453     5.634088    -0.402590      5.64845   -1.#IND0   -1.#IND0    8
   4    4   13   0.768197    13.677302     2.560831       13.915   -1.#IND0   -1.#IND0    8
   7    8    2   0.767961    -0.004127     0.868546     0.868556   -1.#IND0   -1.#IND0    8
   9    4    6   0.767477    12.584125     1.867005      12.7219   -1.#IND0   -1.#IND0    8
   8    7    2   0.767377    -4.402187     0.545551      4.43586   -1.#IND0   -1.#IND0    8
   1    2   15   0.766796   -11.346376    -1.145024       11.404   -1.#IND0   -1.#IND0    8
   2    1   15   0.766680    -2.760408    -0.500596      2.80543   -1.#IND0   -1.#IND0    8
   3    6   12   0.766218     2.307636    -0.129299      2.31126   -1.#IND0   -1.#IND0    8
   4   10    0   0.765838    89.931361    18.256798      91.7658   -1.#IND0   -1.#IND0    4
   7    7    6   0.765414   -72.874115   -17.728503      74.9996   -1.#IND0   -1.#IND0    8
   2   10    5   0.765246    10.236978     2.866507      10.6307   -1.#IND0   -1.#IND0    8
   6    3   12   0.765175     3.647620    -0.055710      3.64805   -1.#IND0   -1.#IND0    8
   2    9    8   0.764523    -2.845305    -0.509076      2.89049   -1.#IND0   -1.#IND0    8
   2    4   14   0.764349    71.478712    15.572364      73.1553   -1.#IND0   -1.#IND0    8
   4   10    1   0.764219     6.288364     2.451134      6.74919   -1.#IND0   -1.#IND0    8
   4    2   14   0.763888    73.575736    15.431591      75.1766   -1.#IND0   -1.#IND0    8
   6    7    8   0.763295     1.383710    -0.576282      1.49892   -1.#IND0   -1.#IND0    8
   3   10    4   0.763205    -6.970160    -0.994313      7.04072   -1.#IND0   -1.#IND0    8
   7    6    8   0.762798    -2.149970    -0.946485      2.34909   -1.#IND0   -1.#IND0    8
  10    4    0   0.762611    84.931226    19.456289      87.1313   -1.#IND0   -1.#IND0    4
   2    8   10   0.762103    71.651169    16.824864         73.6   -1.#IND0   -1.#IND0    8
   3    5   13   0.761896     9.189200     2.368454      9.48952   -1.#IND0   -1.#IND0    8
   6    9    0   0.761801   -19.082034    -2.460372        19.24   -1.#IND0   -1.#IND0    4
   9    2    8   0.761578    -4.510579    -0.786725      4.57867   -1.#IND0   -1.#IND0    8
  10    2    5   0.761570    -4.744300     0.136561      4.74626   -1.#IND0   -1.#IND0    8
   5    3   13   0.761288    16.602463     2.483465      16.7872   -1.#IND0   -1.#IND0    8
  10    4    1   0.761012     7.965047     1.783088      8.16219   -1.#IND0   -1.#IND0    8
   3    7   11   0.760781    -2.322856    -2.053864      3.10065   -1.#IND0   -1.#IND0    8
   0   10    6   0.760767    85.497321    18.778879      87.5354   -1.#IND0   -1.#IND0    4
   6    9    1   0.760208     8.371920     0.713381      8.40226   -1.#IND0   -1.#IND0    8
   9    6    0   0.760095   -20.775963    -2.822544      20.9668   -1.#IND0   -1.#IND0    4
   7    8    3   0.759901     3.763029     0.249449      3.77129   -1.#IND0   -1.#IND0    8
   8    2   10   0.759827    76.100916    15.829851      77.7299   -1.#IND0   -1.#IND0    8
  10    3    4   0.759746    -7.188911    -1.250508      7.29686   -1.#IND0   -1.#IND0    8
   4   10    2   0.759423    86.204027    18.810010      88.2324   -1.#IND0   -1.#IND0    8
   6    8    6   0.759407    77.646836    17.357269      79.5632   -1.#IND0   -1.#IND0    8
   8    7    3   0.759335     1.326638    -0.151203      1.33523   -1.#IND0   -1.#IND0    8
   7    3   11   0.759269   -16.808775    -2.446745      16.9859   -1.#IND0   -1.#IND0    8
   9    6    1   0.758512    -1.900198     0.302001      1.92405   -1.#IND0   -1.#IND0    8
   8    6    6   0.758353    78.131526    16.816621      79.9208   -1.#IND0   -1.#IND0    8
   5    9    5   0.757965    19.895529     3.644240      20.2265   -1.#IND0   -1.#IND0    8
   1   10    6   0.757520     4.823690     0.557857      4.85584   -1.#IND0   -1.#IND0    8
  10    0    6   0.757005    88.999876    17.026403      90.6139   -1.#IND0   -1.#IND0    4
   2    2   15   0.756949     4.536082    -0.260619      4.54356   -1.#IND0   -1.#IND0    8
  10    4    2   0.756276    86.828628    17.218870      88.5195   -1.#IND0   -1.#IND0    8
   9    5    5   0.755875     2.696473     1.513060      3.09198   -1.#IND0   -1.#IND0    8
   0    6   13   0.755822   -13.148825     0.479361      13.1576   -1.#IND0   -1.#IND0    4
   6    9    2   0.755486   -15.649592    -0.740107      15.6671   -1.#IND0   -1.#IND0    8
  10    1    6   0.753842     5.784093     0.730927      5.83009   -1.#IND0   -1.#IND0    8
   9    6    2   0.753821   -10.712378    -0.093944      10.7128   -1.#IND0   -1.#IND0    8
   3    0   15   0.753602    -6.471447    -0.945075      6.54009   -1.#IND0   -1.#IND0    4
   4    8    9   0.753240    14.063644     3.087468      14.3986   -1.#IND0   -1.#IND0    8
   1    6   13   0.752637     0.582313     0.107174     0.592094   -1.#IND0   -1.#IND0    8
   4   10    3   0.751626    -7.533824    -2.424064       7.9142   -1.#IND0   -1.#IND0    8
   8    4    9   0.751481    -5.364092     0.580447      5.39541   -1.#IND0   -1.#IND0    8
   6    1   13   0.751356    14.346543     1.989066      14.4838   -1.#IND0   -1.#IND0    8
   5    8    8   0.750969    -4.976656    -1.022662      5.08064   -1.#IND0   -1.#IND0    8
   1    3   15   0.750773    -1.872590    -1.123713      2.18388   -1.#IND0   -1.#IND0    8
   5    6   11   0.750687     5.927806     0.286903      5.93475   -1.#IND0   -1.#IND0    8
   1    7   12   0.750521   -78.395522   -16.998691      80.2173   -1.#IND0   -1.#IND0    8
   3    1   15   0.750481     8.648356     0.472747      8.66127   -1.#IND0   -1.#IND0    8
   6    5   11   0.750286    11.899714     0.686598      11.9195   -1.#IND0   -1.#IND0    8
   5    5   12   0.749649   -78.368269   -16.457669      80.0777   -1.#IND0   -1.#IND0    8
   8    5    8   0.749552    -2.858299    -0.956089      3.01396   -1.#IND0   -1.#IND0    8
   4    9    7   0.749414   -14.627897    -1.321079      14.6874   -1.#IND0   -1.#IND0    8
   3   10    5   0.749136   -14.504970    -1.425858      14.5749   -1.#IND0   -1.#IND0    8
   7    8    4   0.749032    -8.544675    -1.556527      8.68529   -1.#IND0   -1.#IND0    8
   7    1   12   0.748780   -64.580029   -14.623609       66.215   -1.#IND0   -1.#IND0    8
  10    4    3   0.748574     2.830638    -0.710816      2.91852   -1.#IND0   -1.#IND0    8
   8    7    4   0.748490    -7.723030    -1.546464      7.87634   -1.#IND0   -1.#IND0    8
   3    9    8   0.748458   -82.586373   -18.017374      84.5289   -1.#IND0   -1.#IND0    8
   3    4   14   0.748295    -5.899240    -0.321291      5.90798   -1.#IND0   -1.#IND0    8
   6    6   10   0.748278    73.401185    16.272780      75.1834   -1.#IND0   -1.#IND0    8
   4    3   14   0.748043    -6.557967    -0.374826      6.56867   -1.#IND0   -1.#IND0    8
   2   10    6   0.748021    62.355749    16.460383      64.4917   -1.#IND0   -1.#IND0    8
   6    9    3   0.747809    -0.787984    -0.027348     0.788458   -1.#IND0   -1.#IND0    8
   9    0    9   0.747774   -14.573911    -0.388193      14.5791   -1.#IND0   -1.#IND0    4
   1    9    9   0.747585    13.318497     3.019517      13.6565   -1.#IND0   -1.#IND0    8
   1   11    0   0.747337   -84.273191   -18.789874      86.3425   -1.#IND0   -1.#IND0    4
   9    4    7   0.747070    -5.383924    -1.213409      5.51897   -1.#IND0   -1.#IND0    8
   9    6    3   0.746194     0.603523    -0.381270     0.713868   -1.#IND0   -1.#IND0    8
   3    8   10   0.746186     2.541537     0.566583      2.60393   -1.#IND0   -1.#IND0    8
   9    3    8   0.745873   -67.404526   -15.179239      69.0925   -1.#IND0   -1.#IND0    8
  10    3    5   0.745865     0.646742     0.949716      1.14902   -1.#IND0   -1.#IND0    8
   1   11    1   0.745832     7.689923     2.318589      8.03186   -1.#IND0   -1.#IND0    8
   1    5   14   0.745525   -76.316442   -18.362216      78.4944   -1.#IND0   -1.#IND0    8
   7    7    7   0.745167     1.146967    -1.419600      1.82505   -1.#IND0   -1.#IND0    8
   9    1    9   0.744725   -11.353529    -0.787299      11.3808   -1.#IND0   -1.#IND0    8
   5    1   14   0.744670   -83.705146   -19.601949      85.9697   -1.#IND0   -1.#IND0    8
  11    0    1   0.744594     7.792956     1.844422      8.00825   -1.#IND0   -1.#IND0    4
  10    2    6   0.744586    66.567870    15.035920      68.2449   -1.#IND0   -1.#IND0    8
   8    3   10   0.744227     1.325240     0.561984      1.43947   -1.#IND0   -1.#IND0    8
   4    6   12   0.743861    79.797968    18.363872      81.8837   -1.#IND0   -1.#IND0    8
   2    6   13   0.743318    20.085896     3.405582      20.3726   -1.#IND0   -1.#IND0    8
   6    4   12   0.743153    78.101835    18.625885      80.2921   -1.#IND0   -1.#IND0    8
  11    1    0   0.743062   -63.786561   -14.768170      65.4738   -1.#IND0   -1.#IND0    4
   5    7   10   0.742592   -75.444821   -17.645310      77.4808   -1.#IND0   -1.#IND0    8
   0    8   11   0.742424     9.543573    -0.827661      9.57939   -1.#IND0   -1.#IND0    4
   6    2   13   0.742190     1.889152     0.748471      2.03202   -1.#IND0   -1.#IND0    8
   7    5   10   0.741747   -80.603427   -18.592585        82.72   -1.#IND0   -1.#IND0    8
  11    1    1   0.741583     1.261878     0.357910      1.31165   -1.#IND0   -1.#IND0    8
   2    3   15   0.741522    -9.406559    -1.062882      9.46642   -1.#IND0   -1.#IND0    8
   1   11    2   0.741372   -65.735990   -15.524972      67.5444   -1.#IND0   -1.#IND0    8
   3    2   15   0.741347    11.486929     0.773091      11.5129   -1.#IND0   -1.#IND0    8
   2    7   12   0.741280    -1.316254    -0.328703      1.35668   -1.#IND0   -1.#IND0    8
   5    9    6   0.741216   -66.539799   -16.205139      68.4847   -1.#IND0   -1.#IND0    8
   4   10    4   0.741103    81.707751    17.321682      83.5236   -1.#IND0   -1.#IND0    8
   0   10    7   0.740878   -10.074105    -2.598780      10.4039   -1.#IND0   -1.#IND0    4
   4    5   13   0.739904    -8.409659    -0.528606      8.42626   -1.#IND0   -1.#IND0    8
   7    2   12   0.739707    -2.377991    -0.480134      2.42598   -1.#IND0   -1.#IND0    8
   6    8    7   0.739621    -5.848566    -2.113881      6.21886   -1.#IND0   -1.#IND0    8
   5    4   13   0.739591    -2.838643     0.124719      2.84138   -1.#IND0   -1.#IND0    8
   1    8   11   0.739404   -10.026198    -0.951519      10.0712   -1.#IND0   -1.#IND0    8
   9    5    6   0.739261   -74.966526   -17.957589      77.0873   -1.#IND0   -1.#IND0    8
   4    7   11   0.738883     9.418006     0.761129      9.44871   -1.#IND0   -1.#IND0    8
   8    6    7   0.738647     3.411781    -0.990022      3.55252   -1.#IND0   -1.#IND0    8
   2    9    9   0.738451     8.565514     0.789155      8.60179   -1.#IND0   -1.#IND0    8
   2   11    0   0.738211    10.160239     0.762797      10.1888   -1.#IND0   -1.#IND0    4
  10    4    4   0.738177    77.556940    18.325557      79.6926   -1.#IND0   -1.#IND0    8
   1   10    7   0.737877    17.279046     1.648722      17.3575   -1.#IND0   -1.#IND0    8
   7    4   11   0.737740     5.757859     0.009662      5.75787   -1.#IND0   -1.#IND0    8
   5   10    0   0.737485    -2.553322    -0.739512      2.65826   -1.#IND0   -1.#IND0    4
   6    9    4   0.737443   -13.483819    -1.879777      13.6142   -1.#IND0   -1.#IND0    8
   6    7    9   0.737344   -10.695227    -0.826418      10.7271   -1.#IND0   -1.#IND0    8
   8    1   11   0.737222   -11.901747    -1.907979      12.0537   -1.#IND0   -1.#IND0    8
  11    1    2   0.737198   -85.018003   -19.265610      87.1735   -1.#IND0   -1.#IND0    8
   7    6    9   0.736896    -3.238244     0.020741      3.23831   -1.#IND0   -1.#IND0    8
   2   11    1   0.736761     2.669256     0.163615      2.67427   -1.#IND0   -1.#IND0    8
   2    5   14   0.736464    -0.746599     0.093842     0.752474   -1.#IND0   -1.#IND0    8
   5   10    1   0.736039    -5.492644    -0.644039      5.53027   -1.#IND0   -1.#IND0    8
   9    6    4   0.735894   -15.148595    -2.211677      15.3092   -1.#IND0   -1.#IND0    8
   9    2    9   0.735796    12.136456     1.968448      12.2951   -1.#IND0   -1.#IND0    8
   5    2   14   0.735743    -0.198223     0.162864     0.256548   -1.#IND0   -1.#IND0    8
   7    8    5   0.735719    -7.506557    -0.627825      7.53277   -1.#IND0   -1.#IND0    8
   8    7    5   0.735205    15.253544     1.667885      15.3445   -1.#IND0   -1.#IND0    8
   0    0   16   0.734937    69.967584    18.199474      72.2958   -1.#IND0   -1.#IND0    2
  10    5    0   0.734909    -1.557625    -0.907740      1.80283   -1.#IND0   -1.#IND0    4
  10    1    7   0.734477    -3.244098    -1.250079      3.47662   -1.#IND0   -1.#IND0    8
  11    2    0   0.734193     8.367183     0.419516      8.37769   -1.#IND0   -1.#IND0    4
   1   11    3   0.734112   -10.023889    -2.421328      10.3122   -1.#IND0   -1.#IND0    8
  10    5    1   0.733478     4.972089     1.053792      5.08253   -1.#IND0   -1.#IND0    8
   3   10    6   0.732954     0.220273     0.313916     0.383488   -1.#IND0   -1.#IND0    8
  11    0    3   0.732931     3.949956    -0.655712      4.00401   -1.#IND0   -1.#IND0    4
   0    4   15   0.732842     8.258458    -0.293688      8.26368   -1.#IND0   -1.#IND0    4
  11    2    1   0.732766     1.635735     1.115130      1.97968   -1.#IND0   -1.#IND0    8
   2   11    2   0.732460     8.660577     1.002435       8.7184   -1.#IND0   -1.#IND0    8
   5   10    2   0.731751     4.839490     0.937420      4.92944   -1.#IND0   -1.#IND0    8
   2    8   11   0.730563   -16.891960    -3.166478      17.1862   -1.#IND0   -1.#IND0    8
  11    1    3   0.730060     0.637411    -0.160173     0.657227   -1.#IND0   -1.#IND0    8
   1    4   15   0.729938     6.566490     0.549540      6.58945   -1.#IND0   -1.#IND0    8
  10    3    6   0.729889    -1.217698     0.366688      1.27171   -1.#IND0   -1.#IND0    8
   4    1   15   0.729436    -9.833518    -1.319151       9.9216   -1.#IND0   -1.#IND0    8
  10    5    2   0.729234     3.815210     1.092205      3.96847   -1.#IND0   -1.#IND0    8
   1    1   16   0.729147   -71.836586   -15.126355      73.4119   -1.#IND0   -1.#IND0    8
   2   10    7   0.729090    -0.263257    -1.532911      1.55535   -1.#IND0   -1.#IND0    8
   8    2   11   0.728557     3.122391    -0.191081      3.12823   -1.#IND0   -1.#IND0    8
  11    2    2   0.728534    10.413849     1.345795      10.5004   -1.#IND0   -1.#IND0    8
   3    6   13   0.728528    -5.047889    -0.345705      5.05971   -1.#IND0   -1.#IND0    8
   4   10    5   0.728201     3.251023     1.771789      3.70248   -1.#IND0   -1.#IND0    8
   6    3   13   0.727631    -4.518365     0.057655      4.51873   -1.#IND0   -1.#IND0    8
   4    9    8   0.727578     3.923297    -0.011131      3.92331   -1.#IND0   -1.#IND0    8
   8    8    0   0.727515    74.418201    17.046765      76.3457   -1.#IND0   -1.#IND0    4
   4    4   14   0.727428    62.344252    14.622186       64.036   -1.#IND0   -1.#IND0    8
   3    3   15   0.726837    -9.473042    -1.691215      9.62282   -1.#IND0   -1.#IND0    8
   3    7   12   0.726608   -76.318615   -16.623770      78.1081   -1.#IND0   -1.#IND0    8
   5    8    9   0.726215    -7.511610    -0.663477      7.54085   -1.#IND0   -1.#IND0    8
   8    8    1   0.726127     5.017998     1.815168      5.33621   -1.#IND0   -1.#IND0    8
  10    2    7   0.725908    -9.709437    -1.368964      9.80547   -1.#IND0   -1.#IND0    8
   4    8   10   0.725491    67.892096    16.079103      69.7702   -1.#IND0   -1.#IND0    8
   2   11    3   0.725457    -2.626781    -0.170630      2.63232   -1.#IND0   -1.#IND0    8
   9    4    8   0.725433     1.229099    -0.427281      1.30125   -1.#IND0   -1.#IND0    8
  10    4    5   0.725425    14.106196     2.170468      14.2722   -1.#IND0   -1.#IND0    8
   7    3   12   0.725291   -67.482320   -15.025715      69.1349   -1.#IND0   -1.#IND0    8
   8    5    9   0.724933    -8.476427    -0.361615      8.48414   -1.#IND0   -1.#IND0    8
   5   10    3   0.724768     7.251506     0.810351      7.29664   -1.#IND0   -1.#IND0    8
   6    9    5   0.724728    11.965015     1.105974       12.016   -1.#IND0   -1.#IND0    8
   1   11    4   0.724299   -77.953405   -17.828487      79.9662   -1.#IND0   -1.#IND0    8
   3    9    9   0.723943    -3.513684     1.142421      3.69474   -1.#IND0   -1.#IND0    8
   8    4   10   0.723918    70.091714    15.450497      71.7744   -1.#IND0   -1.#IND0    8
   3   11    0   0.723718   -75.658664   -17.589340      77.6764   -1.#IND0   -1.#IND0    4
   7    7    8   0.723689   -61.753186   -15.238493      63.6056   -1.#IND0   -1.#IND0    8
   0    2   16   0.723557    93.092538    20.042237      95.2256   -1.#IND0   -1.#IND0    4
   2    0   16   0.723426    92.706235    20.089480       94.858   -1.#IND0   -1.#IND0    4
   9    6    5   0.723258    -2.429968     0.136758      2.43381   -1.#IND0   -1.#IND0    8
   5    9    7   0.722784     6.669766    -0.779404      6.71515   -1.#IND0   -1.#IND0    8
   7    9    0   0.722416   -77.373749   -17.210414      79.2647   -1.#IND0   -1.#IND0    4
   3   11    1   0.722351     8.361775     2.131581      8.62919   -1.#IND0   -1.#IND0    8
  10    5    3   0.722323    -0.132573    -0.549699     0.565459   -1.#IND0   -1.#IND0    8
   3    5   14   0.722072   -62.835253   -16.612858      64.9943   -1.#IND0   -1.#IND0    8
   8    8    2   0.722009    78.675514    17.090566      80.5104   -1.#IND0   -1.#IND0    8
  11    2    3   0.721642   -10.167538    -1.860011      10.3363   -1.#IND0   -1.#IND0    8
   9    3    9   0.721603     9.445470     1.558192      9.57313   -1.#IND0   -1.#IND0    8
   5    3   14   0.721554   -66.542536   -17.270407      68.7472   -1.#IND0   -1.#IND0    8
   2    4   15   0.721428   -12.706207    -2.199367      12.8952   -1.#IND0   -1.#IND0    8
   9    7    0   0.721380   -74.210706   -16.437827      76.0094   -1.#IND0   -1.#IND0    4
   7    9    1   0.721056     2.494192     1.572205      2.94836   -1.#IND0   -1.#IND0    8
   4    2   15   0.721040    -4.922808    -0.982903      5.01997   -1.#IND0   -1.#IND0    8
   9    5    7   0.720971    -4.715968    -1.437647      4.93023   -1.#IND0   -1.#IND0    8
   1    2   16   0.720761    -7.361308    -0.741183      7.39853   -1.#IND0   -1.#IND0    8
   2    1   16   0.720664    -6.864526    -0.693944      6.89951   -1.#IND0   -1.#IND0    8
   1    9   10   0.720434   -64.374560   -15.742291      66.2714   -1.#IND0   -1.#IND0    8
  11    1    4   0.720405   -60.629563   -14.369844      62.3092   -1.#IND0   -1.#IND0    8
   7    8    6   0.720373     1.188243     0.735518      1.39746   -1.#IND0   -1.#IND0    8
  11    3    0   0.720091   -58.377948   -14.297228      60.1032   -1.#IND0   -1.#IND0    4
   9    7    1   0.720026     2.978284     1.469629      3.32114   -1.#IND0   -1.#IND0    8
   8    7    6   0.719891    -1.487916     0.530827      1.57977   -1.#IND0   -1.#IND0    8
   0   10    8   0.719758    78.017857    16.785797      79.8032   -1.#IND0   -1.#IND0    4
  11    3    1   0.718744     1.496257     0.725009      1.66266   -1.#IND0   -1.#IND0    8
   6    8    8   0.718606    68.844162    16.402825      70.7713   -1.#IND0   -1.#IND0    8
   6    6   11   0.718358    -5.669325    -1.740831      5.93058   -1.#IND0   -1.#IND0    8
   3   11    2   0.718296   -63.311397   -15.116675      65.0911   -1.#IND0   -1.#IND0    8
   9    1   10   0.717873   -78.188717   -18.340064      80.3109   -1.#IND0   -1.#IND0    8
   5    6   12   0.717798    -3.628240    -0.745505      3.70404   -1.#IND0   -1.#IND0    8
   8    6    8   0.717713    67.534234    16.692241      69.5665   -1.#IND0   -1.#IND0    8
   6    5   12   0.717448    -1.649945    -0.576918       1.7479   -1.#IND0   -1.#IND0    8
   7    9    2   0.717024   -79.155070   -17.139139      80.9894   -1.#IND0   -1.#IND0    8
   1   10    8   0.717006     0.741650    -0.015227     0.741806   -1.#IND0   -1.#IND0    8
   0    6   14   0.716895    60.039609    14.720949       61.818   -1.#IND0   -1.#IND0    4
  10    0    8   0.716570    73.017905    17.782350       75.152   -1.#IND0   -1.#IND0    4
   3    8   11   0.716507    10.858618     1.021094      10.9065   -1.#IND0   -1.#IND0    8
   7    0   13   0.716170     2.442502     0.841436      2.58338   -1.#IND0   -1.#IND0    4
   9    7    2   0.716010   -83.721692   -18.008374      85.6366   -1.#IND0   -1.#IND0    8
   2   11    4   0.715982     7.195464     0.535786      7.21538   -1.#IND0   -1.#IND0    8
   6    0   14   0.715756    63.810375    14.410822      65.4174   -1.#IND0   -1.#IND0    4
   5   10    4   0.715319    -2.303899    -0.645775      2.39269   -1.#IND0   -1.#IND0    8
   8    8    3   0.715299    -8.866199    -2.088282      9.10881   -1.#IND0   -1.#IND0    8
   3   10    7   0.715117    -5.694670    -0.486779      5.71544   -1.#IND0   -1.#IND0    8
   1    7   13   0.714995     4.758393     1.805538      5.08943   -1.#IND0   -1.#IND0    8
   8    3   11   0.714772     4.148055    -0.175603      4.15177   -1.#IND0   -1.#IND0    8
  11    3    2   0.714750   -75.059264   -17.730469       77.125   -1.#IND0   -1.#IND0    8
   5    5   13   0.714241     1.982456     1.243894      2.34039   -1.#IND0   -1.#IND0    8
   1    6   14   0.714175    -8.619795    -0.759374      8.65318   -1.#IND0   -1.#IND0    8
  10    1    8   0.713886     1.520938    -0.000776      1.52094   -1.#IND0   -1.#IND0    8
   7    1   13   0.713490    14.043949     1.593664      14.1341   -1.#IND0   -1.#IND0    8
   5    7   11   0.713322   -11.297521    -2.362494      11.5419   -1.#IND0   -1.#IND0    8
   4   10    6   0.713311    71.787459    16.805390      73.7283   -1.#IND0   -1.#IND0    8
   6    1   14   0.713080    -8.945887    -0.777983      8.97965   -1.#IND0   -1.#IND0    8
  10    5    4   0.712968    -1.444246    -0.783731      1.64319   -1.#IND0   -1.#IND0    8
   7    5   11   0.712574    -1.141487    -1.098121      1.58394   -1.#IND0   -1.#IND0    8
   2    2   16   0.712564    67.599113    17.333566       69.786   -1.#IND0   -1.#IND0    8
  11    2    4   0.712314     5.692017     0.241505      5.69714   -1.#IND0   -1.#IND0    8
  10    3    7   0.712269    -8.514880    -1.520988      8.64966   -1.#IND0   -1.#IND0    8
   2    9   10   0.712248    -0.080012     0.164362     0.182802   -1.#IND0   -1.#IND0    8
   1   11    5   0.712241     3.421427     1.580257      3.76874   -1.#IND0   -1.#IND0    8
   3   11    3   0.711688    -0.552302    -1.275672       1.3901   -1.#IND0   -1.#IND0    8
   6    7   10   0.711255     0.822468     0.561294     0.995743   -1.#IND0   -1.#IND0    8
  11    0    5   0.711162    14.746234     2.308915      14.9259   -1.#IND0   -1.#IND0    4
   7    6   10   0.710853     2.828128     0.790922      2.93664   -1.#IND0   -1.#IND0    8
  10    4    6   0.710701    72.653329    15.703307       74.331   -1.#IND0   -1.#IND0    8
   0    8   12   0.710564    75.977014    17.000165      77.8557   -1.#IND0   -1.#IND0    4
   7    9    3   0.710450    -9.863581    -2.188438      10.1034   -1.#IND0   -1.#IND0    8
   6    9    6   0.710046    -7.122206    -0.199418        7.125   -1.#IND0   -1.#IND0    8
   9    2   10   0.709865     1.160502     0.371389      1.21848   -1.#IND0   -1.#IND0    8
   9    7    3   0.709465    -5.192671    -1.595412      5.43223   -1.#IND0   -1.#IND0    8
   4    6   13   0.709230    -2.447490     0.916313       2.6134   -1.#IND0   -1.#IND0    8
   2   10    8   0.708936    65.735188    15.494760      67.5367   -1.#IND0   -1.#IND0    8
   9    6    6   0.708663    -4.031442     0.241603      4.03868   -1.#IND0   -1.#IND0    8
   6    4   13   0.708617     3.955345     1.215310      4.13784   -1.#IND0   -1.#IND0    8
   8    0   12   0.708596    71.137988    17.521660      73.2641   -1.#IND0   -1.#IND0    4
  11    1    5   0.708538     2.380195     0.419717      2.41692   -1.#IND0   -1.#IND0    8
  11    3    3   0.708238    -2.422937    -0.771284      2.54274   -1.#IND0   -1.#IND0    8
   1    8   12   0.707916     2.937560     0.205114      2.94471   -1.#IND0   -1.#IND0    8
   3    4   15   0.707883    -0.374303    -0.222454     0.435418   -1.#IND0   -1.#IND0    8
   4    3   15   0.707669     1.900739    -0.095386      1.90313   -1.#IND0   -1.#IND0    8
   4    7   12   0.707458     1.414760    -0.176261       1.4257   -1.#IND0   -1.#IND0    8
   1    3   16   0.707405   -64.459147   -14.551821      66.0813   -1.#IND0   -1.#IND0    8
   5    0   15   0.707395     5.522355     0.132908      5.52395   -1.#IND0   -1.#IND0    4
   3    1   16   0.707161   -62.350636   -14.194032      63.9459   -1.#IND0   -1.#IND0    8
   2    7   13   0.706992    -3.847439    -0.329671      3.86154   -1.#IND0   -1.#IND0    8
   6   10    0   0.706764    65.546063    15.474271      67.3479   -1.#IND0   -1.#IND0    4
   7    4   12   0.706455    -0.608781    -0.432273     0.746642   -1.#IND0   -1.#IND0    8
   8    8    4   0.706211    68.479057    16.189526      70.3668   -1.#IND0   -1.#IND0    8
   2    6   14   0.706199    61.393169    14.765531      63.1438   -1.#IND0   -1.#IND0    8
  10    2    8   0.706010    62.209467    16.429968      64.3425   -1.#IND0   -1.#IND0    8
   8    1   12   0.706000     3.478653     0.227866      3.48611   -1.#IND0   -1.#IND0    8
   7    2   13   0.705627    -5.835929    -0.055303      5.83619   -1.#IND0   -1.#IND0    8
   1    5   15   0.705536    -5.141256    -1.533864      5.36519   -1.#IND0   -1.#IND0    8
   6   10    1   0.705491     4.747327     1.640638      5.02283   -1.#IND0   -1.#IND0    8
   6    2   14   0.705231    63.147426    14.393172       64.767   -1.#IND0   -1.#IND0    8
   4    9    9   0.704998    -3.529070    -0.369865       3.5484   -1.#IND0   -1.#IND0    8
  10    6    0   0.704827    65.494972    16.230345       67.476   -1.#IND0   -1.#IND0    4
   5    1   15   0.704812   -11.051859    -1.312100      11.1295   -1.#IND0   -1.#IND0    8
   4   11    0   0.704790   -13.224573    -1.595259      13.3204   -1.#IND0   -1.#IND0    4
   2   11    5   0.704328     1.936889     0.123013      1.94079   -1.#IND0   -1.#IND0    8
   5   10    5   0.703697    -2.483969    -0.343784      2.50765   -1.#IND0   -1.#IND0    8
  10    6    1   0.703564     2.263313     1.144742      2.53634   -1.#IND0   -1.#IND0    8
   4   11    1   0.703527     3.498815     0.211452       3.5052   -1.#IND0   -1.#IND0    8
   7    8    7   0.703418     1.036874     0.040828      1.03768   -1.#IND0   -1.#IND0    8
   4    5   14   0.703269     1.548673     0.404282      1.60057   -1.#IND0   -1.#IND0    8
   5    9    8   0.703135   -64.244079   -15.686916      66.1315   -1.#IND0   -1.#IND0    8
   9    4    9   0.703046    -5.191681    -0.002549      5.19168   -1.#IND0   -1.#IND0    8
   5    4   14   0.703000     3.342090     0.592832      3.39426   -1.#IND0   -1.#IND0    8
   8    7    7   0.702969     6.309579     0.444466      6.32521   -1.#IND0   -1.#IND0    8
   3   11    4   0.702736   -70.383325   -16.729958      72.3443   -1.#IND0   -1.#IND0    8
   6   10    2   0.701712    68.145133    16.262323      70.0587   -1.#IND0   -1.#IND0    8
  11    4    0   0.701647   -15.433566    -2.063548      15.5709   -1.#IND0   -1.#IND0    4
   7    9    4   0.701544   -70.482867   -16.278514      72.3383   -1.#IND0   -1.#IND0    8
   9    5    8   0.701465   -56.262903   -14.138669      58.0122   -1.#IND0   -1.#IND0    8
   7    7    9   0.701459     9.363445     2.017801      9.57839   -1.#IND0   -1.#IND0    8
  10    5    5   0.701458     7.317994     1.178528      7.41228   -1.#IND0   -1.#IND0    8
   5    8   10   0.701251     2.602025     0.643893      2.68051   -1.#IND0   -1.#IND0    8
  11    2    5   0.700835    -5.730915     0.178331      5.73369   -1.#IND0   -1.#IND0    8
   9    7    4   0.700595   -67.674688   -15.602346        69.45   -1.#IND0   -1.#IND0    8
  11    4    1   0.700401     3.435161     0.934419      3.55998   -1.#IND0   -1.#IND0    8
   2    8   12   0.700145    66.947670    15.971353      68.8264   -1.#IND0   -1.#IND0    8
   8    5   10   0.700096     1.314996     0.604571      1.44731   -1.#IND0   -1.#IND0    8
