   h    k    l      d (Å)      F(real)      F(imag)          |F|         2θ          I    M
   0    2    0   6.888000    20.608967     3.632425      20.9266   12.84183    2.95634    2
   0    1    1   6.199392   -28.113776    -6.205384      28.7905   14.27530    9.02600    4
   0    2    1   4.889546   118.332684    25.066818      120.959   18.12821   97.73454    4
   1    0    0   4.773476    86.330901    17.754695      88.1377   18.57286   24.68388    2
   1    1    0   4.510377    68.769953    12.969168      69.9822   19.66672   27.65909    4
   1    1   -1   4.034231    58.900048    10.007915      59.7442   22.01530   15.95400    4
   1    2    0   3.923419    11.917544     2.373265      12.1516   22.64520    0.62232    4
   0    3    1   3.829924    25.902610     4.461991      26.2841   23.20560    2.76673    4
   1    2   -1   3.597872  -167.352524   -22.646526      168.878   24.72520  100.00000    4
   1    1    1   3.572149  -139.133847   -18.081374      140.304   24.90610   67.97343    4
   0    0    2   3.471020  -178.355279   -21.397463      179.634   25.64391   52.39078    2
   0    4    0   3.444000  -205.449752   -25.409084      207.015   25.84858   68.42257    2
   0    1    2   3.365825   -81.626606   -10.120013      82.2515   26.45971   20.56263    4
   1    3    0   3.309331   120.414615    16.268924      121.509   26.91982   43.26727    4
   1    2    1   3.258586   103.637702    10.607833      104.179   27.34712   30.76154    4
   1    3   -1   3.106874   -66.945839    -7.275372        67.34   28.71046   11.58919    4
   0    2    2   3.099696   -13.024795    -2.819042      13.3264   28.77837    0.45159    4
   0    4    1   3.085196    52.274930     6.638690      52.6948   28.91657    6.98899    4
   1    0   -2   3.015616  -172.125020   -25.517003      174.006   29.59883   36.25231    2
   1    1   -2   2.945861   -26.282903    -3.619343      26.5309   30.31631    1.60123    4
   1    3    1   2.880483   117.894291    13.025326      118.612   31.02151   30.46115    4
   1    4    0   2.792954   -88.572557   -16.537570      90.1032   32.01938   16.41845    4
   0    3    2   2.768976   -98.910888   -12.668548      99.7189   32.30420   19.72854    4
   1    2   -2   2.762467   -22.666306    -3.420639       22.923   32.38241    1.03708    4
   1    4   -1   2.668009   -34.780358    -5.957754      35.2869   33.56218    2.27409    4
   1    0    2   2.636949     8.978403    -2.622298      9.35351   33.96942    0.07782    2
   1    1    2   2.589928   -72.297690   -16.492709       74.155   34.60541    9.39551    4
   0    5    1   2.560879    36.085994     7.051994      36.7686   35.01056    2.25195    4
   1    3   -2   2.520666   -44.193027    -4.554295      44.4271   35.58761    3.17228    4
   1    4    1   2.520499    27.460735     2.786820      27.6018   35.59005    1.22429    4
   1    2    2   2.462653     5.871780    -0.332663       5.8812   36.45505    0.05273    4
   0    4    2   2.444773   135.202333    19.862919      136.654   36.73116   28.00143    4
   2    0    0   2.386738   -24.277462    -2.689391       24.426   37.65745    0.42344    2
   1    5    0   2.386239   -20.807833    -8.016812      22.2988   37.66562    0.70545    4
   2    1    0   2.351704    98.667517    16.391406       100.02   38.24006   13.72653    4
   2    1   -1   2.327212   125.320223    18.613354      126.695   38.65840   21.50073    4
   1    5   -1   2.306897   -50.678172   -11.298012      51.9223   39.01256    3.53889    4
   0    6    0   2.296000   -50.216383    -9.889961       51.181   39.20528    1.70060    2
   1    3    2   2.286730  -112.620081   -20.644506      114.497   39.37076   16.86321    4
   0    1    3   2.282043    76.876202    15.182689      78.3611   39.45497    7.86133    4
   1    4   -2   2.268791   142.172213    23.708262      144.135   39.69507   26.24122    4
   2    2    0   2.255188     2.243304    -0.319846      2.26599   39.94467    0.00640    4
   2    2   -1   2.233563   -39.883908    -5.143379      40.2142   40.34813    1.96987    4
   1    5    1   2.209537   111.864121    20.432266      113.715   40.80629   15.35975    4
   0    2    3   2.193539   -81.261647   -14.558528      82.5555   41.11731    7.95946    4
   0    6    1   2.179868  -122.358890   -21.734174      124.274   41.38696   17.77515    4
   1    1   -3   2.179471    20.176341     1.921333      20.2676   41.39485    0.47258    4
   0    5    2   2.157990    32.893135     6.229633      33.4779   41.82612    1.25985    4
   2    1    1   2.139362  -101.066241   -16.901703       102.47   42.20764   11.56553    4
   2    3    0   2.117762   106.033182    20.399828      107.978   42.65905   12.53967    4
   2    0   -2   2.109601   -57.901243   -12.276405      59.1884   42.83221    1.86687    2
   1    2   -3   2.101981   126.688687    24.467573       129.03   42.99518   17.59336    4
   2    3   -1   2.099824   -76.831684   -13.316843      77.9772   43.04155    6.40993    4
   1    4    2   2.093712     2.571559     2.482953      3.57463   43.17349    0.01338    4
   2    1   -2   2.085292   -68.292433   -14.134179      69.7397   43.35663    5.04385    4
   1    6    0   2.069096   -36.177308    -6.487475      36.7544   43.71339    1.37536    4
   0    3    3   2.066464   -62.295317   -10.913987      63.2441   43.77195    4.06006    4
   2    2    1   2.065931   -52.525134    -9.802498       53.432   43.78383    2.89620    4
   1    5   -2   2.034067     0.985424     2.229947      2.43798   44.50608    0.00581    4
   2    2   -2   2.017116    -5.698242    -1.662089       5.9357   44.90039    0.03377    4
   1    6   -1   2.016729   114.473247    19.521640      116.126   44.90947   12.91941    4
   1    3   -3   1.989379    -6.105860    -1.295254      6.24173   45.56134    0.03613    4
   2    4    0   1.961709    18.133498     2.491243      18.3038   46.24097    0.30046    4
   2    3    1   1.958735    53.493442    12.064820      54.8371   46.31527    2.68706    4
   1    1    3   1.956292   120.417254    17.863000      121.735   46.37648   13.20265    4
   1    6    1   1.950707   -55.253754    -9.092153      55.9968   46.51706    2.77448    4
   2    4   -1   1.947426    -9.864445    -1.357215      9.95737   46.60006    0.08738    4
   0    4    3   1.920726   -30.447428    -3.839147      30.6885   47.28696    0.80288    4
   2    3   -2   1.916983   -91.728707   -17.631758      93.4079   47.38495    7.40330    4
   0    6    2   1.914962    32.605570     7.690163      33.5002   47.43802    0.94984    4
   1    5    2   1.905038    40.450233    10.260370      41.7312   47.70044    1.45560    4
   1    2    3   1.899673    19.406481     4.800181      19.9913   47.84355    0.33178    4
   0    7    1   1.893388   -17.725204    -2.280049      17.8712   48.01235    0.26303    4
   1    4   -3   1.858358    33.505985     6.421025      34.1157   48.97615    0.91620    4
   2    0    2   1.849328    90.417074    15.793824      91.7861   49.23112    3.27700    2
   2    4    1   1.833306   -30.851416    -2.663604      30.9662   49.69040    0.73039    4
   2    1    2   1.832887   -73.520902   -11.588695      74.4286   49.70252    4.21713    4
   1    6   -2   1.826782    57.493908     9.315862      58.2438   49.87995    2.56161    4
   1    7    0   1.819437  -106.697924   -16.990446      108.042   50.09515    8.72863    4
   1    3    3   1.815333   -86.770274   -12.824675      87.7129   50.21627    5.72135    4
   2    5    0   1.803989   -71.152278   -10.273430      71.8901   50.55416    3.78511    4
   2    4   -2   1.798936    57.960204    11.442753      59.0789   50.70620    2.53885    4
   2    5   -1   1.792862  -122.659975   -21.100374      124.462   50.89021   11.17530    4
   2    2    2   1.786074    -1.853538     2.059270      2.77059   51.09752    0.00549    4
   1    7   -1   1.783524    37.791530     3.793357      37.9814   51.17586    1.02753    4
   2    1   -3   1.776687   -75.606419   -12.222197      76.5879   51.38710    4.13902    4
   0    5    3   1.771964   -82.551800   -17.233855      84.3315   51.53412    4.98575    4
   1    7    1   1.737370   -50.295073    -6.660415      50.7342   52.63809    1.71942    4
   0    0    4   1.735510    33.505788     7.392534      34.3116   52.69885    0.39219    2
   2    2   -3   1.733952   105.990331    17.590648       107.44   52.74985    7.67390    4
   1    6    2   1.731598    -0.713435     0.927656      1.17027   52.82711    0.00091    4
   1    5   -3   1.722639   -20.054060    -2.215560      20.1761   53.12332    0.26630    4
   0    8    0   1.722000   101.241959    20.176273      103.233   53.14458    3.48269    2
   0    1    4   1.721900    80.209722    14.708507      81.5472   53.14792    4.34575    4
   2    3    2   1.715440   -77.824978   -14.391868      79.1445   53.36387    4.05581    4
   1    4    3   1.714140     3.722620     1.305130      3.94478   53.40753    0.01006    4
   0    7    2   1.711973    74.924140    13.168737      76.0726   53.48051    3.72850    4
   1    0   -4   1.709856   138.364424    21.867292      140.082   53.55201    6.30216    2
   2    5    1   1.702628   111.306510    19.206190      112.951   53.79762    8.10990    4
   1    1   -4   1.696836   -31.870811    -6.243545      32.4766   53.99614    0.66486    4
   0    2    4   1.682913     0.324409     0.931881     0.986733   54.47968    0.00060    4
   2    5   -2   1.674990    44.294976     8.842952       45.169   54.75887    1.24571    4
   0    8    1   1.671348   -70.189456   -11.496405      71.1247   54.88825    3.07217    4
   2    3   -3   1.669104    59.408378     8.833463      60.0615   54.96825    2.18353    4
   1    2   -4   1.659490    14.804792     2.903680      15.0869   55.31389    0.13582    4
   2    6    0   1.654666    -1.871160     0.895084      2.07423   55.48905    0.00255    4
   1    7   -2   1.648094    33.507363     4.737672      33.8406   55.72953    0.67185    4
   2    6   -1   1.646067    22.672651     4.376772      23.0912   55.80414    0.31187    4
   0    6    3   1.629849    66.446744    12.604819      67.6317   56.40879    2.61074    4
   2    4    2   1.629293   -79.688806   -14.688514      81.0312   56.42976    3.74456    4
   0    3    4   1.623433   105.150211    18.399424      106.748   56.65179    6.44096    4
   1    8    0   1.619824    72.804944    13.265874      74.0037   56.78946    3.07859    4
   1    5    3   1.605902  -110.204533   -20.189110      112.039   57.32719    6.90747    4
   1    3   -4   1.602377   -37.042752    -7.814014      37.8579   57.46502    0.78441    4
   1    8   -1   1.594326    48.968243    10.298051      50.0394   57.78250    1.35346    4
   1    6   -3   1.591219  -110.739241   -21.178329      112.746   57.90599    6.83805    4
   3    0    0   1.591159   -91.573238   -18.398506      93.4032   57.90840    2.34629    2
   3    1   -1   1.589886    66.112487    13.907891      67.5595   57.95918    2.45020    4
   2    4   -3   1.589437    28.936574     4.667316      29.3106   57.97710    0.46087    4
   3    1    0   1.580650    51.534811     8.805726      52.2817   58.33033    1.44636    4
   1    7    2   1.577184   118.888872    21.599275      120.835   58.47093    7.68436    4
   2    6    1   1.575407    42.306494     8.460360      43.1441   58.54328    0.97692    4
   1    0    4   1.562231   -57.196504   -11.192591      58.2813   59.08576    0.87304    2
   1    8    1   1.561100   -26.242645    -4.786645      26.6756   59.13279    0.36514    4
   3    2   -1   1.559042    68.694039    13.344508      69.9782   59.21861    2.50460    4
   2    6   -2   1.553437    18.277881     4.538176      18.8328   59.45373    0.17980    4
   1    1    4   1.552281    54.263782    12.792001      55.7512   59.50246    1.57276    4
   3    2    0   1.550331    -8.796102    -2.443546       9.1292   59.58486    0.04204    4
   0    4    4   1.549848   -30.481772    -6.900184       31.253   59.60531    0.49233    4
   2    1    3   1.546088    34.899227     8.381698      35.8916   59.76499    0.64544    4
   0    8    2   1.542598   -78.173016   -15.812088      79.7561   59.91403    3.16939    4
   2    5    2   1.535504    50.605517     7.264989      51.1243   60.21938    1.28755    4
   1    4   -4   1.531496  -113.697541   -20.293289      115.494   60.39338    6.52879    4
   3    0   -2   1.529965    39.556386     7.139303      40.1955   60.46013    0.39443    2
   1    2    4   1.523536    -6.576723    -1.506636      6.74709   60.74207    0.02200    4
   3    1   -2   1.520616   -78.693282   -14.257045      79.9743   60.87110    3.07598    4
   2    7    0   1.518393  -101.716230   -21.280438      103.918   60.96966    5.17492    4
   2    2    3   1.517680    92.985056    18.936833      94.8938   61.00138    4.31013    4
   2    7   -1   1.511741    26.206015     6.751139      27.0617   61.26675    0.34716    4
   3    3   -1   1.511400   -46.766437    -9.951386      47.8135   61.28207    1.08314    4
   2    0   -4   1.507808    94.349755    20.825804      96.6209   61.44382    2.19864    2
   3    3    0   1.503459    63.679146    10.976566      64.6183   61.64092    1.95285    4
   2    5   -3   1.502006    66.985165    13.801061      68.3921   61.70706    2.18242    4
   0    7    3   1.499149    32.711446     5.572453      33.1827   61.83758    0.51135    4
   2    1   -4   1.498857    21.816348     6.186254      22.6765   61.85094    0.23869    4
   1    6    3   1.497849   -21.459131    -4.163392      21.8593   61.89712    0.22143    4
   3    1    1   1.496737   -16.417451    -5.068988      17.1822   61.94820    0.13656    4
   1    8   -2   1.495373   -92.736209   -18.910342      94.6446   62.01095    4.13424    4
   0    9    1   1.494763   -35.656002    -6.822749      36.3029   62.03907    0.60765    4
   3    2   -2   1.493564    -4.654320     0.883574      4.73745   62.09438    0.01033    4
   1    3    4   1.478984    70.920955    15.958891      72.6943   62.77563    2.37394    4
   2    3    3   1.473625   -21.084678    -6.014458      21.9257   63.03007    0.21405    4
   2    2   -4   1.472930    12.634623     2.801212      12.9414   63.06319    0.07449    4
   3    2    1   1.470918  -109.333406   -20.681267      111.272   63.15939    5.48821    4
   1    7   -3   1.468923     0.177576     0.565212      0.59245   63.25511    0.00016    4
   0    5    4   1.468464   -42.369050    -9.103197       43.336   63.27714    0.82905    4
   1    9    0   1.457564     4.094916     2.850901      4.98959   63.80590    0.01079    4
   2    7    1   1.456456   -16.383927    -6.104702      17.4843   63.86017    0.13227    4
   1    5   -4   1.452826    17.833464     3.833165      18.2408   64.03870    0.14310    4
   3    3   -2   1.451518   -88.417072   -17.741008      90.1794   64.10325    3.48983    4
   3    4   -1   1.451487    29.422600     3.538617      29.6346   64.10483    0.37685    4
   3    4    0   1.444449    83.910397    17.123145      85.6397   64.45475    3.11016    4
   1    8    2   1.441802   -14.293979    -2.070817      14.4432   64.58741    0.08807    4
   2    6    2   1.440241    -9.436597    -5.656533      11.0021   64.66591    0.05097    4
   2    7   -2   1.439044    93.221507    18.419587      95.0238   64.72629    3.79441    4
   1    9   -1   1.438903    47.432371    10.908515      48.6706   64.73339    0.99520    4
   2    3   -4   1.432557    40.184528     7.747310      40.9245   65.05540    0.69613    4
   3    3    1   1.430706    16.833373     3.651572      17.2249   65.14999    0.12294    4
   1    4    4   1.422704    49.501981    10.386607      50.5799   65.56227    1.04576    4
   2    4    3   1.417931    41.334825     5.088057      41.6468   65.81083    0.70327    4
   1    9    1   1.414336   -86.229026   -19.640382      88.4375   65.99939    3.15192    4
   2    6   -3   1.412491   -72.660665   -15.093165      74.2117   66.09666    2.21250    4
   0    9    2   1.400533    -5.733764    -2.159034      6.12678   66.73433    0.01478    4
   3    1   -3   1.399128   -81.377791   -16.727229      83.0791   66.81014    2.71032    4
   3    4   -2   1.398205   -36.486587    -6.665412      37.0904   66.86004    0.53936    4
   2    8    0   1.396477    -8.004233    -1.972368      8.24366   66.95367    0.02656    4
   1    7    3   1.394519    34.540179     6.522238      35.1506   67.06011    0.48137    4
   2    8   -1   1.391296    12.416346     2.351831      12.6371   67.23607    0.06187    4
   0    6    4   1.384488    -5.681015    -2.571379      6.23586   67.61114    0.01489    4
   3    5   -1   1.383993   -76.652839   -15.832468      78.2708   67.63860    2.34411    4
   0    8    3   1.381462    39.672343     6.618815      40.2207   67.77930    0.61630    4
   0    1    5   1.381410   -80.677742   -16.389603      82.3257   67.78219    2.58181    4
   2    4   -4   1.381233   -89.847350   -19.389262      91.9157   67.79203    3.21737    4
   3    4    1   1.379574   -23.328519    -5.403678      23.9462   67.88467    0.21775    4
   1    1   -5   1.379339   -52.060364   -10.990726      53.2079   67.89782    1.07463    4
   3    2   -3   1.377970     4.379532    -0.112419      4.38097   67.97447    0.00727    4
   3    5    0   1.377888   -24.644691    -5.438855      25.2377   67.97907    0.24117    4
   0   10    0   1.377600    58.244517    13.583033      59.8074   67.99521    0.67685    2
   3    0    2   1.375224    97.646545    21.107970      99.9019   68.12878    1.88086    2
   1    6   -4   1.371359   -38.754630    -7.899344      39.5515   68.34733    0.58570    4
   3    1    2   1.368423    -6.306882    -0.065702      6.30722   68.51433    0.01482    4
   1    9   -2   1.364906     2.204120    -0.829942       2.3552   68.71550    0.00205    4
   0    2    5   1.361034    10.299366     0.207405      10.3015   68.93854    0.03903    4
   1    2   -5   1.359053   -62.241747   -16.108765      64.2925   69.05326    1.51521    4
   1    5    4   1.358974   -35.988422    -8.024180      36.8721   69.05782    0.49830    4
   1    8   -3   1.357703   -50.430880   -11.137466      51.6461   69.13168    0.97547    4
   2    5    3   1.354813   -44.348144    -9.550485      45.3648   69.30016    0.74889    4
   0   10    1   1.351251    87.988266    16.086439      89.4467   69.50906    2.89361    4
   3    2    2   1.348608    19.160680     2.861884      19.3732   69.66497    0.13513    4
   2    8    1   1.347840    32.409835     4.547454      32.7273   69.71037    0.38510    4
   2    7    2   1.347674    67.002211    14.965477      68.6532   69.72022    1.69416    4
   3    3   -3   1.344744    49.206265    11.939061       50.634   69.89425    0.91690    4
   3    5   -2   1.337574    48.648015     8.890142      49.4537   70.32404    0.86391    4
   2    8   -2   1.334005   -50.050510    -9.184748      50.8863   70.54019    0.90907    4
   0    3    5   1.328990    60.806234    11.784267      61.9376   70.84630    1.33522    4
   1    3   -5   1.327145    38.289188     7.851401      39.0859   70.95964    0.53003    4
   2    7   -3   1.324856   -28.740547    -4.572497       29.102   71.10082    0.29268    4
   1    9    2   1.323805   -15.260844    -3.683007       15.699   71.16585    0.08502    4
   1   10    0   1.323584    45.686173     8.949970      46.5546   71.17956    0.74735    4
   2    5   -4   1.322693    -5.683750    -3.864796      6.87326   71.23477    0.01627    4
   3    5    1   1.321236    22.723392     5.794339      23.4505   71.32536    0.18886    4
   2    0    4   1.318475  -102.054683   -20.260824      104.046   71.49765    1.85014    2
   3    3    2   1.317413    -6.501845    -0.060445      6.50213   71.56412    0.01442    4
   3    6   -1   1.313023   -52.089721   -11.502852      53.3447   71.84054    0.96358    4
   2    1    4   1.312477    21.338332     2.949149      21.5412   71.87505    0.15698    4
   1   10   -1   1.309563   -66.443395   -14.327469      67.9706   72.05999    1.55513    4
   3    6    0   1.307806    27.201666     6.671320      28.0078   72.17200    0.26325    4
   3    4   -3   1.302022   -12.160131    -0.050626      12.1602   72.54349    0.04913    4
   0    7    4   1.301666   -95.376961   -19.168378      97.2841   72.56645    3.14284    4
   1    8    3   1.298305    -9.543779    -2.262278      9.80824   72.78442    0.03176    4
   2    2    4   1.294964    -6.617202    -2.672188      7.13638   73.00245    0.01672    4
   1    6    4   1.291601    17.861958     4.113515      18.3295   73.22340    0.10966    4
   1   10    1   1.290962    23.686317     6.631275      24.5971   73.26555    0.19727    4
   1    7   -4   1.290737    36.953123     8.142468      37.8396   73.28041    0.46667    4
   2    9    0   1.288463    27.271311     3.721750      27.5241   73.43090    0.24596    4
   2    6    3   1.288027   -73.720773   -16.327968      75.5073   73.45983    1.84964    4
   0    4    5   1.287706     4.787243     0.016186      4.78727   73.48112    0.00743    4
   1    4   -5   1.286028   -22.255717    -4.214647      22.6513   73.59280    0.16589    4
   2    9   -1   1.284391    95.764089    20.277378      97.8873   73.70211    3.08938    4
   0   10    2   1.280440   -43.180422   -10.590776      44.4602   73.96735    0.63306    4
   1    1    5   1.280132   -54.758601   -10.516874      55.7594   73.98813    0.99519    4
   3    4    2   1.277167   -87.942823   -19.622088      90.1053   74.18863    2.58576    4
   0    9    3   1.276641    78.462036    16.644305       80.208   74.22434    2.04708    4
   2    1   -5   1.275204     9.388652     1.796153      9.55892   74.32210    0.02900    4
   3    6   -2   1.273187     2.508912    -2.447825      3.50521   74.45974    0.00389    4
   2    3    4   1.267272    23.706098     3.628273      23.9821   74.86673    0.18013    4
   3    0   -4   1.264470    23.788390     6.399419      24.6341   75.06126    0.09458    2
   1    2    5   1.263866   -74.470157   -15.025169      75.9708   75.10330    1.79730    4
   2    6   -4   1.260333   -33.730921    -7.644106      34.5862   75.35043    0.37030    4
   2    8    2   1.260250    56.873180    11.731743      58.0706   75.35631    1.04376    4
   3    1   -4   1.259176    66.160450    13.362256      67.4963   75.43175    1.40757    4
   2    2   -5   1.259123  -104.577312   -20.990719      106.663   75.43551    3.51478    4
   3    6    1   1.259072    84.444822    17.840622      86.3088   75.43910    2.30114    4
   1    9   -3   1.257820    11.300242     2.100752      11.4939   75.52735    0.04072    4
   1   10   -2   1.253044   -63.169023   -12.790629       64.451   75.86608    1.27033    4
   3    5   -3   1.252642    94.555422    19.022719      96.4499   75.89478    2.84295    4
   2    9    1   1.249966   -91.205043   -18.488091        93.06   76.08618    2.63486    4
   3    2   -4   1.243687     8.864192     0.927532      8.91259   76.53958    0.02392    4
   3    7   -1   1.241745    24.005021     5.068446      24.5343   76.68105    0.18066    4
   2    8   -3   1.241531   -40.836438    -8.047837      41.6219   76.69666    0.51977    4
   0    5    5   1.239878    82.190796    18.560890      84.2605   76.81754    2.12437    4
   2    9   -2   1.238907   -16.058132    -3.220434      16.3779   76.88879    0.08013    4
   1    5   -5   1.238380    56.249663    12.500752       57.622   76.92751    0.99103    4
   1    3    5   1.238082    36.910135     7.559825      37.6764   76.94941    0.42348    4
   3    7    0   1.237330   -52.450894   -11.380833      53.6714   77.00480    0.85832    4
   2    3   -5   1.233623   -16.927459    -1.422848      16.9872   77.27900    0.08546    4
   0   11    1   1.232469     2.955345     0.238658      2.96497   77.36479    0.00260    4
   2    4    4   1.231327    90.991689    18.834383      92.9205   77.44992    2.54755    4
   3    5    2   1.230462    -1.238447     0.024355      1.23869   77.51449    0.00045    4
   3    1    3   1.227978   -25.547398    -4.604632       25.959   77.70073    0.19775    4
   1    7    4   1.223579   -76.972238   -16.699138      78.7629   78.03291    1.80753    4
   0    8    4   1.222386    25.693350     5.572296      26.2907   78.12354    0.20101    4
   1   10    2   1.221017    -5.962994    -1.313738        6.106   78.22787    0.01082    4
   2    7    3   1.220539    10.061979     3.105341      10.5303   78.26436    0.03215    4
   3    3   -4   1.219095    71.252595    16.581806      73.1566   78.37486    1.54817    4
   3    2    3   1.213599    88.191628    18.539433      90.1192   78.79859    2.32882    4
   1    8   -4   1.213322    69.528562    16.149003      71.3793   78.82007    1.46035    4
   1   11    0   1.211367    75.171368    15.169032      76.6866   78.97210    1.68036    4
   1    9    3   1.210153    80.293462    19.369100      82.5966   79.06682    1.94561    4
   3    7   -2   1.207890    78.932297    18.454493      81.0609   79.24415    1.86725    4
   1    4    5   1.204500   -22.581906    -4.027321      22.9382   79.51144    0.14873    4
   1   11   -1   1.200591    -6.060590    -0.494929      6.08076   79.82213    0.01039    4
   2    4   -5   1.200392   -23.961415    -5.503357      24.5853   79.83802    0.16976    4
   4    1   -1   1.200078     1.880674     1.503922      2.40805   79.86307    0.00163    4
   3    6   -3   1.199291    -3.607439     0.122369      3.60951   79.92608    0.00365    4
   2    7   -4   1.196897   -44.136020    -8.101508      44.8734   80.11825    0.56250    4
   3    7    1   1.195817   -14.185185    -1.903794      14.3124   80.20533    0.05713    4
   4    0    0   1.193369   -88.260953   -19.349009       90.357   80.40342    1.13418    2
   2   10    0   1.193120    -3.866315    -1.279553      4.07255   80.42366    0.00461    4
   3    3    3   1.190716    18.528627     3.295093      18.8193   80.61935    0.09800    4
   2   10   -1   1.189884    -8.537292    -3.145985      9.09849   80.68737    0.02288    4
   2    5    4   1.189312   -10.372799    -1.857415      10.5378   80.73421    0.03066    4
   4    1    0   1.188917    -9.139297    -2.723514      9.53647   80.76659    0.02510    4
   0    6    5   1.188076    -3.887446    -0.176877      3.89147   80.83559    0.00417    4
   3    4   -4   1.186994   -21.917191    -5.939769      22.7078   80.92451    0.14188    4
   1    6   -5   1.186757    60.164729    14.002373      61.7727   80.94405    1.04958    4
   4    2   -1   1.186647    91.320243    19.675920      93.4159   80.95317    2.39990    4
   1   11    1   1.186209     5.141523     0.750249      5.19597   80.98924    0.00742    4
   0   10    3   1.183714   -43.626727    -9.328578      44.6129   81.19561    0.54495    4
   4    0   -2   1.180574    76.641428    18.370676      78.8124   81.45713    0.84638    2
   3    6    2   1.179783   -45.180204    -7.770612      45.8436   81.52326    0.57207    4
   2    9    2   1.179158   -17.777144    -2.634167      17.9712   81.57565    0.08783    4
   0   11    2   1.178030   -48.061522   -11.706439      49.4667   81.67032    0.66435    4
   4    1   -2   1.176262   -30.803678    -5.346415      31.2642   81.81926    0.26469    4
   4    2    0   1.175852   -17.069282    -2.635824      17.2716   81.85393    0.08073    4
   3    8   -1   1.172358   -35.750767    -6.081986      36.2644   82.15034    0.35410    4
   1   10   -3   1.168665    75.552583    15.633794      77.1531   82.46639    1.59423    4
   3    8    0   1.168641   -63.334777   -13.712770      64.8023   82.46845    1.12463    4
   4    3   -1   1.165229     1.219984    -1.042304      1.60461   82.76288    0.00069    4
   1    5    5   1.165085    55.967059    11.892421      57.2166   82.77531    0.87230    4
   2    9   -3   1.163783   -53.368675   -13.272847      54.9944   82.88838    0.80437    4
   4    2   -2   1.163606    17.617135     2.498990      17.7935   82.90374    0.08418    4
   1    0   -6   1.162378   -59.245205   -10.317899       60.137   83.01076    0.47996    2
   2   10    1   1.162357   -27.854431    -6.231316      28.5429   83.01253    0.21624    4
   2    5   -5   1.161367    -1.686282    -1.958650      2.58454   83.09906    0.00177    4
   3    4    3   1.160752     9.942303     4.775301      11.0296   83.15288    0.03222    4
   1    1   -6   1.158262    53.274876    11.403907      54.4818   83.37159    0.78335    4
   1    8    4   1.157035   -34.861782    -8.250608      35.8248   83.47987    0.33813    4
   0    0    6   1.157007    35.828672     6.017028      36.3304   83.48232    0.17386    2
   1   11   -2   1.156591   -18.998793    -4.203641      19.4583   83.51906    0.09969    4
   4    3    0   1.155003   -15.740709    -3.402615      16.1043   83.65981    0.06814    4
   2    8    3   1.154463   -52.070637    -8.738844      52.7989   83.70780    0.73186    4
   2   10   -2   1.153448   -25.041070    -6.247144      25.8086   83.79813    0.17462    4
   0    1    6   1.152948   -48.392400   -12.322154      49.9366   83.84280    0.65330    4
   3    5   -4   1.149221   -47.779047    -8.409504      48.5135   84.17691    0.61349    4
   0   12    0   1.148000   -46.799823   -13.466172      48.6987   84.28703    0.30859    2
   0    9    4   1.147970    12.198983     3.211851      12.6147   84.28971    0.04141    4
   1    2   -6   1.146172    -3.160399    -1.314539      3.42288   84.45254    0.00304    4
   4    1    1   1.145533    28.625583     7.158983      29.5072   84.51053    0.22584    4
   3    7   -3   1.144246   -18.491165    -6.050018      19.4557   84.62767    0.09802    4
   3    8   -2   1.143741    27.349007     5.378857      27.8729   84.67374    0.20104    4
   4    3   -2   1.143391   -35.141141    -6.682854      35.7709   84.70574    0.33096    4
   2    6    4   1.143365    21.187106     7.307727       22.412   84.70810    0.12992    4
   0    2    6   1.141022     5.272040     0.852810      5.34057   84.92284    0.00735    4
   1    9   -4   1.140452    -3.045139    -1.269681      3.29924   84.97520    0.00280    4
   4    4   -1   1.137103    11.294257     5.071760      12.3808   85.28475    0.03933    4
   0    7    5   1.134493   -28.884173    -6.020041      29.5049   85.52771    0.22260    4
   2    8   -4   1.134396    72.187321    15.531464      73.8393   85.53685    1.39401    4
   4    2    1   1.133834   -69.604744   -16.248203       71.476   85.58941    1.30529    4
   3    8    1   1.133476    37.814634     9.369980      38.9582   85.62290    0.38760    4
   1    7   -5   1.133345   -21.353388    -3.956035      21.7168   85.63512    0.12042    4
   0   12    1   1.132618    65.262253    13.530523      66.6501   85.70336    1.13325    4
   1   11    2   1.131263   -95.573064   -19.344907      97.5112   85.83071    2.42158    4
   1   10    3   1.130137    17.373660     3.064993      17.6419   85.93696    0.07915    4
   2    1    5   1.129243    12.085005     1.466139      12.1736   86.02144    0.03765    4
   4    4    0   1.127594    77.732523    17.981716      79.7853   86.17787    1.61390    4
   3    7    2   1.127267    -0.090908     0.011571    0.0916413   86.20902    0.00000    4
   1    3   -6   1.126837    67.053235    14.262518      68.5533   86.24992    1.19039    4
   3    5    3   1.125355    22.817109     5.197383      23.4016   86.39129    0.13847    4
   3    1   -5   1.123615    54.315971    12.281131      55.6871   86.55804    0.78246    4
   4    1   -3   1.123200   -35.644070    -9.801831      36.9672   86.59797    0.34464    4
   0    3    6   1.121942   -64.605303   -15.393303      66.4138   86.71909    1.11073    4
   1    6    5   1.121790    58.637209    12.938107      60.0476   86.73375    0.90783    4
   2    6   -5   1.118469    79.912839    18.079487      81.9325   87.05551    1.68361    4
   2    2    5   1.118031   -74.429985   -18.408637      76.6727   87.09823    1.47364    4
   4    4   -2   1.116782   -69.344557   -17.089095      71.4192   87.22013    1.27678    4
   1   12    0   1.116175   -44.777942    -8.933075      45.6603   87.27947    0.52151    4
   4    3    1   1.115106   -24.120284    -5.166589      24.6674   87.38425    0.15202    4
   3    2   -5   1.112568   -55.897710   -11.494389      57.0673   87.63428    0.81133    4
   4    2   -3   1.112164   -70.920418   -14.542731      72.3961   87.67417    1.30514    4
   2   11    0   1.108969    81.554335    19.056368      83.7511   87.99165    1.74055    4
   1   12   -1   1.107728   -48.859692   -12.110503      50.3382   88.11566    0.62794    4
   3    6   -4   1.107608   -19.057810    -2.501864      19.2213   88.12767    0.09155    4
   2   11   -1   1.106369     0.885384    -0.748661      1.15948   88.25192    0.00033    4
   3    9   -1   1.106236    69.722825    15.288804      71.3794   88.26536    1.26060    4
   2   10    2   1.104769    25.986253     7.862772      27.1497   88.41308    0.18209    4
   4    5   -1   1.103765    -6.782238    -1.742701      7.00255   88.51442    0.01210    4
   2    0   -6   1.103635   -79.283399   -19.300482      81.5988   88.52764    0.82145    2
   3    9    0   1.103110     2.688676     1.881902      3.28185   88.58073    0.00266    4
   0   11    3   1.101405    -4.324587    -0.594328      4.36523   88.75400    0.00469    4
   1    4   -6   1.101341    49.283145     9.580994      50.2058   88.76046    0.62047    4
   2    1   -6   1.100110    15.029534     2.580040      15.2494   88.88601    0.05717    4
   2    3    5   1.100063    -6.154175    -0.997033      6.23442   88.89080    0.00956    4
   3    0    4   1.098615   -61.092285   -14.809584      62.8617   89.03904    0.48502    2
   0    4    6   1.096770   -29.801543    -5.550708      30.3141   89.22882    0.22517    4
   1   12    1   1.096402    21.320335     5.599358      22.0434   89.26675    0.11902    4
   2    7    4   1.095371   -15.500135    -3.720706      15.9404   89.37325    0.06218    4
   3    1    4   1.095138   -26.604998    -6.979012      27.5051   89.39735    0.18508    4
   4    5    0   1.095062     2.128441     1.693680      2.72008   89.40521    0.00181    4
   3    3   -5   1.094858   -30.844697    -8.785590      32.0715   89.42634    0.25156    4
   4    3   -3   1.094474    26.661790     7.008733      27.5676   89.46620    0.18580    4
   1    9    4   1.093333    15.528436     2.948030      15.8058   89.58468    0.06101    4
   2   10   -3   1.092093    40.098338    11.001702      41.5802   89.71394    0.42173    4
   2    9    3   1.091163    44.915462     9.247236      45.8575   89.81120    0.51251    4
   4    4    1   1.090381   -13.347726    -4.221602      13.9994   89.89312    0.04773    4
   1    0    6   1.090004    68.063251    16.942998      70.1404   89.93265    0.59886    2
   0   12    2   1.089934    38.293803    10.587375      39.7304   89.94006    0.38427    4
   2    2   -6   1.089735   -13.080128    -2.591977      13.3345   89.96092    0.04328    4
   3    8   -3   1.089271    10.733279     0.041858      10.7334   90.00973    0.02803    4
   1   11   -3   1.089250    -0.110576     0.050171     0.121425   90.01195    0.00000    4
   1    1    6   1.086608   -22.310767    -5.072883      22.8802   90.29093    0.12706    4
   3    6    3   1.086195   -72.050068   -16.015021      73.8085   90.33476    1.32169    4
   4    5   -2   1.085151    16.931082     3.270907      17.2441   90.44575    0.07208    4
   3    2    4   1.084902   -14.273544    -2.020251      14.4158   90.47221    0.05036    4
   2   11    1   1.084138    -2.042130     0.668565      2.14878   90.55372    0.00112    4
   4    0    2   1.082818    53.075135    12.133433      54.4444   90.69486    0.35852    2
   3    9   -2   1.082097   -15.208529    -3.160685      15.5335   90.77219    0.05833    4
   0    8    5   1.080848    -1.759676     0.008454       1.7597   90.90648    0.00075    4
   1    8   -5   1.079854    34.887786     7.313352      35.6461   91.01359    0.30660    4
   4    1    2   1.079488    42.187914     8.881371      43.1126   91.05318    0.44837    4
   0   10    4   1.078995    14.019690     3.599657      14.4744   91.10654    0.05052    4
   2   11   -2   1.076898   -73.988800   -16.502765      75.8069   91.33423    1.38335    4
   1    2    6   1.076608     6.433954     2.249982      6.81602   91.36590    0.01118    4
   1    7    5   1.076356   -13.579520    -3.879116      14.1227   91.39329    0.04799    4
   2    4    5   1.076304   -24.792294    -4.868262      25.2657   91.39897    0.15359    4
   3    8    2   1.074593    64.845896    15.677001       66.714   91.58618    1.06946    4
   2    9   -4   1.074172    -1.410769     1.458049      2.02884   91.63234    0.00099    4
   2    7   -5   1.073422    15.053917     0.877795      15.0795   91.71470    0.05459    4
   3    9    1   1.073391   -26.072788    -5.640747       26.676   91.71817    0.17083    4
   2    3   -6   1.073078     9.412842     3.204471      9.94335   91.75259    0.02373    4
   1   12   -2   1.072887    52.022076    12.674880      53.5439   91.77358    0.68799    4
   1   10   -4   1.072745    44.375240    10.836012      45.6791   91.78924    0.50067    4
   3    4   -5   1.071428   -10.147090    -3.049577      10.5954   91.93468    0.02691    4
   4    4   -3   1.071068    -8.088102    -3.709901      8.89836   91.97456    0.01898    4
   1    5   -6   1.070969   -27.702085    -7.028123      28.5797   91.98547    0.19573    4
   4    2    2   1.069681     7.481105     1.633212       7.6573   92.12845    0.01404    4
   3    3    4   1.068462   -37.659626    -8.758570      38.6647   92.26419    0.35760    4
   0    5    6   1.066764    28.247515     7.695838      29.2771   92.45411    0.20479    4
   4    6   -1   1.066744   -74.421717   -16.989930      76.3364   92.45641    1.39222    4
   3    7   -4   1.063810   -66.056512   -17.269629      68.2767   92.78674    1.11156    4
   4    5    1   1.060883   -31.185975    -8.130202      32.2283   93.11917    0.24721    4
   1    3    6   1.060536   -25.854542    -6.275963      26.6054   93.15877    0.16843    4
   4    6    0   1.058881    39.275241     7.145425      39.9199   93.34820    0.37882    4
   1   11    3   1.057853    -0.607916    -0.730270     0.950187   93.46635    0.00021    4
   4    0   -4   1.054800   -30.909337    -9.563156      32.3549   93.81925    0.12414    2
   4    3    2   1.053913    51.724483    11.077281      52.8973   93.92242    0.66329    4
   1   12    2   1.052577    12.527308     1.453665      12.6114   94.07827    0.03768    4
   4    1   -4   1.051722    49.209629    10.800415      50.3809   94.17840    0.60100    4
   2    4   -6   1.050991    71.950653    17.953247      74.1567   94.26421    1.30162    4
   4    6   -2   1.049912   -39.926712    -6.776095      40.4976   94.39112    0.38798    4
   2    5    5   1.047905   -10.078573    -1.644591      10.2119   94.62838    0.02465    4
   0   13    1   1.047558    27.399947     5.683082      27.9831   94.66954    0.18504    4
   2    8    4   1.046856   -64.430667   -15.034100      66.1614   94.75290    1.03407    4
   3    4    4   1.046653    54.321889    13.768214      56.0396   94.77709    0.74181    4
   3    7    3   1.044796    -6.982898    -1.643823      7.17377   94.99873    0.01215    4
   3   10   -1   1.044121    32.173601     8.464536      33.2684   95.07959    0.26116    4
   3    5   -5   1.043403   -63.446553   -13.949281      64.9619   95.16582    0.99547    4
   4    5   -3   1.043070    42.903910    11.172507      44.3348   95.20584    0.46360    4
   4    2   -4   1.042646    -7.201546    -1.270859      7.31282   95.25691    0.01261    4
   3   10    0   1.041492   -36.184798    -9.192488      37.3342   95.39616    0.32856    4
   1    4    6   1.039199   -62.558039   -15.757078       64.512   95.67440    0.98022    4
   1    6   -6   1.037052     9.297807     3.591102      9.96721   95.93677    0.02338    4
   2   11    2   1.036961   -50.018957   -13.373948       51.776   95.94783    0.63094    4
   3    9   -3   1.035625   -81.484561   -18.323071      83.5193   96.11207    1.64110    4
   2   12    0   1.034548     2.506809     1.315203      2.83087   96.24485    0.00188    4
   1   13    0   1.034507     4.250232     1.256249        4.432   96.24987    0.00462    4
   1   10    4   1.033252   -24.370769    -5.666311      25.0208   96.40533    0.14719    4
   0    6    6   1.033232   -11.113081    -2.296918       11.348   96.40778    0.03028    4
   4    4    2   1.032965   -47.725760   -11.289469      49.0428   96.44088    0.56546    4
   2   12   -1   1.032436   -13.062690    -2.774197       13.354   96.50660    0.04192    4
   2   10    3   1.031419    48.518348    11.998128      49.9798   96.63332    0.58706    4
   1    8    5   1.030220    30.723531     6.926900      31.4947   96.78318    0.23306    4
   0   12    3   1.028399   -33.226679    -7.761163      34.1211   97.01202    0.27345    4
   0    9    5   1.028377   -70.930063   -17.871600      73.1469   97.01471    1.25668    4
   4    3   -4   1.028028    60.363579    13.485399      61.8516   97.05878    0.89848    4
   4    6    1   1.027886    57.927539    14.023628      59.6009   97.07669    0.83426    4
   1   13   -1   1.027772   -37.686879    -9.113066       38.773   97.09108    0.35306    4
   2    8   -5   1.027647    37.046935     9.524198      38.2516   97.10685    0.34362    4
   1    9   -5   1.027522   -49.628195   -12.053446       51.071   97.12262    0.61251    4
   4    7   -1   1.027450    -1.264674     0.487896      1.35552   97.13170    0.00043    4
   2   11   -3   1.026458     4.113982     0.612571      4.15934   97.25720    0.00406    4
   2    5   -6   1.024500   -15.668555    -1.583165      15.7483   97.50624    0.05822    4
   3   10   -2   1.023752     6.739851     3.446470      7.56992   97.60176    0.01345    4
   3    9    2   1.022985     4.772844     0.012051      4.77286   97.69989    0.00535    4
   3    5    4   1.020481    12.925629     4.298491      13.6216   98.02226    0.04354    4
   4    7    0   1.020419    16.334204     3.544286      16.7143   98.03019    0.06556    4
   3    8   -4   1.019203    18.681622     4.717375       19.268   98.18768    0.08711    4
   1   13    1   1.018706    60.060311    16.316824      62.2373   98.25226    0.90889    4
   1   12   -3   1.018483    54.060546    13.137715       55.634   98.28119    0.72626    4
   2   10   -4   1.017033    42.961877    10.518960      44.2309   98.47025    0.45905    4
   3   10    1   1.016370   -52.584209   -13.107500      54.1932   98.55700    0.68913    4
   2    6    5   1.016068    62.957873    15.907859      64.9365   98.59664    0.98944    4
   0   11    4   1.015560    68.827958    17.090337       70.918   98.66332    1.18014    4
   2   12    1   1.014300   -22.705659    -5.273853      23.3101   98.82905    0.12751    4
   1    5    6   1.013568    16.078177     3.237927       16.401   98.92570    0.06312    4
   0   13    2   1.013512    -4.615827    -1.060640      4.73612   98.93320    0.00526    4
   4    7   -2   1.012385    28.005040     6.921402      28.8477   99.08244    0.19531    4
   3    6   -5   1.011962    41.501951     9.851143      42.6551   99.13860    0.42703    4
   4    6   -3   1.011659    54.649257    12.545273      56.0707   99.17897    0.73791    4
   1   11   -4   1.010343   -30.522421    -7.262797      31.3746   99.35432    0.23107    4
   4    4   -4   1.008558    30.288374     8.932557      31.5781   99.59366    0.23414    4
   2   12   -2   1.008364    31.234613     6.162828      31.8368   99.61967    0.23800    4
   4    5    2   1.007782   -21.250604    -5.497480      21.9502   99.69808    0.11314    4
   3    0   -6   1.005205   -54.137335   -14.829105      56.1316  100.04692    0.37013    2
   3    1   -6   1.002540   -32.061100    -7.279383      32.8771  100.41099    0.25412    4
   3    8    3   1.002445   -22.619433    -8.327919      24.1038  100.42400    0.13660    4
   4    1    3   1.002130   -40.554383   -11.546727      42.1662  100.46724    0.41805    4
   1    7   -6   1.000840   -61.893274   -14.835424      63.6464  100.64492    0.95282    4
   1   13   -2   0.999762     0.032137    -0.254337     0.256359  100.79403    0.00002    4
   2    9    4   0.998970     0.211994     0.699119     0.730554  100.90391    0.00013    4
   0    7    6   0.997406    67.685572    16.088272      69.5713  101.12178    1.13977    4
   1    1   -7   0.996673    48.475167    13.204027      50.2413  101.22424    0.59456    4
   2    6   -6   0.994689    33.285165     7.054015      34.0244  101.50299    0.27290    4
   3    2   -6   0.994669    -7.757960    -2.015793      8.01557  101.50581    0.01515    4
   4    2    3   0.994269    28.153385     6.809908      28.9653  101.56227    0.19781    4
   1   12    3   0.992678     9.973380     2.659641      10.3219  101.78765    0.02514    4
   4    7    1   0.992594    15.699757     2.679993      15.9269  101.79958    0.05985    4
   3    6    4   0.991010    33.513242     5.470784      33.9568  102.02524    0.27228    4
   0    1    7   0.989160    50.575404    10.835487      51.7231  102.29029    0.63232    4
   1    2   -7   0.988939     8.206771     3.817505      9.05121  102.32220    0.01937    4
   2    0    6   0.988161    67.708972    15.523595      69.4657  102.43431    0.57058    2
   4    8   -1   0.987094   -25.920152    -8.846506      27.3882  102.58853    0.17750    4
   3   11   -1   0.986322    -5.438114    -0.564201       5.4673  102.70057    0.00708    4
   2    1    6   0.985628    15.899110     4.394442      16.4952  102.80146    0.06444    4
   4    5   -4   0.985078   -26.011773    -6.667176      26.8526  102.88166    0.17083    4
   1    6    6   0.984675   -19.658113    -6.159857      20.6006  102.94046    0.10057    4
   1    9    5   0.984483   -44.640198   -11.421900      46.0783  102.96855    0.50321    4
   3   10   -3   0.984135     0.190499    -0.150979     0.243073  103.01955    0.00001    4
   3   11    0   0.984105    37.310386    10.125013      38.6598  103.02393    0.35431    4
   0   14    0   0.984000   -52.376417   -14.222408      54.2731  103.03930    0.34916    2
   1   13    2   0.983267    -4.045100    -1.610619      4.35396  103.14688    0.00450    4
   2    9   -5   0.982237     1.183194     1.905060      2.24259  103.29847    0.00119    4
   3    3   -6   0.981954   -34.299309    -8.994036      35.4589  103.34024    0.29849    4
   2    7    5   0.981939    -1.878036     0.408531      1.92196  103.34232    0.00088    4
   0    2    7   0.981598    34.805006     9.984384      36.2088  103.39272    0.31133    4
   4    3    3   0.981569    28.784909     8.280081      29.9521  103.39709    0.21304    4
   4    8    0   0.980855   -56.283793   -14.355698      58.0857  103.50277    0.80160    4
   4    6    2   0.979368   -18.472589    -4.442863      18.9994  103.72376    0.08586    4
   3    7   -5   0.978232     8.760727     4.491926      9.84519  103.89329    0.02307    4
   2    2    6   0.978146     8.439747     2.064617      8.68861  103.90619    0.01797    4
   4    7   -3   0.977958   -15.599866    -3.550734      15.9989  103.93435    0.06095    4
   0   10    5   0.977909    -2.380237     0.159167      2.38555  103.94168    0.00136    4
   3    1    5   0.977792    39.808654    10.013891      41.0488  103.95923    0.40125    4
   1   10   -5   0.977174   -47.722896   -10.416042      48.8464  104.05206    0.56845    4
   1   11    4   0.977144    66.324912    14.986345      67.9969  104.05645    1.10159    4
   1    3   -7   0.976439   -36.387729    -9.479401      37.6022  104.16261    0.33707    4
   2   11    3   0.975594    -2.345937    -0.419447      2.38314  104.29007    0.00135    4
   2   12    2   0.975354   -31.173835    -7.850008       32.147  104.32641    0.24658    4
   3    9   -4   0.974856    19.703772     3.079419       19.943  104.40177    0.09494    4
   0   14    1   0.974261   -48.526445    -9.762892      49.4988  104.49195    0.58516    4
   4    8   -2   0.973713    53.286345    13.681342      55.0147  104.57534    0.72318    4
   3   10    2   0.973269    47.999618    10.620972      49.1606  104.64293    0.57769    4
   4    1   -5   0.972679    50.222826    13.195680      51.9274  104.73304    0.64489    4
   3    2    5   0.970486   -40.817305    -9.636460      41.9394  105.06952    0.42153    4
   0    3    7   0.969371   -37.574028    -7.814341       38.378  105.24162    0.35336    4
   3   11   -2   0.969098   -61.980095   -16.483989      64.1347  105.28397    0.98708    4
   2   13    0   0.968522     4.383372     1.598364       4.6657  105.37328    0.00523    4
   2   13   -1   0.966788   -64.154999   -16.816290      66.3223  105.64324    1.05806    4
   2   12   -3   0.966598    38.243230     9.441088      39.3914  105.67297    0.37332    4
   2    3    6   0.966046    18.983033     5.519177      19.7691  105.75942    0.09408    4
   4    2   -5   0.965486    22.657704     3.906552       22.992  105.84734    0.12734    4
   3    4   -6   0.964944    51.807976    13.801570      53.6148  105.93253    0.69282    4
   4    4    3   0.964579     9.013737     1.780316      9.18787  105.99007    0.02035    4
   1   14    0   0.963737   -40.881148    -9.381304      41.9437  106.12298    0.42459    4
   0   13    3   0.963470   -59.775219   -13.852269      61.3593  106.16512    0.90892    4
   1    8   -6   0.963428   -28.952939    -7.644944      29.9452  106.17185    0.21649    4
   2   11   -4   0.963393    34.266412     7.257306      35.0265  106.17739    0.29621    4
   3   11    1   0.962829     6.760991     0.255406      6.76581  106.26675    0.01106    4
   2    1   -7   0.962647    26.448019     6.580150      27.2543  106.29574    0.17949    4
   2    7   -6   0.962604    -6.987332    -3.331530      7.74092  106.30259    0.01448    4
   5    1   -1   0.961863   -25.381769    -8.479297      26.7607  106.42035    0.17321    4
   0    8    6   0.960363    16.304883     4.339065      16.8724  106.66004    0.06898    4
   3    9    3   0.960161   -17.057822    -4.973579      17.7681  106.69248    0.07651    4
   1    4   -7   0.959709     9.666336     0.978827      9.71577  106.76499    0.02289    4
   3    7    4   0.959267    38.999748     9.146694       40.058  106.83602    0.38933    4
   3    3    5   0.958664   -33.065258    -7.204076       33.841  106.93321    0.27807    4
   4    6   -4   0.958491    18.002850     3.461994      18.3327  106.96113    0.08162    4
   1   14   -1   0.958284    31.450521     8.633663       32.614  106.99465    0.25839    4
   0   12    4   0.957481   -16.603629    -3.805544      17.0342  107.12460    0.07056    4
   4    8    1   0.956066    25.034830     7.346940      26.0906  107.35470    0.16584    4
   2    2   -7   0.955672    61.150398    15.223350      63.0168  107.41885    0.96798    4
   5    0   -2   0.955401    61.008030    15.506643      62.9479  107.46311    0.48311    2
   1   13   -3   0.955303    -4.047515    -1.685280      4.38435  107.47924    0.00469    4
   5    2   -1   0.954906    51.516220    12.335439      52.9725  107.54421    0.68471    4
   5    0    0   0.954695   -26.132127    -8.181849       27.383  107.57871    0.09151    2
   4    3   -5   0.953844   -36.612267    -9.453239       37.813  107.71852    0.34940    4
   1    7    6   0.953519    24.448220     6.541573      25.3083  107.77197    0.15659    4
   5    1   -2   0.953112    27.221330     4.683677      27.6213  107.83910    0.18663    4
   1   12   -4   0.953106   -35.411158   -10.820701      37.0275  107.84013    0.33538    4
   0    4    7   0.952996    10.328705     2.686447      10.6724  107.85820    0.02787    4
   2   10    4   0.952519   -32.523970   -10.095274      34.0547  107.93708    0.28393    4
   5    1    0   0.952411   -44.522230    -9.477826      45.5199  107.95494    0.50737    4
   2   13    1   0.951848    62.136789    15.335000      64.0011  108.04813    1.00380    4
   1   14    1   0.950923    -9.886188    -3.999138      10.6644  108.20193    0.02791    4
   2    4    6   0.949836   -59.362837   -14.423640        61.09  108.38320    0.91728    4
   4    7    2   0.948697   -45.693313   -11.499385      47.1181  108.57418    0.54663    4
   2   13   -2   0.946938    -3.969141    -1.325705      4.18468  108.87086    0.00432    4
   0   14    2   0.946694    41.796983    11.113330      43.2492  108.91216    0.46199    4
   4    9   -1   0.946646     9.208647     1.697583      9.36381  108.92024    0.02166    4
   2    8    5   0.946534    37.785930     8.414259      38.7114  108.93927    0.37023    4
   5    2   -2   0.946341     7.749217     2.085855      8.02503  108.97190    0.01592    4
   5    2    0   0.945655    -2.665777    -1.091377      2.88053  109.08851    0.00205    4
   2    3   -7   0.944378   -13.801584    -4.614751      14.5527  109.30645    0.05251    4
   3    5   -6   0.944320    24.112751     4.640362      24.5552  109.31635    0.14950    4
   4    5    3   0.943978    49.025145    13.142296      50.7561  109.37497    0.63913    4
   5    3   -1   0.943638    15.400694     6.083672      16.5588  109.43319    0.06806    4
   3    8   -5   0.943212    17.741757     5.281032      18.5111  109.50637    0.08512    4
   4    8   -3   0.942966    17.311747     6.462796      18.4788  109.54866    0.08486    4
   3    4    5   0.942817    -3.059296    -2.435173      3.91016  109.57429    0.00380    4
   1    1    7   0.942742     2.134230     1.373921      2.53823  109.58722    0.00160    4
   4    9    0   0.941139     1.465798    -0.620714      1.59181  109.86445    0.00063    4
   1   10    5   0.939936   -36.310900    -9.473495      37.5264  110.07356    0.35184    4
   1    5   -7   0.939412   -54.555467   -15.001854      56.5805  110.16503    0.80060    4
   4    4   -5   0.938231     3.798353     0.939731      3.91287  110.37194    0.00384    4
   2   10   -5   0.937980   -48.452521   -13.255882      50.2331  110.41600    0.63271    4
   1    2    7   0.936189    64.373471    16.112596      66.3593  110.73223    1.10791    4
   1   14   -2   0.935459    52.964234    13.370510      54.6258  110.86175    0.75181    4
   5    3   -2   0.935371    28.089289     5.772219      28.6762  110.87744    0.20722    4
   3   11   -3   0.935292     0.377903     0.674838     0.773445  110.89153    0.00015    4
   4    9   -2   0.934824    -3.582190    -1.083469      3.74246  110.97476    0.00353    4
   5    3    0   0.934708   -48.589430   -11.763702      49.9932  110.99547    0.63063    4
   1   13    3   0.933911   -53.247714   -16.063541       55.618  111.13791    0.78175    4
   0    5    7   0.933113   -48.728048   -12.223937      50.2379  111.28090    0.63885    4
   3   12   -1   0.932861    30.286904     7.110776      31.1104  111.32628    0.24511    4
   3   10   -4   0.931546    18.206366     3.380425      18.5175  111.56335    0.08708    4
   3   12    0   0.930985    37.824233     9.228293      38.9337  111.66510    0.38538    4
   2    5    6   0.930147   -12.722459    -2.713547      13.0086  111.81736    0.04310    4
   0   11    5   0.929943     2.278382     0.680526      2.37784  111.85448    0.00144    4
   4    7   -4   0.929684   -54.203222   -14.009145      55.9843  111.90161    0.79903    4
   1   11   -5   0.929310     4.535215     0.357474      4.54928  111.96992    0.00528    4
   2    4   -7   0.929218    10.101012     3.915018      10.8332  111.98678    0.02995    4
   2    8   -6   0.929179   -54.747480   -14.365228      56.6008  111.99387    0.81761    4
   5    4   -1   0.928513    14.468683     3.273913      14.8345  112.11579    0.05624    4
   5    1   -3   0.927578    -1.163146     1.339169      1.77378  112.28767    0.00081    4
   5    1    1   0.926286    42.604775    11.655833      44.1704  112.52615    0.50112    4
   3    8    4   0.926177   -40.215751   -11.008749      41.6953  112.54637    0.44664    4
   3   11    2   0.925950     3.049450     0.022258      3.04953  112.58854    0.00239    4
   1    9   -6   0.925712     5.493167     2.420904      6.00297  112.63275    0.00927    4
   1    3    7   0.925563    -0.353070    -1.033092      1.09176  112.66030    0.00031    4
   1   12    4   0.925085    20.288320     5.482721      21.0161  112.74935    0.11375    4
   4    0    4   0.924664    -3.201988    -1.626646      3.59148  112.82777    0.00166    2
   2   12    3   0.923769    43.150691    10.200570        44.34  112.99519    0.50790    4
   3    5    5   0.923552   -40.251612   -11.348226      41.8207  113.03586    0.45206    4
   0    9    6   0.922992   -10.397556    -2.803415      10.7689  113.14106    0.03001    4
   4    1    4   0.922588   -45.007457   -10.153337      46.1385  113.21706    0.55148    4
   1   14    2   0.921905     6.846375     1.402301      6.98851  113.34604    0.01267    4
   5    2   -3   0.921333   -60.172475   -16.395152      62.3661  113.45424    1.01069    4
   1    8    6   0.921001    48.565007    12.587004      50.1696  113.51735    0.65457    4
   3    6   -6   0.920822    20.194922     5.495351      20.9293  113.55120    0.11396    4
   5    4   -2   0.920634   -55.518803   -14.416290        57.36  113.58708    0.85641    4
   4    6    3   0.920505   -20.971355    -5.856633      21.7738  113.61156    0.12344    4
   5    2    1   0.920068   -18.030793    -3.262336      18.3235  113.69479    0.08752    4
   5    4    0   0.920002    26.005172     7.621276      27.0989  113.70742    0.19145    4
   2   13    2   0.919442    -4.415890    -1.111539      4.55364  113.81436    0.00541    4
   4    5   -5   0.919240   -56.720847   -15.003805      58.6717  113.85300    0.89914    4
   4    9    1   0.919175    29.885413     7.864592      30.9029  113.86543    0.24948    4
   3   10    3   0.918699    46.162650    11.781884      47.6424  113.95662    0.59368    4
   3   12   -2   0.918248   -14.792716    -3.654433      15.2374  114.04323    0.06080    4
   4    8    2   0.916653    35.892376     9.035369      37.0122  114.35126    0.36019    4
   4    2    4   0.916443     1.037064    -0.195968      1.05542  114.39186    0.00029    4
   1    6   -7   0.916270   -10.366801    -3.365698      10.8995  114.42552    0.03127    4
   2   12   -4   0.913391   -44.879224   -10.429604      46.0752  114.98840    0.56308    4
   3   12    1   0.912911   -41.239753   -11.054959      42.6958  115.08310    0.48415    4
   2   13   -3   0.912096    37.673793    11.046289      39.2598  115.24408    0.41029    4
   1    4    7   0.911278    21.218626     4.292953      21.6485  115.40658    0.12504    4
   5    3   -3   0.911200     1.409351    -0.997213      1.72647  115.42203    0.00080    4
   2    5   -7   0.910758   -32.613761    -7.523360      33.4703  115.51016    0.29933    4
   2    9    5   0.910695     3.982576     1.523453      4.26401  115.52276    0.00486    4
   0   15    1   0.910467     5.106710     1.187654        5.243  115.56823    0.00735    4
   0    6    7   0.910423   -31.266462    -8.610278      32.4304  115.57711    0.28129    4
   5    5   -1   0.910094    35.680539     9.676509      36.9694  115.64272    0.36588    4
   5    3    1   0.909976   -26.557193    -8.326507      27.8319  115.66639    0.20744    4
   2   14    0   0.909719     7.435877     1.386232      7.56399  115.71798    0.01533    4
   2   14   -1   0.908282     3.858142     1.853812      4.28041  116.00706    0.00493    4
   2   11    4   0.908027     7.665877     3.299424      8.34577  116.05851    0.01876    4
   3    9   -5   0.907735    55.398094    13.430891       57.003  116.11763    0.87588    4
   2    6    6   0.907666   -21.425288    -5.619381        22.15  116.13157    0.13228    4
   4    9   -3   0.907516   -43.568443   -10.809790      44.8894  116.16203    0.54353    4
   4   10   -1   0.906840    47.729994    12.492022      49.3376  116.29939    0.65791    4
   4    3    4   0.906469   -50.981440   -12.629547      52.5225  116.37478    0.74643    4
   0   14    3   0.905529    23.872138     5.694105      24.5418  116.56686    0.16344    4
   0   13    4   0.904424     4.910828     1.484524      5.13031  116.79372    0.00717    4
   5    5   -2   0.902671   -16.029949    -2.948143      16.2988  117.15639    0.07273    4
   5    5    0   0.902075    28.628062     5.928105      29.2354  117.28035    0.23446    4
   4   10    0   0.901994   -41.079594    -9.742852      42.2191  117.29719    0.48908    4
   1   15    0   0.901860   -45.302395   -11.688669       46.786  117.32528    0.60088    4
   3    6    5   0.901535    33.233697     8.332387      34.2623  117.39304    0.32258    4
   1   13   -4   0.900734    -4.685019    -0.776242      4.74889  117.56090    0.00621    4
   4    8   -4   0.899468   -28.168964    -7.229303      29.0818  117.82751    0.23399    4
   1   14   -3   0.898738   -39.357155    -9.465067      40.4793  117.98209    0.45445    4
   3    1   -7   0.898277   -14.195746    -4.029775      14.7566  118.07990    0.06049    4
   5    4   -3   0.897560   -14.718536    -4.291474      15.3314  118.23275    0.06545    4
   4    6   -5   0.897523   -14.022309    -3.363647      14.4201  118.24067    0.05791    4
   1   15   -1   0.897387   -10.388987    -1.825578      10.5482  118.26980    0.03100    4
   1   11    5   0.897107    -0.882126     0.506562      1.01723  118.32957    0.00029    4
   4   10   -2   0.896431    41.414187     9.243214      42.4331  118.47444    0.50334    4
   5    4    1   0.896390    -5.629216    -0.891866      5.69943  118.48329    0.00908    4
   2   14    1   0.895860    15.811083     3.779434      16.2565  118.59734    0.07402    4
   4    0   -6   0.895825   -11.211105    -1.631466      11.3292  118.60479    0.01798    2
   2   11   -5   0.895406    -5.125184    -0.287255      5.13323  118.69521    0.00739    4
   2    9   -6   0.895206     8.158217     0.466492      8.17154  118.73839    0.01875    4
   3    7   -6   0.895192    31.930580     9.364369      33.2754  118.74155    0.31088    4
   4    7    3   0.894900   -16.152743    -4.239721      16.6999  118.80466    0.07838    4
   4    1   -6   0.893937   -41.330023   -10.971796      42.7616  119.01368    0.51569    4
   1    5    7   0.893847    -5.285447    -1.554458      5.50929  119.03326    0.00856    4
   4    4    4   0.893037     4.868620     1.540646      5.10657  119.21006    0.00738    4
   3    2   -7   0.892603    62.673994    15.725254      64.6167  119.30522    1.18325    4
   3    9    4   0.892521    -2.998245    -1.491371      3.34868  119.32315    0.00318    4
   2   14   -2   0.891762    23.497648     6.529813      24.3881  119.48999    0.16908    4
   1   15    1   0.891333    16.209765     3.349144      16.5521  119.58463    0.07801    4
   1    7   -7   0.891007    20.163100     4.842229      20.7364  119.65663    0.12258    4
   5    0   -4   0.890899   -64.096644   -16.014794       66.067  119.68067    0.62240    2
   3   11   -4   0.889804    54.483484    15.466869      56.6363  119.92369    0.91858    4
   2    6   -7   0.889623   -51.289346   -13.176651      52.9549  119.96401    0.80360    4
   3   12   -3   0.889336    -3.666813     0.003563      3.66681  120.02796    0.00386    4
   5    0    2   0.889184   -10.238121    -1.592309      10.3612  120.06205    0.01541    2
   5    1   -4   0.889041     4.680602     2.092744      5.12714  120.09391    0.00755    4
   5    6   -1   0.889005   -39.847592   -10.612202      41.2365  120.10212    0.48845    4
   1   10   -6   0.888387   -13.243796    -4.962422       14.143  120.24065    0.05759    4
   4    2   -6   0.888344    -2.394337    -0.268367      2.40933  120.25026    0.00167    4
   1    9    6   0.887885    -7.580929    -1.268340       7.6863  120.35329    0.01704    4
   0   15    2   0.887847    28.446410     9.001490      29.8366  120.36188    0.25686    4
   5    1    2   0.887337    37.085244     9.778110      38.3527  120.47689    0.42527    4
   0   10    6   0.885982    10.075015     3.101325      10.5415  120.78421    0.03230    4
   0    7    7   0.885627    17.001535     4.024089      17.4713  120.86497    0.08885    4
   0   12    5   0.884734    -2.711864    -0.043680      2.71222  121.06922    0.00215    4
   1   12   -5   0.884189   -35.976057    -8.629137      36.9965  121.19433    0.40076    4
   4    9    2   0.883988     3.270486     1.930122      3.79756  121.24062    0.00423    4
   3   13   -1   0.883588   -49.519248   -12.692183      51.1199  121.33276    0.76704    4
   5    2   -4   0.883539    -9.866567    -2.156479      10.0995  121.34421    0.02995    4
   3    3   -7   0.883379     8.922804     2.945418      9.39638  121.38108    0.02594    4
   2    7    6   0.883090   -20.851056    -5.791162      21.6403  121.44803    0.13774    4
   4   10    1   0.882604   -38.270888   -10.307403      39.6346  121.56059    0.46299    4
   5    6   -2   0.882081   -20.921778    -5.683039      21.6799  121.68208    0.13883    4
   3   13    0   0.881994     7.420357     0.935055      7.47904  121.70256    0.01653    4
   5    2    2   0.881866    -1.987565    -0.225468      2.00031  121.73223    0.00118    4
   5    6    0   0.881526     8.973514     2.993411      9.45962  121.81171    0.02649    4
   3   12    2   0.881294   -40.107227   -10.537025      41.4683  121.86592    0.50963    4
   5    5   -3   0.880890    -4.419767    -1.553049      4.68469  121.96040    0.00652    4
   1   14    3   0.880857    -9.235481    -1.816771      9.41248  121.96826    0.02631    4
   5    5    1   0.879784   -50.855962   -13.261905      52.5567  122.22063    0.82396    4
   4    3   -6   0.879250   -49.935890   -13.658619      51.7702  122.34688    0.80135    4
   3    0    6   0.878983    14.762539     4.615624      15.4673  122.41020    0.03581    2
   3   11    3   0.878587    -1.349860     0.126875      1.35581  122.50418    0.00055    4
   1   15   -2   0.878560     8.745842     3.238181      9.32607  122.51062    0.02608    4
   3    7    5   0.877440    19.762203     3.677531      20.1015  122.77784    0.12179    4
   3    1    6   0.877199    32.348093     9.157939      33.6194  122.83559    0.34104    4
   1   13    4   0.876972     1.872709     1.176470      2.21159  122.89010    0.00148    4
   4    5    4   0.876614    28.048666     6.326874      28.7534  122.97625    0.25012    4
   2   13    3   0.875851   -33.504193    -7.703596      34.3784  123.16027    0.35881    4
   1    0   -8   0.875641    -2.390576    -1.459571      2.80093  123.21107    0.00119    2
   2   10    5   0.875088   -44.497556   -11.723596       46.016  123.34503    0.64511    4
   5    3   -4   0.874591     8.071041     2.677200      8.50348  123.46614    0.02208    4
   1    1   -8   0.873877   -41.823219   -10.416806      43.1009  123.64035    0.56918    4
   1    6    7   0.873842   -51.413677   -13.888955      53.2566  123.64889    0.86915    4
   4    7   -5   0.873740    19.902834     4.817735      20.4776  123.67403    0.12856    4
   5    3    2   0.872968    42.615154    12.158369      44.3157  123.86348    0.60431    4
   3   10   -5   0.872462   -23.252216    -7.146708      24.3257  123.98843    0.18253    4
   4   10   -3   0.872267   -31.796598    -9.226037      33.1081  124.03651    0.33844    4
   3    2    6   0.871912     3.728001     0.615087       3.7784  124.12427    0.00442    4
   2    1    7   0.871692   -27.927713    -7.427120      28.8984  124.17895    0.25856    4
   3   13   -2   0.871141    -7.036312    -1.451334      7.18443  124.31587    0.01602    4
   3    4   -7   0.870934    17.677736     4.162555      18.1612  124.36756    0.10250    4
   2   14    2   0.868685   -31.425415    -8.301462      32.5034  124.93242    0.33200    4
   1    2   -8   0.868650    -4.336863    -0.272242       4.3454  124.94134    0.00594    4
   4    9   -4   0.868546     5.107514     2.302572      5.60255  124.96773    0.00987    4
   4   11   -1   0.868197     0.686355     0.013180     0.686482  125.05608    0.00015    4
   3    8   -6   0.868120   -43.280839   -11.041698      44.6671  125.07561    0.62879    4
   4    8    3   0.867854   -13.554891    -3.073500       13.899  125.14323    0.06097    4
   0    0    8   0.867755   -47.103794   -12.379495      48.7034  125.16847    0.37448    2
   1   15    2   0.867303    61.218549    14.930155      63.0129  125.28367    1.25663    4
   2   13   -4   0.866990     1.643569     0.456884      1.70589  125.36364    0.00092    4
   4    4   -6   0.866976     7.843459     1.469933      7.98001  125.36730    0.02019    4
   3   13    1   0.866580    20.078098     4.703701      20.6217  125.46892    0.13509    4
   2    2    7   0.866503    37.569964    10.903356      39.1201  125.48845    0.48635    4
   2    7   -7   0.866446     3.432587     2.226901      4.09167  125.50310    0.00532    4
   0    1    8   0.866039    14.761590     5.985170      15.9288  125.60795    0.08083    4
   5    7   -1   0.865875    -8.265870    -3.147845      8.84497  125.65011    0.02494    4
   2   12    4   0.865799    35.525802    10.068441       36.925  125.66969    0.43490    4
   1    8   -7   0.864303   -12.543988    -1.679655      12.6559  126.05762    0.05150    4
   4   11    0   0.863943   -13.213293    -3.170668      13.5884  126.15150    0.05948    4
   3    3    6   0.863309    44.563142    11.467641       46.015  126.31723    0.68443    4
   5    4   -4   0.862508    56.925407    14.881946      58.8385  126.52804    1.12399    4
   2   14   -3   0.862482   -20.114537    -6.588721      21.1661  126.53478    0.14547    4
   5    6   -3   0.861725    50.840068    14.157303      52.7744  126.73521    0.90817    4
   2   10   -6   0.861320   -39.110107    -9.674013      40.2888  126.84277    0.53048    4
   0   16    0   0.861000    18.406828     7.133028      19.7406  126.92785    0.06379    2
   5    4    2   0.860952     8.116823     1.472030      8.24922  126.94070    0.02229    4
   0    2    8   0.860950    -5.548279    -1.674368      5.79542  126.94121    0.01100    4
   5    6    1   0.860689    11.420242     2.781038       11.754  127.01081    0.04531    4
   1    3   -8   0.860142   -51.132298   -12.992007       52.757  127.15716    0.91568    4
   5    7   -2   0.859474   -19.411447    -5.940238         20.3  127.33661    0.13609    4
   0    8    7   0.859390   -17.717468    -4.657987      18.3195  127.35948    0.11089    4
   4   11   -2   0.859050   -18.151247    -6.131133      19.1588  127.45102    0.12152    4
   5    7    0   0.858960    41.636856    12.206285      43.3892  127.47539    0.62358    4
   3   10    4   0.858927   -34.168582    -7.448356       34.971  127.48435    0.40516    4
   2    3    7   0.858058    18.471405     5.288086      19.2135  127.72011    0.12292    4
   4    6    4   0.857720    -1.445817     0.550536      1.54709  127.81226    0.00080    4
   2   15    0   0.857134   -54.509054   -14.732935       56.465  127.97252    1.06740    4
   2    8    6   0.857070    41.169301    11.511634      42.7484  127.98989    0.61203    4
   1   12    5   0.856317   -27.583417    -8.098297      28.7476  128.19686    0.27803    4
   0   14    4   0.855987   -16.580541    -3.828571      17.0168  128.28802    0.09761    4
   2   15   -1   0.855932   -12.357008    -3.386071      12.8125  128.30325    0.05536    4
   3    5   -7   0.855679    17.048598     4.552596       17.646  128.37299    0.10516    4
   2    0   -8   0.854928    39.962004    10.721188      41.3752  128.58159    0.29039    2
   2   12   -5   0.854837   -39.065608   -11.217336      40.6442  128.60683    0.56076    4
   1   10    6   0.854793    29.893340     8.518921      31.0835  128.61913    0.32806    4
   0   16    1   0.854453   -48.109351   -12.795317      49.7818  128.71402    0.84323    4
   0   15    3   0.853626   -11.769234    -2.873909       12.115  128.94569    0.05020    4
   2    1   -8   0.853286   -28.601826    -7.610422       29.597  129.04139    0.30023    4
   1   14   -4   0.852856   -38.869946   -11.335693      40.4891  129.16283    0.56338    4
   0    3    8   0.852664    22.307115     7.452550      23.5191  129.21713    0.19032    4
   1   11   -6   0.851963    46.319346    13.210411      48.1663  129.41623    0.80181    4
   4    5   -6   0.851925    24.786779     6.849048      25.7156  129.42698    0.22860    4
   3    8    5   0.851903     8.611570     4.260872      9.60803  129.43337    0.03192    4
   1    7    7   0.851847    -0.309555     0.613207     0.686911  129.44915    0.00016    4
   3    4    6   0.851682   -14.259671    -4.310565       14.897  129.49625    0.07684    4
   4   10    2   0.851314    21.669277     6.087633      22.5082  129.60143    0.17582    4
   3   12   -4   0.849959   -13.895470    -3.120516      14.2415  129.99112    0.07101    4
   0   11    6   0.849841   -56.513808   -14.409071      58.3218  130.02505    1.19185    4
   1    4   -8   0.848641     2.571860     1.335365      2.89787  130.37409    0.00297    4
   4    8   -5   0.848515    -5.040105    -1.625120      5.29563  130.41089    0.00991    4
   2    2   -8   0.848418     7.706858     1.418990       7.8364  130.43922    0.02172    4
   1   15   -3   0.847930     0.376743    -0.448053     0.585395  130.58212    0.00012    4
   5    5   -4   0.847685    -3.032832    -1.244803      3.27835  130.65438    0.00382    4
   1   16    0   0.847327    20.637242     4.734507      21.1734  130.75981    0.15976    4
   4   11    1   0.846859    -4.829069    -0.349470       4.8417  130.89814    0.00838    4
   2    4    7   0.846639     7.102265     2.799706      7.63417  130.96340    0.02087    4
   4    1    5   0.846529    33.885008    10.228468      35.3951  130.99607    0.44890    4
   3   13   -3   0.846339    56.621380    15.195775       58.625  131.05260    1.23311    4
   5    5    2   0.846207   -25.557710    -6.126029      26.2816  131.09174    0.24805    4
   2   15    1   0.845512     9.688629     3.077051      10.1655  131.29932    0.03729    4
   1   16   -1   0.843614    39.137445    11.467855       40.783  131.87225    0.60837    4
   0   13    5   0.842369    52.585563    14.856130      54.6438  132.25274    1.10213    4
   5    1   -5   0.842262    20.269864     5.758877      21.0721  132.28585    0.16403    4
   2   15   -2   0.842064    48.997278    12.761087      50.6318  132.34655    0.94837    4
   1   13   -5   0.841899    36.150108     9.989577       37.505  132.39759    0.52100    4
   2    8   -7   0.841830   -19.057196    -6.812538      20.2383  132.41878    0.15179    4
   4    2    5   0.841774     6.392809     2.739341        6.955  132.43604    0.01793    4
   0    4    8   0.841456    42.386676    11.493276      43.9173  132.53443    0.71674    4
   5    8   -1   0.841306   -21.115816    -5.644469      21.8572  132.58095    0.17773    4
   5    7   -3   0.840610     1.157181     0.597545      1.30235  132.79746    0.00063    4
   2    3   -8   0.840486   -33.303506    -9.507686      34.6341  132.83637    0.44903    4
   5    1    3   0.840331   -37.507786    -9.553062      38.7052  132.88475    0.56145    4
   3    9   -6   0.840222   -10.808076    -1.788891      10.9551  132.91875    0.04502    4
   2   11    5   0.840213     4.286007     0.090492      4.28696  132.92152    0.00689    4
   3   12    3   0.840166    32.071379     9.886430      33.5606  132.93622    0.42265    4
   4    9    3   0.839981   -48.573841   -12.707772      50.2086  132.99434    0.94730    4
   5    7    1   0.839649    10.912623     4.232855      11.7048  133.09866    0.05161    4
   3   13    2   0.839398    -3.360419    -0.012379      3.36044  133.17762    0.00426    4
   1   16    1   0.838579   -16.244437    -5.298270      17.0866  133.43700    0.11091    4
   3   14   -1   0.838259   -18.075963    -5.151906      18.7958  133.53858    0.13454    4
   3    6   -7   0.838080   -47.565051   -13.512218      49.4471  133.59553    0.93243    4
   3   11   -5   0.837887     1.493518    -0.583466      1.60344  133.65717    0.00098    4
   4   11   -3   0.837715     4.024538     0.342610       4.0391  133.71229    0.00624    4
   5    2   -5   0.837578    44.980758    13.288916      46.9027  133.75605    0.84228    4
   4   10   -4   0.837495   -20.840407    -4.755244       21.376  133.78269    0.17507    4
   3    5    6   0.837401   -14.642231    -5.648543       15.694  133.81293    0.09444    4
   3   14    0   0.836897    34.302191     9.638047      35.6305  133.97504    0.48873    4
   4    7    4   0.836891    44.922865    13.117236      46.7988  133.97681    0.84316    4
   1    9   -7   0.836759    52.753154    14.488045      54.7065  134.01942    1.15340    4
   5    2    3   0.835679   -18.884309    -5.521337      19.6749  134.36969    0.15050    4
   0   16    2   0.835674   -15.578442    -5.631762      16.5652  134.37149    0.10669    4
   5    8   -2   0.835432    41.846308    11.510885      43.4006  134.45059    0.73381    4
   5    8    0   0.834959   -23.033504    -6.108951      23.8298  134.60522    0.22209    4
   4    6   -6   0.834552     4.958546     0.711122      5.00928  134.73906    0.00985    4
   1    5   -8   0.834509    23.975604     6.477598      24.8352  134.75316    0.24213    4
   4    3    5   0.834025   -20.192923    -7.308071      21.4747  134.91302    0.18177    4
   1    0    8   0.833447   -51.156036   -14.071169       53.056  135.10501    0.55749    2
   1   15    3   0.832865   -14.179237    -3.261457      14.5495  135.29931    0.08427    4
   2    5    7   0.832606    30.687246     8.426821      31.8232  135.38606    0.40403    4
   1   14    4   0.832603    23.355711     5.932614      24.0974  135.38684    0.23167    4
   0    9    7   0.832299    37.506259    11.728129      39.2972  135.48914    0.61773    4
   1    1    8   0.831926    -1.885248    -1.810433      2.61378  135.61491    0.00274    4
   2   14    3   0.831644   -27.775387    -7.250204      28.7061  135.71029    0.33151    4
   4   12   -1   0.831067    35.169662    10.503937      36.7047  135.90612    0.54476    4
   5    6   -4   0.830565    23.984081     5.855356      24.6885  136.07755    0.24756    4
   2    9    6   0.830191     7.505375     0.924285      7.56207  136.20546    0.02330    4
   5    3   -5   0.829943   -14.752326    -4.093184      15.3096  136.29071    0.09573    4
   2    4   -8   0.829745   -35.156027    -9.970375      36.5425  136.35907    0.54638    4
   5    6    2   0.829175     3.600800     0.598075      3.65013  136.55638    0.00548    4
   1    8    7   0.828422   -30.458305    -7.385230      31.3409  136.81858    0.40680    4
   5    3    3   0.828096    24.359015     6.822646      25.2964  136.93261    0.26583    4
   2   11   -6   0.828004     7.447172     2.969028       8.0172  136.96505    0.02672    4
   1   16   -2   0.827916   -24.196577    -6.719299      25.1122  136.99581    0.26241    4
   0    5    8   0.827675    -9.528878    -3.803706        10.26  137.08053    0.04390    4
   3   14   -2   0.827609   -12.455451    -3.684060      12.9889  137.10398    0.07040    4
   1    2    8   0.827412    -4.181327    -1.848333      4.57163  137.17339    0.00874    4
   4   12    0   0.827333    34.221619     9.639316      35.5533  137.20128    0.52887    4
   2   13    4   0.825977     3.225148     0.214592      3.23228  137.68377    0.00443    4
   3   11    4   0.825877   -31.345266    -8.163790      32.3909  137.71959    0.44513    4
   3    9    5   0.825492    36.007218    10.937773      37.6318  137.85800    0.60309    4
   2   14   -4   0.824047   -39.760169   -11.002267      41.2543  138.38283    0.73524    4
   3   14    1   0.823694    26.238082     7.909857      27.4044  138.51218    0.32559    4
   4    4    5   0.823528     0.113362     0.733118     0.741831  138.57346    0.00024    4
   4   12   -2   0.823034   -34.797493    -9.228329      36.0004  138.75572    0.56568    4
   2   15    2   0.822553    34.055105    10.348358      35.5927  138.93384    0.55568    4
   4    9   -5   0.822409    52.596573    14.480066      54.5534  138.98767    1.30736    4
   1   11    6   0.822201   -19.855628    -5.875344      20.7067  139.06531    0.18876    4
   3    6    6   0.820884    -8.993273    -1.668293       9.1467  139.56046    0.03735    4
   1    3    8   0.820049    -4.778208    -2.316543      5.31015  139.87853    0.01270    4
   4    1   -7   0.819982   -38.887651   -10.582805      40.3019  139.90439    0.73214    4
   5    4   -5   0.819597     8.334015     3.412104      9.00546  140.05198    0.03671    4
   4   11    2   0.819103    33.462920    10.237505      34.9939  140.24264    0.55733    4
   3    7   -7   0.818618    -3.848281    -1.602264      4.16852  140.43064    0.00795    4
   1   16    2   0.818475    -5.341955    -0.799149       5.4014  140.48635    0.01337    4
   1    6   -8   0.818160     8.762298     0.714065      8.79135  140.60949    0.03555    4
   5    8   -3   0.818075    25.156964     7.448953      26.2366  140.64268    0.31691    4
   5    4    3   0.817818    -4.109833    -1.440688      4.35503  140.74371    0.00876    4
   1   13    5   0.817732    30.729490     9.490391      32.1616  140.77732    0.47806    4
   2   15   -3   0.817282     9.421467     2.149814      9.66363  140.95507    0.04338    4
   5    8    1   0.817189     6.263068     1.507880      6.44203  140.99164    0.01930    4
   1   12   -6   0.816794    12.645593     5.163613      13.6592  141.14829    0.08717    4
   2    5   -8   0.816522    17.925725     4.694118      18.5301  141.25668    0.16093    4
   2   13   -5   0.816443    -2.954664    -1.648208      3.38329  141.28822    0.00537    4
   2    6    7   0.816366   -33.586219    -9.456796      34.8922  141.31921    0.57164    4
   2    9   -7   0.816318    28.337910     7.228658      29.2454  141.33829    0.40181    4
   5    9   -1   0.815840   -38.299115    -9.386814      39.4327  141.53009    0.73464    4
   4    2   -7   0.815658    19.880896     5.935372       20.748  141.60339    0.20382    4
   4    7   -6   0.815329    48.614768    14.217584      50.6511  141.73642    1.21951    4
   0   12    6   0.814924    -6.228853    -2.814432      6.83518  141.90094    0.02232    4
   4    8    4   0.814646    -6.992620    -1.285745      7.10984  142.01432    0.02423    4
   4   12    1   0.812293   -30.727023    -8.702646      31.9357  142.99081    0.50341    4
   3   13   -4   0.812190     4.169498     1.258729      4.35535  143.03451    0.00938    4
   3   10   -6   0.812015   -26.179009    -7.549375      27.2458  143.10820    0.36773    4
   4   10    3   0.811798    12.550568     4.295255      13.2652  143.20045    0.08741    4
   0   15    4   0.811748   -43.292463   -13.165192        45.25  143.22155    1.01781    4
   0    6    8   0.811717    14.941475     4.561124      15.6221  143.23492    0.12136    4
   5    7   -4   0.811610   -11.484677    -2.830015      11.8282  143.28033    0.06967    4
   3    0   -8   0.811132    49.962377    14.985984      52.1615  143.48425    0.68172    2
   4    5    5   0.810595   -42.043156   -11.642947      43.6255  143.71498    0.96055    4
   5    9   -2   0.810480     3.536497     1.093140      3.70159  143.76484    0.00693    4
   5    7    2   0.810313   -41.834922   -12.668440       43.711  143.83708    0.96798    4
   1    4    8   0.810064    46.641453    13.088005       48.443  143.94497    1.19290    4
   5    9    0   0.810049    -9.241121    -2.131852      9.48383  143.95175    0.04573    4
   2   16    0   0.809912    -1.147701    -0.708123      1.34858  144.01115    0.00093    4
   3    1   -8   0.809730     0.955721     0.147245     0.966997  144.09070    0.00048    4
   1   15   -4   0.809077    21.480828     5.584857       22.195  144.37710    0.25382    4
   2   16   -1   0.808898    10.986809     2.630262      11.2973  144.45622    0.06593    4
   1   10   -7   0.808889    11.072018     2.583687      11.3695  144.46023    0.06678    4
   4    3   -7   0.808602    25.909163     7.590349      26.9981  144.58697    0.37807    4
   0   16    3   0.806951    23.764594     7.338177      24.8718  145.32894    0.32856    4
   5    5   -5   0.806846   -21.507884    -6.540713      22.4804  145.37673    0.26883    4
   4   11   -4   0.806772    40.522251    12.470347      42.3977  145.41060    0.95726    4
   2   12    5   0.806423   -37.429104    -9.888786      38.7134  145.57011    0.80225    4
   3   14   -3   0.806254     2.788521     0.180701      2.79437  145.64804    0.00419    4
   3    2   -8   0.805566     5.724512     2.001850      6.06444  145.96603    0.01994    4
   5    5    3   0.805148    40.881909    10.841193      42.2949  146.16059    0.97622    4
   0   17    1   0.804888   -16.667372    -4.069482       17.157  146.28284    0.16129    4
   0   10    7   0.804857    23.830050     6.299722      24.6487  146.29727    0.33306    4
   3   12   -5   0.804366   -20.315244    -6.219559       21.246  146.52894    0.24936    4
   4   12   -3   0.804214   -23.383135    -7.670037       24.609  146.60128    0.33535    4
   1    9    7   0.804075     7.647960     1.529903      7.79948  146.66734    0.03376    4
   3   13    3   0.803633    12.007864     4.114004      12.6931  146.87840    0.09005    4
   2   10    6   0.802951    25.812410     7.711985      26.9398  147.20736    0.41014    4
   0   14    5   0.802820     2.472193    -0.168083       2.4779  147.27103    0.00348    4
   3    7    6   0.802570   -44.527103   -11.945258      46.1015  147.39251    1.20866    4
   1   14   -5   0.802412    28.409200     6.377775      29.1163  147.46965    0.48338    4
   1   16   -3   0.802134   -43.990143   -12.452229      45.7186  147.60612    1.19735    4
   6    1   -1   0.801886   -40.060741   -10.324813      41.3699  147.72843    0.98452    4
   2    6   -8   0.801189   -18.383914    -3.852595      18.7833  148.07513    0.20539    4
   6    0   -2   0.800290    15.793627     4.214542      16.3463  148.52786    0.07901    2
   3   14    2   0.800246   -38.487206   -11.059766      40.0448  148.55020    0.94913    4
   2   16    1   0.800086    13.843687     4.947069      14.7011  148.63190    0.12829    4
   1    7   -8   0.800024    47.471454    13.515071      49.3578  148.66372    1.44770    4
   4    4   -7   0.799025     2.653584     1.614436      3.10611  149.17855    0.00584    4
   6    1   -2   0.798943    27.147282     8.644419      28.4904  149.22097    0.49197    4
   1   17    0   0.798923    -7.855155    -3.649765      8.66165  149.23178    0.04549    4
   3    3   -8   0.798766     1.947293     0.133636      1.95187  149.31341    0.00232    4
   3   10    5   0.798697   -21.230836    -6.148170      22.1031  149.34963    0.29748    4
   2    7    7   0.798346    -6.645696    -2.625170       7.1454  149.53410    0.03130    4
   6    2   -1   0.797841    -4.596025    -0.104247      4.59721  149.80131    0.01308    4
   3    8   -7   0.797763   -27.169551    -7.185927      28.1038  149.84293    0.48957    4
   1    5    8   0.797746     1.135285     1.069932      1.56001  149.85195    0.00151    4
   2   16   -2   0.797163   -12.432104    -3.214069      12.8409  150.16494    0.10341    4
   3   15   -1   0.796582    -6.691606    -2.573937      7.16957  150.48008    0.03262    4
   4   10   -5   0.795903     4.767939     2.495621      5.38158  150.85364    0.01863    4
   1   17   -1   0.795808    24.970168     6.576169      25.8216  150.90636    0.42984    4
   4   13   -1   0.795659    -8.303042    -1.405493      8.42116  150.98936    0.04586    4
   2   12   -6   0.795610    34.701923     9.671980      36.0246  151.01661    0.84011    4
   4    6    5   0.795587    -8.305612    -2.383841      8.64094  151.02934    0.04836    4
   6    0    0   0.795579     6.534982     4.076599      7.70225  151.03346    0.01921    2
   3   15    0   0.795413   -25.735324    -7.818219      26.8967  151.12634    0.47025    4
   6    2   -2   0.794943    -0.509301     0.554048     0.752567  151.39088    0.00037    4
   4    8   -6   0.794718    -1.568614    -1.071355      1.89957  151.51807    0.00238    4
   5    9   -3   0.794604     9.556336     1.559336      9.68272  151.58330    0.06201    4
   6    1    0   0.794256   -25.426259    -8.252965      26.7321  151.78211    0.47628    4
   0    7    8   0.793996   -28.378957    -7.821767      29.4371  151.93171    0.58089    4
   5    9    1   0.793792    47.293020    12.789637      48.9919  152.05011    1.61639    4
   3   12    4   0.793723    26.145211     7.420907       27.178  152.08998    0.49820    4
   5    0   -6   0.792975    34.402951     9.864547      35.7893  152.52811    0.43944    2
   4   13    0   0.792380    -1.765994    -0.227419      1.78058  152.88256    0.00221    4
   5    6   -5   0.792041   -39.121075   -11.503842      40.7774  153.08644    1.16656    4
   3    1    7   0.791876   -32.318229    -9.644574      33.7266  153.18638    0.80123    4
   1   15    4   0.791724   -44.679395   -11.594857      46.1594  153.27896    1.50645    4
   5    1   -6   0.791665   -26.419077    -7.037366      27.3403  153.31518    0.52927    4
   1   17    1   0.791577   -38.510382   -11.730994      40.2575  153.36887    1.15003    4
   4    9    4   0.791460    -8.676697    -2.251104      8.96396  153.44022    0.05718    4
   5    8   -4   0.791273   -40.481154   -11.880456      42.1885  153.55571    1.27262    4
   6    3   -1   0.791234    27.492335     7.388224      28.4678  153.57943    0.58001    4
   5    0    4   0.790962    26.111045     8.379934      27.4228  153.74799    0.27097    2
   2   15    3   0.790899    -3.221421    -1.463420      3.53824  153.78720    0.00904    4
   1   12    6   0.790457   -30.307944    -8.426117      31.4574  154.06353    0.72248    4
   5    6    3   0.790435    15.382257     4.755617      16.1006  154.07753    0.18937    4
   2   10   -7   0.790379    34.663359     9.739223      36.0056  154.11316    0.94845    4
   6    2    0   0.790325     3.400889     0.555980      3.44603  154.14694    0.00870    4
   5    8    2   0.790071    -4.067526    -1.161068      4.22999  154.30829    0.01320    4
   5   10   -1   0.789945    24.848322     7.764489      26.0332  154.38840    0.50155    4
   5    1    4   0.789661   -18.297783    -6.151005       19.304  154.56997    0.27789    4
   3    4   -8   0.789530   -47.216274   -13.954792      49.2353  154.65463    1.81420    4
   1   16    3   0.789344    -8.158766    -2.503021      8.53408  154.77470    0.05478    4
   0   17    2   0.789133     8.576441     2.914963      9.05828  154.91260    0.06208    4
   4   13   -2   0.788600    -3.682606    -0.641418      3.73805  155.26252    0.01073    4
   2   14    4   0.788592    35.196572    10.609043      36.7607  155.26816    1.03824    4
   6    3   -2   0.788407    33.919415    10.766873      35.5872  155.39125    0.97822    4
   3    2    7   0.787981     1.945227     0.129669      1.94954  155.67701    0.00297    4
   5    2   -6   0.787772     6.565417     1.316303      6.69607  155.81814    0.03529    4
   4   12    2   0.787704   -21.689235    -6.075778      22.5242  155.86468    0.40009    4
   3   15   -2   0.787426    43.096542    12.742155      44.9408  156.05448    1.60618    4
   4    5   -7   0.787197    43.565734    12.012704      45.1916  156.21235    1.63564    4
   5    2    4   0.785798     4.089184     1.133811      4.24346  157.20099    0.01509    4
   6    1   -3   0.785768    30.036306     8.419126      31.1939  157.22278    0.81610    4
   5   10   -2   0.785076    26.637627     7.804086      27.7573  157.72992    0.66178    4
   5   10    0   0.784684   -14.404751    -4.147871      14.9901  158.02263    0.19572    4
   2   15   -4   0.784356   -21.635951    -5.627037      22.3557  158.27030    0.44056    4
   2    7   -8   0.784134    32.207317     9.900122      33.6946  158.44000    1.00911    4
   3   15    1   0.784052     1.107368     0.923878      1.44216  158.50323    0.00185    4
   3   11   -6   0.783920   -26.688819    -8.407459      27.9818  158.60489    0.70159    4
   6    3    0   0.783901   -32.064539   -10.299825      33.6782  158.61968    1.01706    4
   4   11    3   0.783725     4.004008     0.497198      4.03476  158.75705    0.01470    4
   1    6    8   0.783428    12.578287     5.057448       13.557  158.98959    0.16786    4
   1   13   -6   0.783107     5.856245     1.236801      5.98542  159.24448    0.03314    4
   3    8    6   0.782889    12.313271     3.490338      12.7984  159.41952    0.15289    4
   1   17   -2   0.782590    -0.249026     0.901275     0.935046  159.66191    0.00083    4
   6    4   -1   0.782254     3.874454     0.051750       3.8748  159.93838    0.01439    4
   6    2   -3   0.781961   -28.299778    -7.871608      29.3741  160.18240    0.83790    4
   3    3    7   0.781613    26.135154     6.944725      27.0421  160.47639    0.72133    4
   0   13    6   0.781458    -2.134825    -1.142154      2.42116  160.60889    0.00582    4
   5    3   -6   0.781410   -32.841630    -8.822055      34.0059  160.65061    1.15141    4
   1   14    5   0.781407    18.426575     5.679083      19.2819  160.65301    0.37023    4
   2    0    8   0.781115   -22.783253    -6.544810      23.7047  160.90575    0.28365    2
   1   11   -7   0.781106    -3.839060    -0.535142      3.87618  160.91396    0.01518    4
   2   16    2   0.780550    11.765793     4.128772      12.4692  161.40558    0.16137    4
   1    8   -8   0.780525    -2.818200    -1.011993      2.99439  161.42853    0.00932    4
   2   14   -5   0.780282    24.353233     7.987554      25.6297  161.64745    0.69112    4
   2    1    8   0.779863   -25.255447    -7.243191      26.2736  162.03311    0.74250    4
   6    4   -2   0.779521   -14.094139    -3.904282      14.6249  162.35344    0.23440    4
   5    3    4   0.779483   -22.530204    -7.653425      23.7946  162.38958    0.62180    4
   1   10    7   0.779250    33.709050    10.199886      35.2184  162.61226    1.38026    4
   4   13    1   0.779138   -22.972350    -6.549990      23.8879  162.72066    0.63913    4
   2    8    7   0.778966   -13.830509    -4.879943      14.6662  162.88743    0.24335    4
   4    7    5   0.778880     7.845522     3.719764      8.68268  162.97144    0.08573    4
   3    5   -8   0.778112     0.630142    -0.165530     0.651521  163.74435    0.00051    4
   4    0    6   0.777959   -24.654335    -6.129292      25.4048  163.90333    0.38893    2
   1    1   -9   0.777610   -30.102009    -9.483424      31.5605  164.27131    1.22944    4
   0   11    7   0.777474    -0.560666    -0.530724      0.77202  164.41736    0.00074    4
   6    1    1   0.776922    27.948114     7.714459      28.9933  165.02404    1.09125    4
   4    1    6   0.776722    27.098344     7.051079      28.0007  165.25056    1.03387    4
   4   12   -4   0.776718    21.338815     4.950836      21.9056  165.25408    0.63292    4
   3   14   -4   0.776567   -12.340581    -3.471379      12.8195  165.42820    0.21942    4
   2    2    8   0.776141    -5.290708    -0.871008      5.36193  165.92881    0.03979    4
   2   16   -3   0.776041   -29.933033    -8.925118      31.2353  166.04851    1.36203    4
   3    9   -7   0.775951   -16.026532    -4.402628      16.6203  166.15704    0.38872    4
   2   11    6   0.775755    18.811461     5.184437      19.5128  166.39794    0.54551    4
   6    3   -3   0.775737   -20.786365    -6.048203      21.6484  166.41986    0.67257    4
   5    7   -5   0.775553     6.820306     2.011869      7.11085  166.65093    0.07385    4
   6    4    0   0.775166    -8.466635    -3.820210      9.28859  167.14938    0.13100    4
   0    8    8   0.774924   -30.871908    -9.140422      32.1966  167.47060    1.61515    4
   1   17    2   0.774602    12.598476     4.702358      13.4474  167.91204    0.29224    4
   5    7    3   0.774045    -9.497685    -3.454496      10.1064  168.71839    0.17707    4
   2   13    5   0.773953    -1.207989    -1.220117      1.71695  168.85691    0.00518    4
   1    2   -9   0.773920    17.671837     5.325033      18.4567  168.90683    0.60075    4
   4    6   -7   0.773429   -18.251848    -5.105966      18.9526  169.68281    0.68181    4
   6    2    1   0.773242    32.540525     7.403768      33.3722  169.99540    2.18086    4
   4    9   -6   0.773149    -7.400650    -2.459377       7.7986  170.15411    0.12104    4
   4    2    6   0.773044    -3.435962    -0.838962       3.5369  170.33558    0.02537    4
   3    4    7   0.772953     0.402478    -0.020141     0.402981  170.49667    0.00033    4
   5    4   -6   0.772756   -31.027999    -9.183663      32.3586  170.85446    2.24531    4
   3   13   -5   0.772134   -39.142619   -11.156318      40.7014  172.09335    4.11443    4
   4   13   -3   0.771999    34.431346     8.981095      35.5834  172.38857    3.26765    4
   3   11    5   0.771917    -3.992073    -0.389566      4.01104  172.57308    0.04256    4
   0   16    4   0.771299     7.706059     2.084880      7.98311  174.15696    0.21457    4
   6    5   -1   0.771145    41.743325    11.697454      43.3513  174.62483    6.88042    4
   5    4    4   0.770893   -25.133642    -7.803591      26.3172  175.49302    3.02574    4
   5   10   -3   0.770620   -35.622675   -10.414401      37.1138  176.67827    8.16958    4
   0    1    9   0.770132   -15.794436    -3.228641      16.1211   -1.#IND0   -1.#IND0    4
   2    3    8   0.770054   -31.406022    -9.066602      32.6886   -1.#IND0   -1.#IND0    4
   5    9   -4   0.769975     1.954092     0.362597      1.98745   -1.#IND0   -1.#IND0    4
   5   10    1   0.769879    -4.783106    -2.008937      5.18786   -1.#IND0   -1.#IND0    4
   4   11   -5   0.769394    -4.296134    -0.535507      4.32938   -1.#IND0   -1.#IND0    4
   3   14    3   0.769077   -22.119055    -7.107546      23.2329   -1.#IND0   -1.#IND0    4
   1   16   -4   0.769006    15.795192     5.772775       16.817   -1.#IND0   -1.#IND0    4
   3   15   -3   0.768966     7.984319     3.038395       8.5429   -1.#IND0   -1.#IND0    4
   5    9    2   0.768867    10.040953     2.209446      10.2812   -1.#IND0   -1.#IND0    4
   6    5   -2   0.768526   -17.940429    -5.418199      18.7408   -1.#IND0   -1.#IND0    4
   1    3   -9   0.767885    20.957714     6.829975      22.0426   -1.#IND0   -1.#IND0    4
   4   10    4   0.767752    -0.805912    -0.788018      1.12715   -1.#IND0   -1.#IND0    4
   1    7    8   0.767461     8.894316     2.453735      9.22657   -1.#IND0   -1.#IND0    4
   2   17    0   0.767332   -18.202616    -4.700323      18.7997   -1.#IND0   -1.#IND0    4
   6    4   -3   0.767269   -11.108877    -2.154470      11.3159   -1.#IND0   -1.#IND0    4
   6    3    1   0.767222   -19.514180    -5.524631      20.2811   -1.#IND0   -1.#IND0    4
   4    3    6   0.767029    28.437649     8.737927      29.7498   -1.#IND0   -1.#IND0    4
   0    2    9   0.766547   -42.910551   -12.333518      44.6479   -1.#IND0   -1.#IND0    4
   2   17   -1   0.766469    39.175633    12.074177      40.9941   -1.#IND0   -1.#IND0    4
   0   15    5   0.765985    12.024709     3.023866      12.3991   -1.#IND0   -1.#IND0    4
   2    8   -8   0.765748    24.874169     7.987554      26.1252   -1.#IND0   -1.#IND0    4
   1   15   -5   0.765631     6.510009     2.138567      6.85228   -1.#IND0   -1.#IND0    4
   0   18    0   0.765333    41.447369    12.377097      43.2559   -1.#IND0   -1.#IND0    2
   6    0   -4   0.764982   -33.281903   -10.789372      34.9871   -1.#IND0   -1.#IND0    2
   2    1   -9   0.764882   -30.736153    -9.366260      32.1316   -1.#IND0   -1.#IND0    4
   0   17    3   0.764812    37.172544     9.929399      38.4758   -1.#IND0   -1.#IND0    4
   3    6   -8   0.764808   -15.897639    -5.463918      16.8104   -1.#IND0   -1.#IND0    4
   2   11   -7   0.764400     1.029219    -0.086375      1.03284   -1.#IND0   -1.#IND0    4
   2   13   -6   0.764378     1.625079     0.453706      1.68723   -1.#IND0   -1.#IND0    4
   6    5    0   0.764352    16.920009     5.153986      17.6876   -1.#IND0   -1.#IND0    4
   5   11   -1   0.764008     2.664849     0.432332      2.69969   -1.#IND0   -1.#IND0    4
   6    1   -4   0.763806   -19.177721    -5.279910      19.8913   -1.#IND0   -1.#IND0    4
   3   15    2   0.763749    -1.741041    -0.008411      1.74106   -1.#IND0   -1.#IND0    4
   3   13    4   0.762705    -1.879529    -0.742651      2.02093   -1.#IND0   -1.#IND0    4
   3    9    6   0.762243     1.566927     1.971101      2.51804   -1.#IND0   -1.#IND0    4
   3    5    7   0.762230    34.235197    10.937556      35.9399   -1.#IND0   -1.#IND0    4
   4   14   -1   0.762079   -23.653503    -7.532888       24.824   -1.#IND0   -1.#IND0    4
   5    5   -6   0.762041    15.001695     4.317508      15.6106   -1.#IND0   -1.#IND0    4
   2    4    8   0.761768    19.928972     6.087473       20.838   -1.#IND0   -1.#IND0    4
   2    2   -9   0.761369   -17.131191    -5.631636      18.0331   -1.#IND0   -1.#IND0    4
   4    8    5   0.760853    -2.288058    -1.289371      2.62635   -1.#IND0   -1.#IND0    4
   0   18    1   0.760724    18.197162     4.339326      18.7074   -1.#IND0   -1.#IND0    4
   1   17   -3   0.760707     0.797339     1.156202      1.40448   -1.#IND0   -1.#IND0    4
   0    3    9   0.760681    12.536063     2.375581      12.7592   -1.#IND0   -1.#IND0    4
   6    2   -4   0.760308    -3.016947    -1.438856       3.3425   -1.#IND0   -1.#IND0    4
   5    5    4   0.760254    12.678242     3.865659      13.2545   -1.#IND0   -1.#IND0    4
   1    9   -8   0.760061    -6.993138    -2.316999      7.36698   -1.#IND0   -1.#IND0    4
   1   13    6   0.759806    -0.316138    -0.346230     0.468848   -1.#IND0   -1.#IND0    4
   1    4   -9   0.759668     0.634002     1.431497      1.56561   -1.#IND0   -1.#IND0    4
   5   11   -2   0.759600    11.232019     5.276819      12.4098   -1.#IND0   -1.#IND0    4
   5   11    0   0.759245   -31.311576   -10.886387      33.1501   -1.#IND0   -1.#IND0    4
   4   14    0   0.759197    32.251539    10.123720      33.8031   -1.#IND0   -1.#IND0    4
   6    4    1   0.759027     4.788890     1.907160      5.15468   -1.#IND0   -1.#IND0    4
   2   17    1   0.758960   -37.100595   -10.994245      38.6953   -1.#IND0   -1.#IND0    4
   4    4    6   0.758840    21.210982     5.676165      21.9573   -1.#IND0   -1.#IND0    4
   2    9    7   0.758622   -26.958067    -8.093472      28.1468   -1.#IND0   -1.#IND0    4
   3   16   -1   0.758254   -21.314124    -6.713116      22.3463   -1.#IND0   -1.#IND0    4
   6    6   -1   0.758189     1.347242     0.080880      1.34967   -1.#IND0   -1.#IND0    4
   4    7   -7   0.758054   -11.603009    -3.896830      12.2399   -1.#IND0   -1.#IND0    4
   5    8   -5   0.757750   -16.926319    -5.951463      17.9421   -1.#IND0   -1.#IND0    4
   4   13    2   0.757359     5.335144     0.900602      5.41062   -1.#IND0   -1.#IND0    4
   3   16    0   0.757245   -16.691196    -4.904263      17.3968   -1.#IND0   -1.#IND0    4
   6    5   -3   0.756778   -32.645117    -9.545652      34.0121   -1.#IND0   -1.#IND0    4
   2   17   -2   0.756463    12.613732     3.984954      13.2282   -1.#IND0   -1.#IND0    4
   5    8    3   0.756343     7.914663     2.505895      8.30189   -1.#IND0   -1.#IND0    4
   3   12   -6   0.756264    28.600197     7.390717      29.5397   -1.#IND0   -1.#IND0    4
   4   12    3   0.756088    13.179969     3.614400      13.6666   -1.#IND0   -1.#IND0    4
   4   14   -2   0.755870   -32.139267    -9.609766      33.5452   -1.#IND0   -1.#IND0    4
   6    6   -2   0.755700    -0.350883    -1.527535      1.56732   -1.#IND0   -1.#IND0    4
   1   18    0   0.755682    28.883973     8.137056      30.0083   -1.#IND0   -1.#IND0    4
   2    3   -9   0.755621    22.586130     6.691105      23.5564   -1.#IND0   -1.#IND0    4
   0    9    8   0.754886     4.948430     1.480819      5.16525   -1.#IND0   -1.#IND0    4
   6    3   -4   0.754583   -22.578322    -6.539611      23.5063   -1.#IND0   -1.#IND0    4
   1   11    7   0.754319     0.030720    -0.209761     0.211999   -1.#IND0   -1.#IND0    4
   1   16    4   0.754060    -9.680493    -2.854799      10.0927   -1.#IND0   -1.#IND0    4
   4    0   -8   0.753904    28.253321     9.066454      29.6724   -1.#IND0   -1.#IND0    2
   1   12   -7   0.753736     9.786526     1.962368      9.98133   -1.#IND0   -1.#IND0    4
   2   15    4   0.753598    -5.500825    -2.575507       6.0739   -1.#IND0   -1.#IND0    4
   3   10   -7   0.753571    28.947967     9.870110      30.5844   -1.#IND0   -1.#IND0    4
   2   16    3   0.753347   -29.799272    -9.604539      31.3088   -1.#IND0   -1.#IND0    4
   1   18   -1   0.753045   -10.803211    -3.819184      11.4584   -1.#IND0   -1.#IND0    4
   6    0    2   0.752825   -24.347735    -9.531955      26.1471   -1.#IND0   -1.#IND0    2
   4    1   -8   0.752778    22.460711     6.807569      23.4697   -1.#IND0   -1.#IND0    4
   0    4    9   0.752691   -12.218223    -3.280113      12.6509   -1.#IND0   -1.#IND0    4
   6    6    0   0.751729    -8.531559    -1.513644      8.66479   -1.#IND0   -1.#IND0    4
   6    1    2   0.751703    15.194539     4.567941      15.8663   -1.#IND0   -1.#IND0    4
   2    5    8   0.751498    15.162565     4.477004      15.8097   -1.#IND0   -1.#IND0    4
   1   14   -6   0.751029    14.933612     5.237724      15.8255   -1.#IND0   -1.#IND0    4
   4   10   -6   0.751003    -3.924414    -0.934618      4.03417   -1.#IND0   -1.#IND0    4
   0   12    7   0.750471    19.979926     5.484528       20.719   -1.#IND0   -1.#IND0    4
   3   16   -2   0.750344     4.413288     1.973123      4.83429   -1.#IND0   -1.#IND0    4
   1    8    8   0.750197   -35.160855   -10.466093      36.6855   -1.#IND0   -1.#IND0    4
   3    7   -8   0.749931    -1.308850    -0.127668      1.31506   -1.#IND0   -1.#IND0    4
   1   17    3   0.749772    34.593305    11.551432       36.471   -1.#IND0   -1.#IND0    4
   3    6    7   0.749711     0.097126    -0.113935     0.149715   -1.#IND0   -1.#IND0    4
   0   14    6   0.749574    -7.534868    -3.192731      8.18338   -1.#IND0   -1.#IND0    4
   5    6   -6   0.749531   -15.649781    -3.569547      16.0517   -1.#IND0   -1.#IND0    4
   1    5   -9   0.749482    34.711150    10.754177      36.3389   -1.#IND0   -1.#IND0    4
   1   18    1   0.749457     4.441269     1.800480      4.79235   -1.#IND0   -1.#IND0    4
   4    2   -8   0.749428     5.559050     1.259295       5.6999   -1.#IND0   -1.#IND0    4
   2   12    6   0.748925   -23.462154    -7.735908      24.7046   -1.#IND0   -1.#IND0    4
   6    5    1   0.748865   -29.733623    -8.741112      30.9919   -1.#IND0   -1.#IND0    4
   4    5    6   0.748686   -20.273964    -4.444425      20.7554   -1.#IND0   -1.#IND0    4
   6    2    2   0.748368    -4.435053    -1.282048      4.61664   -1.#IND0   -1.#IND0    4
   5   10   -4   0.748093   -27.012785    -8.004768      28.1739   -1.#IND0   -1.#IND0    4
   5    6    4   0.747831   -10.653390    -3.089443      11.0923   -1.#IND0   -1.#IND0    4
   2    4   -9   0.747788    -2.054968    -1.383904      2.47752   -1.#IND0   -1.#IND0    4
   2   16   -4   0.747686    19.990851     5.493227      20.7319   -1.#IND0   -1.#IND0    4
   4   13   -4   0.747580     6.177888     1.166202        6.287   -1.#IND0   -1.#IND0    4
   4   14    1   0.747525    20.492157     6.216776      21.4144   -1.#IND0   -1.#IND0    4
   3   16    1   0.747423    35.086691    10.487433      36.6205   -1.#IND0   -1.#IND0    4
   0   18    2   0.747381   -33.091883    -9.680485      34.4788   -1.#IND0   -1.#IND0    4
   1   15    5   0.747320     6.711910     1.823479       6.9552   -1.#IND0   -1.#IND0    4
   5   10    2   0.747077    -2.145600    -0.789666       2.2863   -1.#IND0   -1.#IND0    4
   6    4   -4   0.746782    31.281681    10.030256      32.8504   -1.#IND0   -1.#IND0    4
   5   11   -3   0.746483    -2.530907    -0.203931      2.53911   -1.#IND0   -1.#IND0    4
   2    9   -8   0.746396    -5.511355    -1.586683      5.73521   -1.#IND0   -1.#IND0    4
   2   15   -5   0.746336    -3.188289    -0.172736      3.19297   -1.#IND0   -1.#IND0    4
   5   11    1   0.745810    -1.038208    -0.487684      1.14704   -1.#IND0   -1.#IND0    4
   3   12    5   0.745470   -14.447801    -5.080980      15.3152   -1.#IND0   -1.#IND0    4
   6    6   -3   0.744521    22.562190     6.766481       23.555   -1.#IND0   -1.#IND0    4
   1    1    9   0.744097    19.021692     4.561638       19.561   -1.#IND0   -1.#IND0    4
   4    3   -8   0.743944    25.143562     8.419493      26.5158   -1.#IND0   -1.#IND0    4
   4   11    4   0.743876   -34.055221   -11.696210      36.0078   -1.#IND0   -1.#IND0    4
   6    7   -1   0.743688   -11.538369    -3.742822      12.1302   -1.#IND0   -1.#IND0    4
   4   12   -5   0.743196     4.885457     1.924703      5.25092   -1.#IND0   -1.#IND0    4
   3   15   -4   0.743082   -38.916615   -11.982316      40.7195   -1.#IND0   -1.#IND0    4
   2   14    5   0.742943    25.676333     7.101165      26.6402   -1.#IND0   -1.#IND0    4
   6    3    2   0.742907    19.200531     5.711294       20.032   -1.#IND0   -1.#IND0    4
   0    5    9   0.742779    12.983110     3.600290      13.4731   -1.#IND0   -1.#IND0    4
   2   17    2   0.742223    13.327367     3.289121      13.7272   -1.#IND0   -1.#IND0    4
   4    9    5   0.741861    40.618584    11.236161       42.144   -1.#IND0   -1.#IND0    4
   1   18   -2   0.741816   -38.391392   -11.603249      40.1065   -1.#IND0   -1.#IND0    4
   4    8   -7   0.741404    -6.208473    -2.806518      6.81335   -1.#IND0   -1.#IND0    4
   6    7   -2   0.741338   -36.443157   -11.240937      38.1374   -1.#IND0   -1.#IND0    4
   3   14   -5   0.741333    10.476314     4.224523       11.296   -1.#IND0   -1.#IND0    4
   4   14   -3   0.741214    14.337467     5.594074      15.3901   -1.#IND0   -1.#IND0    4
   3   10    6   0.740996     9.482309     2.276945      9.75185   -1.#IND0   -1.#IND0    4
   1    2    9   0.740862   -31.256685   -10.472986      32.9646   -1.#IND0   -1.#IND0    4
   5    1   -7   0.740635   -26.340096    -9.122589      27.8751   -1.#IND0   -1.#IND0    4
   2    6    8   0.739492    12.379346     2.357820      12.6019   -1.#IND0   -1.#IND0    4
   1   10   -8   0.738991    -6.901612    -0.919030      6.96253   -1.#IND0   -1.#IND0    4
   5    9   -5   0.738984    19.617373     6.288327      20.6006   -1.#IND0   -1.#IND0    4
   2   12   -7   0.738692    24.280762     8.071773      25.5873   -1.#IND0   -1.#IND0    4
   5    1    5   0.738667    16.541532     4.286499      17.0879   -1.#IND0   -1.#IND0    4
   2   17   -3   0.738343   -24.411029    -7.970458      25.6793   -1.#IND0   -1.#IND0    4
   5   12   -1   0.738338    20.978360     6.620563      21.9983   -1.#IND0   -1.#IND0    4
   2    5   -9   0.738065    34.420573    10.651641       36.031   -1.#IND0   -1.#IND0    4
   5    9    3   0.737678   -34.335402   -10.418206      35.8812   -1.#IND0   -1.#IND0    4
   2   10    7   0.737668    24.669971     7.010653      25.6468   -1.#IND0   -1.#IND0    4
   6    7    0   0.737589    34.743377    10.762278      36.3721   -1.#IND0   -1.#IND0    4
   1    6   -9   0.737571   -15.407744    -4.567252      16.0704   -1.#IND0   -1.#IND0    4
   5    2   -7   0.737445   -20.318651    -5.531614      21.0582   -1.#IND0   -1.#IND0    4
   6    5   -4   0.737098    11.724207     3.335858      12.1895   -1.#IND0   -1.#IND0    4
   6    6    1   0.736983   -22.492818    -6.347615      23.3713   -1.#IND0   -1.#IND0    4
   4    6    6   0.736812     8.254016     2.274321      8.56162   -1.#IND0   -1.#IND0    4
   3   15    3   0.736512     4.722640     0.905467      4.80866   -1.#IND0   -1.#IND0    4
   4    4   -8   0.736465   -25.791524    -8.409266      27.1278   -1.#IND0   -1.#IND0    4
   3    7    7   0.735682   -15.779114    -3.570306       16.178   -1.#IND0   -1.#IND0    4
   1    3    9   0.735563   -13.257918    -3.219154      13.6431   -1.#IND0   -1.#IND0    4
   5    7   -6   0.735512    30.907435     9.184342      32.2432   -1.#IND0   -1.#IND0    4
   5    2    5   0.735502    35.863061     9.615701      37.1298   -1.#IND0   -1.#IND0    4
   6    4    2   0.735459    24.634834     8.888874      26.1894   -1.#IND0   -1.#IND0    4
   6    1   -5   0.735200    -6.581824    -3.042190      7.25088   -1.#IND0   -1.#IND0    4
   1   18    2   0.735002    -4.905448    -1.224096      5.05587   -1.#IND0   -1.#IND0    4
   3    1   -9   0.734709   -10.421993    -2.954905      10.8328   -1.#IND0   -1.#IND0    4
   2   14   -6   0.734461    33.833832    10.102273      35.3098   -1.#IND0   -1.#IND0    4
   5   12   -2   0.734358   -25.595354    -7.711359      26.7318   -1.#IND0   -1.#IND0    4
   3   16   -3   0.734319    -1.416035    -0.023914      1.41624   -1.#IND0   -1.#IND0    4
   0   17    4   0.734255   -11.830750    -4.207056      12.5565   -1.#IND0   -1.#IND0    4
   0   10    8   0.734232   -19.489740    -6.262542      20.4712   -1.#IND0   -1.#IND0    4
   5   12    0   0.734037    15.938315     4.098224      16.4568   -1.#IND0   -1.#IND0    4
   5    7    4   0.733905    24.927932     7.994718      26.1786   -1.#IND0   -1.#IND0    4
   3    8   -8   0.733799    38.671035    11.186957      40.2566   -1.#IND0   -1.#IND0    4
   3   14    4   0.732976    25.334154     7.731950      26.4878   -1.#IND0   -1.#IND0    4
   1   17   -4   0.732277     6.900075     1.931685      7.16536   -1.#IND0   -1.#IND0    4
   5    3   -7   0.732218    19.230496     6.531029      20.3093   -1.#IND0   -1.#IND0    4
   6    2   -5   0.732079    41.250939    12.022559      42.9672   -1.#IND0   -1.#IND0    4
   1    9    8   0.731973    -0.617655    -0.288982     0.681916   -1.#IND0   -1.#IND0    4
   0   16    5   0.731722     3.384416     0.037318      3.38462   -1.#IND0   -1.#IND0    4
   3    2   -9   0.731595   -40.959273   -12.382334        42.79   -1.#IND0   -1.#IND0    4
   1   16   -5   0.731414    27.988022     8.181213      29.1592   -1.#IND0   -1.#IND0    4
   0    6    9   0.731180    34.720227    10.623605      36.3092   -1.#IND0   -1.#IND0    4
   3   11   -7   0.730955     0.768715     0.354378     0.846467   -1.#IND0   -1.#IND0    4
   6    7   -3   0.730776     9.845210     3.111347      10.3251   -1.#IND0   -1.#IND0    4
   1   14    6   0.730402   -31.571360    -8.950809      32.8157   -1.#IND0   -1.#IND0    4
   4   15   -1   0.730359    -0.266221    -0.352698     0.441893   -1.#IND0   -1.#IND0    4
   5    3    5   0.730316   -11.893522    -3.081734      12.2863   -1.#IND0   -1.#IND0    4
   3   16    2   0.729772    20.452506     5.606201      21.2069   -1.#IND0   -1.#IND0    4
   1   12    7   0.729583    28.003886     8.639004      29.3061   -1.#IND0   -1.#IND0    4
   3   13   -6   0.729289    -1.603128    -0.549252      1.69461   -1.#IND0   -1.#IND0    4
   4   13    3   0.729132    38.134905    10.570693      39.5729   -1.#IND0   -1.#IND0    4
   2   18    0   0.728782    -6.681519    -1.226875      6.79323   -1.#IND0   -1.#IND0    4
   4   11   -6   0.728611   -40.561964   -12.708887      42.5063   -1.#IND0   -1.#IND0    4
   1    4    9   0.728331   -11.733117    -2.750987      12.0513   -1.#IND0   -1.#IND0    4
   4   14    2   0.728228   -19.103774    -6.349456      20.1313   -1.#IND0   -1.#IND0    4
   2   18   -1   0.728043    -3.040132    -0.798395      3.14322   -1.#IND0   -1.#IND0    4
   6    8   -1   0.727947    -4.461630    -0.064480       4.4621   -1.#IND0   -1.#IND0    4
   4   15    0   0.727821     9.499259     2.464383      9.81372   -1.#IND0   -1.#IND0    4
   4    5   -8   0.727172   -16.473999    -4.329161      17.0333   -1.#IND0   -1.#IND0    4
   1   13   -7   0.727022   -41.763218   -12.048394      43.4664   -1.#IND0   -1.#IND0    4
   6    3   -5   0.726965     4.392368     2.223827      4.92324   -1.#IND0   -1.#IND0    4
   2    6   -9   0.726682    16.407974     4.927139      17.1318   -1.#IND0   -1.#IND0    4
   0   18    3   0.726623    -9.306794    -2.582768      9.65853   -1.#IND0   -1.#IND0    4
   3    3   -9   0.726490     4.371562     2.027616       4.8189   -1.#IND0   -1.#IND0    4
   2   10   -8   0.726413    19.978306     5.270772      20.6619   -1.#IND0   -1.#IND0    4
   6    5    2   0.726204    -9.075767    -2.836747      9.50877   -1.#IND0   -1.#IND0    4
   2    7    8   0.726019    30.968907     9.455036      32.3801   -1.#IND0   -1.#IND0    4
   5   11   -4   0.725952    10.922171     2.523423      11.2099   -1.#IND0   -1.#IND0    4
   6    6   -4   0.725759     9.835793     3.941104       10.596   -1.#IND0   -1.#IND0    4
   6    8   -2   0.725743     9.775224     3.081897      10.2495   -1.#IND0   -1.#IND0    4
   5    4   -7   0.725084    -1.589141    -1.343130      2.08071   -1.#IND0   -1.#IND0    4
   5   11    2   0.725024    35.909450    11.337846      37.6568   -1.#IND0   -1.#IND0    4
   4   15   -2   0.724889    11.591575     4.701728      12.5088   -1.#IND0   -1.#IND0    4
   1    7   -9   0.724200   -10.264650    -3.527261      10.8538   -1.#IND0   -1.#IND0    4
   0   13    7   0.724090   -26.247086    -9.746945      27.9984   -1.#IND0   -1.#IND0    4
   4    9   -7   0.723798   -38.407680   -11.571519       40.113   -1.#IND0   -1.#IND0    4
   6    7    1   0.723644     8.524980     2.796068      8.97181   -1.#IND0   -1.#IND0    4
   4    7    6   0.723482   -26.178464    -9.089495      27.7116   -1.#IND0   -1.#IND0    4
   5    4    5   0.723237     7.925450     2.524228      8.31772   -1.#IND0   -1.#IND0    4
   1   18   -3   0.723100    13.817199     4.201452      14.4419   -1.#IND0   -1.#IND0    4
   3   17   -1   0.722975    28.731487     9.068786      30.1287   -1.#IND0   -1.#IND0    4
   2   13    6   0.722701    -0.662745     0.529240     0.848131   -1.#IND0   -1.#IND0    4
   5   12   -3   0.722486   -29.083351    -8.797819      30.3849   -1.#IND0   -1.#IND0    4
   4   10    5   0.722230     8.341625     1.757930      8.52485   -1.#IND0   -1.#IND0    4
   6    8    0   0.722224    11.078683     3.113652      11.5079   -1.#IND0   -1.#IND0    4
   3   17    0   0.722100    -8.692730    -2.540439      9.05635   -1.#IND0   -1.#IND0    4
   5   12    1   0.721875    -3.893137    -1.732844      4.26137   -1.#IND0   -1.#IND0    4
   2   18    1   0.721598    -6.838426    -1.686719      7.04337   -1.#IND0   -1.#IND0    4
   0   19    1   0.721130    -6.517410    -1.821000      6.76703   -1.#IND0   -1.#IND0    4
   2   16    4   0.720901   -14.375019    -5.314944      15.3261   -1.#IND0   -1.#IND0    4
   6    1    3   0.720889    -6.310781    -2.528360      6.79842   -1.#IND0   -1.#IND0    4
   1   15   -6   0.720615   -31.096636   -10.171842       32.718   -1.#IND0   -1.#IND0    4
   3    0    8   0.720545    11.998006     3.340510      12.4544   -1.#IND0   -1.#IND0    2
   3    8    7   0.720434    -0.265880     0.030888     0.267668   -1.#IND0   -1.#IND0    4
   5    8   -6   0.720275    23.288311     7.375889      24.4285   -1.#IND0   -1.#IND0    4
   4   12    4   0.720121     5.497296     0.903990      5.57113   -1.#IND0   -1.#IND0    4
   6    4   -5   0.719981    11.708943     3.198926      12.1381   -1.#IND0   -1.#IND0    4
   3   13    5   0.719595   -27.979839    -9.087067      29.4185   -1.#IND0   -1.#IND0    4
   5   10   -5   0.719574    28.294726     8.501771      29.5444   -1.#IND0   -1.#IND0    4
   3    1    8   0.719561   -22.230062    -6.919321       23.282   -1.#IND0   -1.#IND0    4
   4   14   -4   0.719522    17.325996     4.975292      18.0262   -1.#IND0   -1.#IND0    4
   3    4   -9   0.719520   -11.176820    -3.224454      11.6326   -1.#IND0   -1.#IND0    4
   3   11    6   0.719462    35.418147    10.648650      36.9843   -1.#IND0   -1.#IND0    4
   2   18   -2   0.719452   -17.669337    -5.647747        18.55   -1.#IND0   -1.#IND0    4
   1    5    9   0.719339   -18.289108    -5.171062      19.0061   -1.#IND0   -1.#IND0    4
   1   17    4   0.719337   -10.729576    -3.601204      11.3178   -1.#IND0   -1.#IND0    4
   0   15    6   0.719330    38.133912    11.135771      39.7266   -1.#IND0   -1.#IND0    4
   5    8    4   0.718765    21.419309     6.254265      22.3137   -1.#IND0   -1.#IND0    4
   2   17    3   0.718717    19.318924     5.528588      20.0944   -1.#IND0   -1.#IND0    4
   5   10    3   0.718369   -10.486855    -3.485756       11.051   -1.#IND0   -1.#IND0    4
   0    7    9   0.718148    -5.606206    -1.288382      5.75235   -1.#IND0   -1.#IND0    4
   6    2    3   0.717946   -36.813152   -10.241741      38.2113   -1.#IND0   -1.#IND0    4
   1   11   -8   0.717626   -36.288231   -12.054584      38.2381   -1.#IND0   -1.#IND0    4
   4   13   -5   0.717550   -39.712740   -12.024523      41.4933   -1.#IND0   -1.#IND0    4
   4   15    1   0.717519    -3.770369    -1.294383      3.98637   -1.#IND0   -1.#IND0    4
   1   19    0   0.716831    23.682486     7.754092      24.9196   -1.#IND0   -1.#IND0    4
   3    9   -8   0.716718    -0.931870     0.185098     0.950075   -1.#IND0   -1.#IND0    4
   3    2    8   0.716635     2.783512     0.476451      2.82399   -1.#IND0   -1.#IND0    4
   2   11    7   0.716414    -1.744217     0.189744      1.75451   -1.#IND0   -1.#IND0    4
   4    6   -8   0.716279   -13.907442    -3.418745      14.3215   -1.#IND0   -1.#IND0    4
   5    5   -7   0.716210    30.981537    10.373307       32.672   -1.#IND0   -1.#IND0    4
   3   17   -2   0.716108    15.286966     4.113836      15.8308   -1.#IND0   -1.#IND0    4
   6    8   -3   0.715825    15.038666     3.684770      15.4835   -1.#IND0   -1.#IND0    4
   1   16    5   0.715400    21.411721     7.632236      22.7313   -1.#IND0   -1.#IND0    4
   6    6    2   0.715353    12.272399     3.500601      12.7619   -1.#IND0   -1.#IND0    4
   1   19   -1   0.714578    13.019139     2.862392      13.3301   -1.#IND0   -1.#IND0    4
   2   16   -5   0.714536    33.493283    10.634544      35.1411   -1.#IND0   -1.#IND0    4
   5    5    5   0.714430   -16.821508    -4.849237      17.5065   -1.#IND0   -1.#IND0    4
   4    1    7   0.714074   -17.653579    -5.425727      18.4686   -1.#IND0   -1.#IND0    4
   2    7   -9   0.713885   -12.303340    -3.378305      12.7587   -1.#IND0   -1.#IND0    4
   2   17   -4   0.713797    -1.543777    -1.593613      2.21875   -1.#IND0   -1.#IND0    4
   1   18    3   0.713688     2.173877     0.746173      2.29837   -1.#IND0   -1.#IND0    4
   3   17    1   0.713568   -10.841159    -3.351522      11.3474   -1.#IND0   -1.#IND0    4
   2   13   -7   0.713493   -19.557907    -5.945883      20.4418   -1.#IND0   -1.#IND0    4
   2   15    5   0.713463    -2.534273    -0.390408      2.56417   -1.#IND0   -1.#IND0    4
   0   11    8   0.713266    27.624668     7.054151      28.5111   -1.#IND0   -1.#IND0    4
   5   13   -1   0.713174    30.813383     7.828258      31.7922   -1.#IND0   -1.#IND0    4
   6    3    3   0.713121     5.399990     1.833143      5.70266   -1.#IND0   -1.#IND0    4
   1   10    8   0.713097   -19.589641    -6.992633      20.8003   -1.#IND0   -1.#IND0    4
   6    7   -4   0.713010    21.277551     6.794094      22.3359   -1.#IND0   -1.#IND0    4
   3   15   -5   0.712037    -4.942146    -2.120351       5.3778   -1.#IND0   -1.#IND0    4
   4   15   -3   0.711932     4.683004     1.893866      5.05146   -1.#IND0   -1.#IND0    4
   3    3    8   0.711835   -28.475973    -8.626786       29.754   -1.#IND0   -1.#IND0    4
   3   16   -4   0.711680     7.917990     1.587254      8.07552   -1.#IND0   -1.#IND0    4
   1   19    1   0.711510   -20.379992    -5.180489      21.0281   -1.#IND0   -1.#IND0    4
   2    8    8   0.711352   -14.136702    -4.882581      14.9561   -1.#IND0   -1.#IND0    4
   6    5   -5   0.711292     9.971741     3.462548      10.5558   -1.#IND0   -1.#IND0    4
   6    9   -1   0.711261   -34.516514   -11.233501      36.2985   -1.#IND0   -1.#IND0    4
   4    2    7   0.711213   -22.018327    -7.728857      23.3354   -1.#IND0   -1.#IND0    4
   3    5   -9   0.710847    12.941435     3.390715      13.3783   -1.#IND0   -1.#IND0    4
   0   19    2   0.709734   -16.552611    -5.969366      17.5961   -1.#IND0   -1.#IND0    4
   1    8   -9   0.709641    -4.232991    -2.503461      4.91788   -1.#IND0   -1.#IND0    4
   5   13   -2   0.709585     3.637876     0.385584      3.65825   -1.#IND0   -1.#IND0    4
   5   13    0   0.709296    -4.630945    -0.921598      4.72176   -1.#IND0   -1.#IND0    4
   6    9   -2   0.709206     7.019143     1.973126       7.2912   -1.#IND0   -1.#IND0    4
   6    8    1   0.709118    -7.697364    -3.297526      8.37395   -1.#IND0   -1.#IND0    4
   4    8    6   0.708966   -13.488728    -4.486746      14.2154   -1.#IND0   -1.#IND0    4
   1    6    9   0.708788    27.558909     9.069050      29.0128   -1.#IND0   -1.#IND0    4
   3   12   -7   0.708380    27.477400     8.439934      28.7444   -1.#IND0   -1.#IND0    4
   2   18    2   0.707168    26.532743     7.232514      27.5008   -1.#IND0   -1.#IND0    4
   6    4    3   0.706525    -8.517565    -2.682781      8.93007   -1.#IND0   -1.#IND0    4
   4    3    7   0.706521     9.156976     3.876264      9.94362   -1.#IND0   -1.#IND0    4
   4   12   -6   0.706245    -1.206689     0.613197      1.35355   -1.#IND0   -1.#IND0    4
   2   11   -8   0.706091   -27.209421    -8.829204      28.6061   -1.#IND0   -1.#IND0    4
   2   15   -6   0.705942    -6.724040    -2.262998      7.09464   -1.#IND0   -1.#IND0    4
   6    9    0   0.705921    -7.135905    -1.854421      7.37292   -1.#IND0   -1.#IND0    4
   3   16    3   0.705902   -31.532626    -9.416991      32.9088   -1.#IND0   -1.#IND0    4
   5    6   -7   0.705794    16.106456     4.799784      16.8064   -1.#IND0   -1.#IND0    4
   4   10   -7   0.705532    13.592710     3.702343      14.0879   -1.#IND0   -1.#IND0    4
   1   13    7   0.705275    -6.966827    -1.315514      7.08994   -1.#IND0   -1.#IND0    4
   3    4    8   0.705275    -9.821697    -3.077896      10.2927   -1.#IND0   -1.#IND0    4
   1   19   -2   0.704963    -4.310217    -2.172711      4.82687   -1.#IND0   -1.#IND0    4
   2    1    9   0.704660    23.997093     7.981815      25.2897   -1.#IND0   -1.#IND0    4
   3   15    4   0.704623    20.933555     6.281904      21.8558   -1.#IND0   -1.#IND0    4
   3    9    7   0.704248   -32.061530   -10.553940      33.7539   -1.#IND0   -1.#IND0    4
   5    9   -6   0.704100    -4.391544    -1.458364      4.62736   -1.#IND0   -1.#IND0    4
   5    6    5   0.704091   -26.671072    -8.257186        27.92   -1.#IND0   -1.#IND0    4
   4    7   -8   0.704014   -25.401880    -8.771312      26.8736   -1.#IND0   -1.#IND0    4
   0    8    9   0.703943    18.774782     5.659038      19.6091   -1.#IND0   -1.#IND0    4
   5   12   -4   0.703824    23.811166     7.982880      25.1137   -1.#IND0   -1.#IND0    4
   2   18   -3   0.703810     9.513573     2.896179      9.94464   -1.#IND0   -1.#IND0    4
   6    0   -6   0.703200    37.418843    12.157501      39.3443   -1.#IND0   -1.#IND0    2
   3   14   -6   0.703170    24.950175     7.880299      26.1651   -1.#IND0   -1.#IND0    4
   6    7    2   0.703135   -19.109603    -5.955822      20.0162   -1.#IND0   -1.#IND0    4
   4   14    3   0.703029    -7.341325    -2.607816      7.79075   -1.#IND0   -1.#IND0    4
   5   12    2   0.702977     1.104298     0.771420      1.34706   -1.#IND0   -1.#IND0    4
   5    9    4   0.702689    -5.396576    -1.415570      5.57915   -1.#IND0   -1.#IND0    4
   1   15    6   0.702335    13.887462     4.576184       14.622   -1.#IND0   -1.#IND0    4
   6    1   -6   0.702286     4.900026     0.152723      4.90241   -1.#IND0   -1.#IND0    4
   4   11    5   0.702248    -0.473147    -0.435270     0.642906   -1.#IND0   -1.#IND0    4
   3   17   -3   0.702139   -33.863470   -10.883326      35.5694   -1.#IND0   -1.#IND0    4
   2    2    9   0.701910    -8.862472    -2.351872      9.16923   -1.#IND0   -1.#IND0    4
   1   14   -7   0.701137    -8.722035    -1.676790      8.88175   -1.#IND0   -1.#IND0    4
   1    0  -10   0.701120    26.473207     7.721977      27.5764   -1.#IND0   -1.#IND0    2
   6    6   -5   0.701086   -33.386132   -10.358038       34.956   -1.#IND0   -1.#IND0    4
   3    6   -9   0.700660    32.953045    10.680799      34.6408   -1.#IND0   -1.#IND0    4
   4   16   -1   0.700479   -34.009167   -10.005312      35.4504   -1.#IND0   -1.#IND0    4
   4   15    2   0.700401   -22.849081    -7.903443      24.1774   -1.#IND0   -1.#IND0    4
   0   18    4   0.700267    13.114009     3.358919      13.5373   -1.#IND0   -1.#IND0    4
   1    1  -10   0.700214    18.883027     5.786516      19.7497   -1.#IND0   -1.#IND0    4
   4    4    7   0.700105    -7.140732    -2.060198      7.43199   -1.#IND0   -1.#IND0    4
