   h    k    l      d (Å)      F(real)      F(imag)          |F|         2θ          I    M
   0    0   -1  11.006000    -5.795185    -4.668882      7.44195    8.02667    0.05598    1
   0    0    1  11.006000    -5.890235     4.746696      7.56479    8.02667    0.05785    1
   1    0    0   7.778380    -1.750423     1.863142      2.55642   11.36666    0.00983    3
   0    1    0   7.778380    -1.610255    -1.862852      2.46234   11.36666    0.00912    3
   1    0    1   6.352119  -312.268175   -54.254789      316.946   13.93033  100.00000    3
   0    1   -1   6.352119  -314.271889   -31.721652      315.869   13.93033   99.32118    3
   0    1    1   6.352119     5.004894     1.907533      5.35608   13.93033    0.02856    3
   1    0   -1   6.352119     4.839315    -1.836591       5.1761   13.93033    0.02667    3
   0    0   -2   5.503000     9.914768    -5.222415      11.2061   16.09306    0.03105    1
   0    0    2   5.503000     9.617822     5.136926      10.9037   16.09306    0.02939    1
   1    0   -2   4.492403   101.400815     7.288441      101.662   19.74615    5.03480    3
   1    0    2   4.492403    -9.293754     4.689621      10.4099   19.74615    0.05279    3
   0    1   -2   4.492403    -9.512492    -5.014172      10.7531   19.74615    0.05633    3
   0    1    2   4.492403   101.264225     1.954436      101.283   19.74615    4.99729    3
   1    1    0   4.490850    94.919064     4.589364      95.0299   19.75305    8.79222    6
   1    1    1   4.158027    -3.709716     2.736274      4.60968   21.35199    0.01761    6
   1    1   -1   4.158027    -3.325944    -2.548537       4.1901   21.35199    0.01455    6
   2    0    0   3.889190     0.272603    -1.423547      1.44941   22.84713    0.00076    3
   0    2    0   3.889190    -0.207356     1.091757      1.11127   22.84713    0.00044    3
   0    0   -3   3.668667   191.510256    23.266508      192.918   24.24071    3.94402    1
   0    0    3   3.668667   186.738623    35.910203       190.16   24.24071    3.83204    1
   2    0    1   3.666975    -1.622433     1.951536      2.53787   24.25206    0.00205    3
   0    2   -1   3.666975    -2.002903    -1.861217      2.73418   24.25206    0.00237    3
   0    2    1   3.666975   178.587058    31.028382      181.263   24.25206   10.43524    3
   2    0   -1   3.666975   180.175110    28.262667      182.378   24.25206   10.56411    3
   1    1   -2   3.479319     2.815316    -4.395223      5.21958   25.58166    0.01547    6
   1    1    2   3.479319     2.332167     4.147854      4.75854   25.58166    0.01286    6
   0    1   -3   3.318121     9.280937    -0.130830      9.28186   26.84713    0.02209    3
   0    1    3   3.318121    -7.414129     8.977520      11.6432   26.84713    0.03475    3
   1    0   -3   3.318121    -6.990137    -8.650806       11.122   26.84713    0.03171    3
   1    0    3   3.318121     9.845192     0.596262      9.86323   26.84713    0.02494    3
   2    0    2   3.176059   535.444235   102.161584      545.103   28.07202   69.29167    3
   0    2   -2   3.176059   543.715147    46.660421      545.714   28.07202   69.44694    3
   0    2    2   3.176059    -7.364717    -0.710724      7.39893   28.07202    0.01277    3
   2    0   -2   3.176059    -7.923925     0.289838      7.92922   28.07202    0.01466    3
   1    2    0   2.939951    -4.430971    -3.649842      5.74063   30.37866    0.01298    6
   2    1    0   2.939951    -5.114037     3.243376      6.05581   30.37866    0.01445    6
   1    1   -3   2.841147  -283.473089   -12.104688      283.731   31.46198   29.41482    6
   1    1    3   2.841147  -276.737377   -67.899261      284.945   31.46198   29.66707    6
   1    2   -1   2.840361  -286.248246   -30.356242      287.853   31.47091   30.25717    6
   1    2    1   2.840361     4.874486    -3.854029      6.21403   31.47091    0.01410    6
   2    1   -1   2.840361     4.066423     4.430640      6.01385   31.47091    0.01321    6
   2    1    1   2.840361  -283.330595   -49.865883      287.685   31.47091   30.22185    6
   0    0   -4   2.751500   -10.168957    -7.078236      12.3899   32.51499    0.00871    1
   0    0    4   2.751500    -9.698303     6.710804      11.7937   32.51499    0.00789    1
   0    2   -3   2.668695    -1.315182    -6.586731      6.71675   33.55323    0.00717    3
   0    2    3   2.668695     7.310698    -3.366823      8.04871   33.55323    0.01030    3
   2    0   -3   2.668695     6.606355     3.793501      7.61804   33.55323    0.00922    3
   2    0    3   2.668695    -2.215778     7.122566      7.45926   33.55323    0.00884    3
   0    1   -4   2.593989   107.716920     2.436233      107.744   34.54947    1.73132    3
   0    1    4   2.593989     4.825462     3.252449      5.81924   34.54947    0.00505    3
   1    0   -4   2.593989     5.634464    -3.829179      6.81247   34.54947    0.00692    3
   1    0    4   2.593989   105.238012    16.805176      106.571   34.54947    1.69382    3
   1    2   -2   2.593092    -3.231462     2.015825      3.80866   34.56179    0.00432    6
   1    2    2   2.593092    99.916728    15.314747      101.084   34.56179    3.04537    6
   2    1   -2   2.593092   101.644160     3.933319       101.72   34.56179    3.08386    6
   2    1    2   2.593092    -2.258766    -2.411813      3.30437   34.56179    0.00325    6
   3    0    0   2.592793    99.625833    15.338056        100.8   34.56590    1.51375    3
   0    3    0   2.592793   100.612762     3.967927      100.691   34.56590    1.51049    3
   3    0   -1   2.523709    -1.303708    -3.726161      3.94765   35.54321    0.00218    3
   3    0    1   2.523709     3.839328     5.541594      6.74164   35.54321    0.00637    3
   0    3   -1   2.523709     4.859375    -5.022936      6.98881   35.54321    0.00685    3
   0    3    1   2.523709    -2.146311     4.401586        4.897   35.54321    0.00336    3
   1    1   -4   2.346155    -7.716288    -0.867237      7.76487   38.33396    0.01431    6
   1    1    4   2.346155    -6.706394     0.119757      6.70746   38.33396    0.01068    6
   0    3   -2   2.345491    -4.910041    -5.491404      7.36641   38.34523    0.00644    3
   0    3    2   2.345491     1.513876     0.990770      1.80927   38.34523    0.00039    3
   3    0   -2   2.345491     2.601386    -1.550289       3.0283   38.34523    0.00109    3
   3    0    2   2.345491    -5.956088     5.103682      7.84363   38.34523    0.00730    3
   1    2    3   2.294185    -0.858828     6.787058      6.84118   39.23749    0.01055    6
   2    1    3   2.294185     2.489514    -2.926030      3.84179   39.23749    0.00333    6
   1    2   -3   2.294185     1.455157     3.548086      3.83489   39.23749    0.00332    6
   2    1   -3   2.294185     0.340436    -6.224275      6.23358   39.23749    0.00876    6
   2    0   -4   2.246202   424.120573    20.026482      424.593   40.11125   19.35225    3
   2    0    4   2.246202    -1.687622     4.890710      5.17369   40.11125    0.00287    3
   0    2   -4   2.246202    -0.532677    -5.681319      5.70624   40.11125    0.00350    3
   0    2    4   2.246202   409.954463   107.532023      423.823   40.11125   19.28210    3
   2    2    0   2.245425   417.217816    64.115650      422.116   40.12572   38.22344    6
   0    0   -5   2.201200    10.016661     4.667547      11.0508   40.96769    0.00417    1
   0    0    5   2.201200    10.916474    -3.732051      11.5368   40.96769    0.00454    1
   2    2   -1   2.200104     1.879296    -5.485785      5.79876   40.98901    0.00688    6
   2    2    1   2.200104     0.753507     5.858614      5.90687   40.98901    0.00714    6
   3    1    0   2.157335     1.424206    -2.902075      3.23271   41.83934    0.00204    6
   1    3    0   2.157335     0.267480     2.383130      2.39809   41.83934    0.00112    6
   0    1   -5   2.118024    -1.489256   -10.075021      10.1845   42.65344    0.00971    3
   0    1    5   2.118024  -236.282043   -74.953124      247.885   42.65344    5.74994    3
   1    0   -5   2.118024  -246.792546     1.699338      246.798   42.65344    5.69962    3
   1    0    5   2.118024    -2.738061    10.731192       11.075   42.65344    0.01148    3
   3    0    3   2.117373  -184.553211   -39.557833      188.745   42.66719    3.33118    3
   0    3   -3   2.117373  -188.169253   -14.596029      188.735   42.66719    3.33081    3
   0    3    3   2.117373  -243.155228   -60.771338      250.634   42.66719    5.87393    3
   3    0   -3   2.117373  -250.101226   -12.862342      250.432   42.66719    5.86443    3
   3    1   -1   2.117048  -248.408498   -29.190242      250.118   42.67407   11.69523    6
   3    1    1   2.117048    -0.029846    -5.570239      5.57032   42.67407    0.00580    6
   1    3   -1   2.117048    -1.433105     6.245999       6.4083   42.67407    0.00768    6
   1    3    1   2.117048  -246.615610   -44.735026       250.64   42.67407   11.74414    6
   2    2    2   2.079014    -4.293589     3.254806      5.38783   43.49413    0.00520    6
   2    2   -2   2.079014    -2.863769    -4.269075      5.14064   43.49413    0.00473    6
   1    2    4   2.008925    -1.364978     2.269156      2.64806   45.09341    0.00116    6
   2    1    4   2.008925    56.357056     7.552416      56.8609   45.09341    0.53389    6
   2    1   -4   2.008925    -0.208161    -2.997460      3.00468   45.09341    0.00149    6
   1    2   -4   2.008925    56.620058    -0.348044      56.6211   45.09341    0.52940    6
   1    3    2   2.008508    -3.383355    -3.028258      4.54064   45.10329    0.00340    6
   3    1   -2   2.008508    -4.669370     2.304939      5.20728   45.10329    0.00448    6
   3    1    2   2.008508    55.648224     7.272042      56.1214   45.10329    0.51983    6
   1    3   -2   2.008508    55.683498    -0.125115      55.6836   45.10329    0.51176    6
   1    1   -5   1.976537     6.096535     5.840082      8.44241   45.87409    0.01132    6
   1    1    5   1.976537     7.367295    -4.859167      8.82545   45.87409    0.01237    6
   4    0    0   1.944595    -7.834866     3.227341      8.47354   46.67182    0.00548    3
   0    4    0   1.944595    -6.201039    -4.332681      7.56472   46.67182    0.00437    3
   0    2   -5   1.915658    70.549349     9.657646      71.2073   47.41965    0.37360    3
   0    2    5   1.915658     0.488814     9.298525      9.31136   47.41965    0.00639    3
   2    0   -5   1.915658     2.101411    -8.288063      8.55032   47.41965    0.00539    3
   2    0    5   1.915658    65.815888    24.619786      70.2699   47.41965    0.36382    3
   2    2   -3   1.915176    68.517999    11.173273       69.423   47.43231    0.70978    6
   2    2    3   1.915176    65.572270    23.310250      69.5923   47.43231    0.71325    6
   4    0   -1   1.914935     4.940451     7.761260      9.20028   47.43864    0.00623    3
   4    0    1   1.914935    66.630036    22.368862      70.2846   47.43864    0.36365    3
   0    4   -1   1.914935    67.780743    12.232515      68.8757   47.43864    0.34921    3
   0    4    1   1.914935     6.321764    -7.264456      9.63001   47.43864    0.00683    3
   3    0    4   1.886995    -3.329589    -4.764427      5.81257   48.18520    0.00240    3
   0    3   -4   1.886995    -4.668489     3.923513      6.09826   48.18520    0.00264    3
   0    3    4   1.886995    -2.567459    -4.264983      4.97814   48.18520    0.00176    3
   3    0   -4   1.886995    -4.286694     3.541854      5.56062   48.18520    0.00220    3
   1    3   -3   1.859637     4.094550    -5.267327      6.67159   48.94017    0.00611    6
   1    3    3   1.859637     6.322406    -8.058456      10.2426   48.94017    0.01439    6
   3    1   -3   1.859637     4.673517     9.099305      10.2293   48.94017    0.01435    6
   3    1    3   1.859637     2.542030     6.116965      6.62414   48.94017    0.00602    6
   0    0   -6   1.834333   342.509171     1.470748      342.512   49.66057    2.59428    1
   0    0    6   1.834333   324.299630   107.650630        341.7   49.66057    2.58199    1
   4    0    2   1.833487    -0.818135    -6.589051      6.63965   49.68503    0.00292    3
   0    4   -2   1.833487    -2.534870     5.549640      6.10115   49.68503    0.00247    3
   0    4    2   1.833487   331.109587    72.542277      338.963   49.68503    7.61384    3
   4    0   -2   1.833487   337.191831    37.725378      339.296   49.68503    7.62879    3
   0    1   -6   1.785360     0.240491    -3.713158      3.72094   51.11933    0.00086    3
   0    1    6   1.785360    -5.468325    -2.045421      5.83835   51.11933    0.00212    3
   1    0   -6   1.785360    -7.177870     0.960173      7.24181   51.11933    0.00326    3
   1    0    6   1.785360    -1.036913     2.586304      2.78642   51.11933    0.00048    3
   2    3    0   1.784483    -2.474626    -4.598883       5.2224   51.14627    0.00338    6
   3    2    0   1.784483    -4.218582     3.978396      5.79863   51.14627    0.00417    6
   1    2    5   1.762042  -165.349727   -48.385159      172.284   51.84569    3.57043    6
   2    1    5   1.762042     0.904942     7.083310      7.14088   51.84569    0.00613    6
   1    2   -5   1.762042     2.368199    -6.189007      6.62663   51.84569    0.00528    6
   2    1   -5   1.762042  -172.102409    -3.294895      172.134   51.84569    3.56423    6
   2    3   -1   1.761480  -169.837932   -25.017358      171.671   51.86347    3.54230    6
   2    3    1   1.761480     5.169665    -7.296773       8.9425   51.86347    0.00961    6
   3    2   -1   1.761480     3.434663     8.272659      8.95733   51.86347    0.00964    6
   3    2    1   1.761480  -169.406817   -27.011907      171.547   51.86347    3.53719    6
   2    2   -4   1.739660    -4.473749     4.430360      6.29623   52.56341    0.00462    6
   2    2    4   1.739660    -2.790145    -5.381787      6.06206   52.56341    0.00428    6
   4    0   -3   1.718152     3.232715    -8.154931      8.77231   53.27286    0.00435    3
   4    0    3   1.718152     0.705435    -5.213148      5.26066   53.27286    0.00156    3
   0    4   -3   1.718152    -0.851630     5.995907      6.05609   53.27286    0.00207    3
   0    4    3   1.718152     1.468231     8.864531       8.9853   53.27286    0.00456    3
   1    1   -6   1.698137    70.211704    -3.134512      70.2816   53.95131    0.54268    6
   1    1    6   1.698137    67.771464    17.721850      70.0502   53.95131    0.53911    6
   1    3   -4   1.697717    -4.911426    -6.187722          7.9   53.96573    0.00685    6
   1    3    4   1.697717    66.996527    15.782425      68.8304   53.96573    0.52018    6
   3    1   -4   1.697717    68.772817    -1.169706      68.7828   53.96573    0.51946    6
   3    1    4   1.697717    -6.532032     4.994034       8.2224   53.96573    0.00742    6
   2    3   -2   1.697466    -3.440261     4.857090      5.95203   53.97437    0.00389    6
   2    3    2   1.697466    69.049899     8.693393       69.595   53.97437    0.53161    6
   3    2   -2   1.697466    68.956416     6.051239      69.2214   53.97437    0.52592    6
   3    2    2   1.697466    -1.707746    -5.743598       5.9921   53.97437    0.00394    6
   4    1    0   1.697382    69.274567     7.153972       69.643   53.97726    0.53228    6
   1    4    0   1.697382    68.522821     7.535558      68.9359   53.97726    0.52152    6
   3    0    5   1.678035     4.910858    -4.712684      6.80631   54.65112    0.00247    3
   3    0   -5   1.678035     4.480837     8.376214      9.49941   54.65112    0.00481    3
   0    3   -5   1.678035     3.191948     6.156910      6.93513   54.65112    0.00257    3
   0    3    5   1.678035     6.027085    -7.170088      9.36675   54.65112    0.00468    3
   4    1   -1   1.677549     2.812670    -8.820098      9.25771   54.66827    0.00914    6
   4    1    1   1.677549     4.619704     7.548040      8.84955   54.66827    0.00835    6
   1    4   -1   1.677549     6.516668    -6.402515       9.1356   54.66827    0.00890    6
   1    4    1   1.677549     0.773714     9.754081      9.78472   54.66827    0.01021    6
   0    2   -6   1.659060    -5.546865     2.911338      6.26447   55.32934    0.00204    3
   0    2    6   1.659060    -3.465413     3.147227      4.68125   55.32934    0.00114    3
   2    0   -6   1.659060    -1.834948    -4.446977      4.81068   55.32934    0.00120    3
   2    0    6   1.659060    -3.972682    -3.716757      5.44027   55.32934    0.00154    3
   4    1    2   1.621978    -7.042937     4.622062      8.42416   56.70711    0.00696    6
   1    4   -2   1.621978    -5.202661    -5.732840      7.74165   56.70711    0.00588    6
   1    4    2   1.621978    -2.267452     3.422778       4.1057   56.70711    0.00165    6
   4    1   -2   1.621978    -0.477532    -4.316238      4.34257   56.70711    0.00185    6
   3    2   -3   1.604717     4.599200    -7.163061      8.51247   57.37333    0.00692    6
   3    2    3   1.604717     4.453599    -6.816819       8.1427   57.37333    0.00634    6
   2    3   -3   1.604717     2.500895     8.222314      8.59424   57.37333    0.00706    6
   2    3    3   1.604717     2.756074     8.337931      8.78163   57.37333    0.00737    6
   4    0    4   1.588030   280.824036    82.816783      292.781   58.03324    3.99097    3
   0    4   -4   1.588030   292.090069    15.799575      292.517   58.03324    3.98378    3
   0    4    4   1.588030    -4.773483     2.756139      5.51203   58.03324    0.00141    3
   4    0   -4   1.588030    -2.834080    -4.260257      5.11682   58.03324    0.00122    3
   0    0   -7   1.572286     4.097909   -10.100145      10.8998   58.67072    0.00180    1
   0    0    7   1.572286     1.878459    11.535247      11.6872   58.67072    0.00207    1
   2    2   -5   1.571886     3.144472     7.425927      8.06425   58.68709    0.00590    6
   2    2    5   1.571886     4.852013    -6.193383      7.86766   58.68709    0.00562    6
   1    2   -6   1.556257    -3.826810    -6.101905      7.20262   59.33507    0.00460    6
   1    2    6   1.556257    -3.340233    -5.539651      6.46876   59.33507    0.00371    6
   2    1   -6   1.556257    -5.220102     4.421556      6.84102   59.33507    0.00415    6
   2    1    6   1.556257    -5.597198     4.550291      7.21344   59.33507    0.00461    6
   5    0    0   1.555676    -0.356586    -6.543728      6.55344   59.35945    0.00190    3
   0    5    0   1.555676    -2.457644     5.547715      6.06771   59.35945    0.00163    3
   0    1   -7   1.541117  -154.542187     5.638028      154.645   59.97738    1.03397    3
   0    1    7   1.541117     8.000337    -6.403860      10.2477   59.97738    0.00454    3
   1    0   -7   1.541117     6.361559     7.899493      10.1426   59.97738    0.00445    3
   1    0    7   1.541117  -145.229948   -53.988479       154.94   59.97738    1.03792    3
   3    1    5   1.540741  -184.456783   -59.379538      193.779   59.99354    3.24501    6
   1    3   -5   1.540741  -193.827089    -4.926060       193.89   59.99354    3.24872    6
   1    3    5   1.540741     2.473098     8.618678      8.96648   59.99354    0.00695    6
   3    1   -5   1.540741     4.588705    -7.620192      8.89514   59.99354    0.00684    6
   1    4   -3   1.540490  -193.287799   -15.758127      193.929   60.00430    3.24874    6
   1    4    3   1.540490  -150.896646   -35.622219      155.044   60.00430    2.07654    6
   4    1   -3   1.540490  -154.383259   -13.380161      154.962   60.00430    2.07434    6
   4    1    3   1.540490  -187.129662   -48.876916      193.408   60.00430    3.23129    6
   5    0    1   1.540364     3.271985    -7.791131       8.4503   60.00969    0.00308    3
   0    5   -1   1.540364     1.227774     9.179526      9.26127   60.00969    0.00370    3
   0    5    1   1.540364  -151.271927   -32.599043      154.745   60.00969    1.03405    3
   5    0   -1   1.540364  -153.638326   -16.423439      154.514   60.00969    1.03097    3
   3    0   -6   1.497468    46.774190    -3.320010      46.8919   61.91450    0.08857    3
   3    0    6   1.497468   110.186879    37.314079      116.334   61.91450    0.54516    3
   0    3   -6   1.497468   116.552553    -3.380120      116.602   61.91450    0.54767    3
   0    3    6   1.497468    45.861800    11.456083       47.271   61.91450    0.09001    3
   3    2    4   1.497180   111.385637    32.593711      116.056   61.92771    1.08462    6
   2    3   -4   1.497180   116.072574     1.559502      116.083   61.92771    1.08512    6
   2    3    4   1.497180    -5.416746     4.421557      6.99223   61.92771    0.00394    6
   3    2   -4   1.497180    -3.334076    -5.779251      6.67202   61.92771    0.00358    6
   5    0    2   1.497007   112.745537    27.985025      116.167   61.93564    0.54319    3
   0    5   -2   1.497007   115.751218     6.340875      115.925   61.93564    0.54093    3
   0    5    2   1.497007    -2.146333    -5.647935      6.04201   61.93564    0.00147    3
   5    0   -2   1.497007    -4.500875     4.849694      6.61645   61.93564    0.00176    3
   3    3    0   1.496950    47.453884     4.041201      47.6256   61.93828    0.18258    6
   1    1   -7   1.483965     3.405469    -8.199587      8.87865   62.54100    0.00621    6
   1    1    7   1.483965     1.351498     9.222534      9.32103   62.54100    0.00685    6
   3    3   -1   1.483293     4.768397    -8.057896      9.36308   62.57251    0.00690    6
   3    3    1   1.483293     2.365696     9.266478      9.56369   62.57251    0.00720    6
   2    4    0   1.469976    -5.343506     6.232518      8.20959   63.20443    0.00519    6
   4    2    0   1.469976    -2.907515    -7.784574      8.30983   63.20443    0.00532    6
   2    0   -7   1.457674    20.171304     5.027611      20.7884   63.80038    0.01630    3
   2    0    7   1.457674     7.444685    -5.533168      9.27574   63.80038    0.00324    3
   0    2   -7   1.457674     5.732201     7.296423      9.27879   63.80038    0.00325    3
   0    2    7   1.457674    16.875677    12.053149      20.7381   63.80038    0.01622    3
   4    0   -5   1.457356    19.324555     4.921655      19.9414   63.81597    0.01499    3
   0    4   -5   1.457356     3.822373    -6.468386      7.51336   63.81597    0.00213    3
   0    4    5   1.457356    16.872353    12.323470      20.8936   63.81597    0.01645    3
   4    0    5   1.457356     1.488554     7.516838      7.66281   63.81597    0.00221    3
   2    4   -1   1.457037     0.847203     8.374002      8.41675   63.83155    0.00534    6
   2    4    1   1.457037    19.274778     8.532149      21.0788   63.83155    0.03348    6
   4    2   -1   1.457037    19.705352     8.928991      21.6339   63.83155    0.03526    6
   4    2    1   1.457037     2.914880    -7.540439      8.08423   63.83155    0.00492    6
   4    1   -4   1.444616    -4.307352     4.921610       6.5403   64.44628    0.00316    6
   4    1    4   1.444616    -2.213002    -8.696674      8.97382   64.44628    0.00594    6
   1    4   -4   1.444616    -4.656718     7.712515      9.00932   64.44628    0.00599    6
   1    4    4   1.444616    -2.164011    -6.023811      6.40072   64.44628    0.00302    6
   3    3   -2   1.444461    -3.099541    -6.397947      7.10921   64.45403    0.00373    6
   3    3    2   1.444461    -5.172005     5.196187      7.33144   64.45403    0.00397    6
   5    0    3   1.432229     2.740536     7.827050      8.29296   65.07200    0.00248    3
   5    0   -3   1.432229     4.548734     9.739817      10.7497   65.07200    0.00418    3
   0    5   -3   1.432229     5.197841    -6.704484      8.48338   65.07200    0.00260    3
   0    5    3   1.432229     6.674465    -8.278305      10.6339   65.07200    0.00409    3
   2    2   -6   1.420574   240.586637     2.240760      240.597   65.67282    4.10142    6
   2    2    6   1.420574   226.308191    82.014774      240.711   65.67282    4.10530    6
   2    4   -2   1.420181   238.834082    28.108015      240.482   65.69328    4.09477    6
   2    4    2   1.420181    -3.721799    -7.196888      8.10228   65.69328    0.00465    6
   4    2   -2   1.420181    -6.236777     5.728878      8.46861   65.69328    0.00508    6
   4    2    2   1.420181   233.847274    57.083873      240.714   65.69328    4.10266    6
   1    3   -6   1.397459    -5.953360     7.194034      9.33791   66.90028    0.00594    6
   1    3    6   1.397459    -6.317529     3.755471      7.34947   66.90028    0.00368    6
   3    1   -6   1.397459    -4.384187    -5.405777      6.96014   66.90028    0.00330    6
   3    1    6   1.397459    -3.440235    -8.399282      9.07652   66.90028    0.00561    6
   5    1    0   1.397038    -6.000849     4.999968      7.81088   66.92308    0.00415    6
   1    5    0   1.397038    -3.785614    -6.184921      7.25149   66.92308    0.00358    6
   1    2   -7   1.386466  -167.823862     4.345990       167.88   67.50158    1.88394    6
   1    2    7   1.386466     7.130578    -6.589650       9.7092   67.50158    0.00630    6
   2    1   -7   1.386466     5.089703     8.460567      9.87351   67.50158    0.00652    6
   2    1    7   1.386466  -156.223684   -61.513328      167.898   67.50158    1.88434    6
   3    2    5   1.386192     1.833998     8.815491      9.00425   67.51672    0.00542    6
   2    3   -5   1.386192     4.451302    -7.689270      8.88476   67.51672    0.00527    6
   2    3    5   1.386192  -159.300268   -52.649676      167.775   67.51672    1.88070    6
   3    2   -5   1.386192  -168.003497    -4.948407      168.076   67.51672    1.88746    6
   3    3   -3   1.386009  -166.810374   -14.982615      167.482   67.52681    1.87354    6
   3    3    3   1.386009  -161.770780   -43.016949      167.392   67.52681    1.87154    6
   5    1   -1   1.385918     4.210233     9.726789      10.5989   67.53186    0.00750    6
   5    1    1   1.385918  -163.718855   -33.777578      167.167   67.53186    1.86621    6
   1    5   -1   1.385918  -165.838779   -24.380430      167.621   67.53186    1.87637    6
   1    5    1   1.385918     6.772837    -8.242617      10.6683   67.53186    0.00760    6
   0    0   -8   1.375750    -3.079893    -5.010549      5.88144   68.09903    0.00038    1
   0    0    8   1.375750    -4.978666     3.295489      5.97054   68.09903    0.00039    1
   4    2   -3   1.364516     3.044312     8.865064      9.37322   68.73776    0.00566    6
   4    2    3   1.364516     1.621183     8.166339       8.3257   68.73776    0.00446    6
   2    4   -3   1.364516     4.033743    -7.277165      8.32035   68.73776    0.00446    6
   2    4    3   1.364516     5.256854    -7.740784      9.35704   68.73776    0.00564    6
   0    1   -8   1.354724    -5.852423     4.854079      7.60348   69.30523    0.00183    3
   0    1    8   1.354724    52.714334    18.584228      55.8943   69.30523    0.09887    3
   1    0   -8   1.354724    55.593671    -5.419848      55.8572   69.30523    0.09874    3
   1    0    8   1.354724    -3.493332    -6.173448      7.09329   69.30523    0.00159    3
   5    0   -4   1.354212    55.126223     1.728549      55.1533   69.33513    0.09618    3
   5    0    4   1.354212    -6.908802     6.258889       9.3223   69.33513    0.00275    3
   0    5   -4   1.354212    -4.641132    -7.599597      8.90472   69.33513    0.00251    3
   0    5    4   1.354212    54.334140    11.657035      55.5705   69.33513    0.09764    3
   5    1   -2   1.354085    55.576472     3.244496      55.6711   69.34260    0.19595    6
   5    1    2   1.354085    -1.746237    -8.265138      8.44759   69.34260    0.00451    6
   1    5   -2   1.354085    -4.204082     7.220775      8.35547   69.34260    0.00441    6
   1    5    2   1.354085    54.535275    10.057423      55.4549   69.34260    0.19443    6
   0    3   -7   1.344409     3.922945    -8.031230      8.93813   69.91402    0.00248    3
   0    3    7   1.344409     2.586849     8.270303      8.66543   69.91402    0.00233    3
   3    0   -7   1.344409     4.799779    -7.091281      8.56295   69.91402    0.00228    3
   3    0    7   1.344409     1.245918     9.210798      9.29468   69.91402    0.00269    3
   4    1    5   1.344160     5.133182    -6.085468      7.96131   69.92891    0.00394    6
   1    4   -5   1.344160     2.918455     7.684931      8.22043   69.92891    0.00420    6
   1    4    5   1.344160     6.665442    -8.209956       10.575   69.92891    0.00695    6
   4    1   -5   1.344160     4.295312     9.997836      10.8815   69.92891    0.00736    6
   0    4   -6   1.334348    -5.143077    -8.076538      9.57506   70.51922    0.00280    3
   0    4    6   1.334348    -1.925316    -7.541353      7.78324   70.51922    0.00185    3
   4    0   -6   1.334348    -4.356273     6.371451      7.71832   70.51922    0.00182    3
   4    0    6   1.334348    -7.383859     6.253689      9.67626   70.51922    0.00286    3
   1    1   -8   1.315410    -4.528739    -5.768982      7.33421   71.68980    0.00318    6
   1    1    8   1.315410    -6.440720     3.748084      7.45191   71.68980    0.00328    6
   3    3   -4   1.314942    -5.183370     6.784798       8.5382   71.71926    0.00431    6
   3    3    4   1.314942    -2.615263    -7.931512      8.35156   71.71926    0.00412    6
   5    1   -3   1.305580     5.107644    -9.234675      10.5531   72.31431    0.00648    6
   5    1    3   1.305580     4.992600    -7.645424      9.13119   72.31431    0.00485    6
   1    5   -3   1.305580     2.394315     9.219732      9.52556   72.31431    0.00528    6
   1    5    3   1.305580     2.307353    10.491818      10.7425   72.31431    0.00671    6
   0    2   -8   1.296995   199.910945    -7.159551      200.039   72.86959    1.14660    3
   0    2    8   1.296995    -2.389287    -6.758004      7.16794   72.86959    0.00147    3
   2    0   -8   1.296995    -4.711650     5.763366      7.44419   72.86959    0.00159    3
   2    0    8   1.296995   183.674944    79.130916      199.995   72.86959    1.14610    3
   2    4   -4   1.296546    -4.997954    -8.266427      9.65988   72.89886    0.00534    6
   2    4    4   1.296546   190.572458    58.790581      199.435   72.89886    2.27761    6
   4    2   -4   1.296546   198.845871    14.349177      199.363   72.89886    2.27597    6
   4    2    4   1.296546    -7.551463     6.366185      9.87689   72.89886    0.00559    6
   6    0    0   1.296397   195.832895    38.125938       199.51   72.90862    1.13937    3
   0    6    0   1.296397   196.086552    35.433775      199.262   72.90862    1.13655    3
   2    2   -7   1.287935     4.921858    -8.020666      9.41041   73.46578    0.00500    6
   2    2    7   1.287935     2.132570     9.350438      9.59054   73.46578    0.00519    6
   6    0   -1   1.287496     3.866908    -8.601345      9.43059   73.49495    0.00251    3
   6    0    1   1.287496     2.339609     8.490529      8.80698   73.49495    0.00219    3
   0    6   -1   1.287496     4.836034    -7.560095      8.97453   73.49495    0.00227    3
   0    6    1   1.287496     1.377727     9.556249      9.65505   73.49495    0.00263    3
   2    3    6   1.279081    -2.098426    -8.803830      9.05046   74.05892    0.00455    6
   3    2    6   1.279081    -6.625108     5.481367      8.59869   74.05892    0.00411    6
   2    3   -6   1.279081    -4.449702    -7.136474      8.41006   74.05892    0.00393    6
   3    2   -6   1.279081    -4.997058     7.671930      9.15582   74.05892    0.00466    6
   3    4    0   1.278758    -3.395453    -8.115184      8.79689   74.08073    0.00430    6
   4    3    0   1.278758    -5.996523     6.763138      9.03871   74.08073    0.00454    6
   3    1   -7   1.270635  -127.279197     1.441625      127.287   74.63459    0.88777    6
   3    1    7   1.270635     6.591723    -5.738755       8.7398   74.63459    0.00419    6
   1    3   -7   1.270635     4.411652     7.587114       8.7765   74.63459    0.00422    6
   1    3    7   1.270635  -118.671854   -45.331531      127.035   74.63459    0.88426    6
   0    5   -5   1.270424   -70.621191    -3.473703      70.7066   74.64910    0.13692    3
   0    5    5   1.270424     3.294683     9.350546      9.91401   74.64910    0.00269    3
   5    0   -5   1.270424     5.806044    -7.948135      9.84292   74.64910    0.00265    3
   5    0    5   1.270424   -68.528692   -18.039507      70.8633   74.64910    0.13753    3
   3    4   -1   1.270213  -125.123688   -17.005304      126.274   74.66360    0.87307    6
   3    4    1   1.270213     6.107514    -7.644437      9.78464   74.66360    0.00524    6
   4    3   -1   1.270213     3.422256     9.298081      9.90788   74.66360    0.00538    6
   4    3    1   1.270213  -123.067389   -27.537493      126.111   74.66360    0.87081    6
   6    0   -2   1.261854    -3.678969    -8.202978       8.9902   75.24364    0.00218    3
   6    0    2   1.261854    -7.779549     6.603537      10.2043   75.24364    0.00281    3
   0    6   -2   1.261854    -4.957649    -8.480936      9.82367   75.24364    0.00261    3
   0    6    2   1.261854    -6.469615     6.277554      9.01463   75.24364    0.00219    3
   1    2   -8   1.246068    -6.134635     7.350786      9.57433   76.36678    0.00482    6
   1    2    8   1.246068    76.129455    31.512923      82.3939   76.36678    0.35699    6
   2    1   -8   1.246068    82.124750    -6.208658      82.3591   76.36678    0.35669    6
   2    1    8   1.246068    -3.208621    -8.710469      9.28265   76.36678    0.00453    6
   4    1    6   1.245836    31.678306     6.102050      32.2607   76.38357    0.05471    6
   1    4    6   1.245836    77.159780    27.894976      82.0473   76.38357    0.35386    6
   1    4   -6   1.245836    31.799041    -1.793936      31.8496   76.38357    0.05332    6
   4    1   -6   1.245836    81.845388    -2.383580      81.8801   76.38357    0.35242    6
   5    1   -4   1.245670    -3.489710    -6.746327      7.59546   76.39556    0.00303    6
   5    1    4   1.245670    31.683599     4.711218       32.032   76.39556    0.05392    6
   1    5   -4   1.245670    31.553717    -0.446083      31.5569   76.39556    0.05233    6
   1    5    4   1.245670    -5.886897     5.143843      7.81759   76.39556    0.00321    6
   3    4   -2   1.245571    -5.344953     7.565279      9.26294   76.40276    0.00451    6
   3    4    2   1.245571    79.976500    18.945474      82.1899   76.40276    0.35493    6
   4    3   -2   1.245571    82.175002     6.852682      82.4602   76.40276    0.35727    6
   4    3    2   1.245571    -2.513473    -8.665909      9.02306   76.40276    0.00428    6
   5    2    0   1.245538    80.814562    15.373142      82.2638   76.40516    0.35555    6
   2    5    0   1.245538    81.696515    10.512753      82.3701   76.40516    0.35647    6
   3    3   -5   1.237833     4.032043     9.147532      9.99673   76.96761    0.00518    6
   3    3    5   1.237833     6.588965    -7.309622      9.84099   76.96761    0.00502    6
   5    2   -1   1.237638     5.387569    -8.116919      9.74219   76.98196    0.00492    6
   5    2    1   1.237638     2.656304     9.288588      9.66094   76.98196    0.00484    6
   2    5   -1   1.237638     5.456404    -7.903453      9.60401   76.98196    0.00478    6
   2    5    1   1.237638     2.691603     9.722452      10.0882   76.98196    0.00528    6
   0    0   -9   1.222889    -5.899940     4.479394      7.40772   78.08517    0.00046    1
   0    0    9   1.222889    -7.271917     1.291266      7.38567   78.08517    0.00046    1
   0    4   -7   1.222638     7.736222     3.890122      8.65923   78.10422    0.00190    3
   0    4    7   1.222638     6.535104    -6.925589      9.52215   78.10422    0.00229    3
   4    0   -7   1.222638     4.283264     8.874928      9.85448   78.10422    0.00246    3
   4    0    7   1.222638     5.364323     6.991987      8.81271   78.10422    0.00197    3
   4    2   -5   1.222450     4.727588    -8.544188       9.7649   78.11852    0.00482    6
   4    2    5   1.222450     5.519729     7.332521      9.17787   78.11852    0.00426    6
   2    4   -5   1.222450     7.398364     3.674110      8.26044   78.11852    0.00345    6
   2    4    5   1.222450     1.894950     9.640456      9.82493   78.11852    0.00488    6
   6    0    3   1.222325     5.795251     7.741522      9.67037   78.12804    0.00237    3
   0    6   -3   1.222325     7.174104     3.364043      7.92367   78.12804    0.00159    3
   0    6    3   1.222325    -6.437576     2.477495      6.89785   78.12804    0.00120    3
   6    0   -3   1.222325    -5.968703     3.530225      6.93454   78.12804    0.00122    3
   0    3   -8   1.215271    -4.689128    -6.970834      8.40122   78.66895    0.00177    3
   0    3    8   1.215271    -7.833448     4.548675      9.05833   78.66895    0.00205    3
   3    0   -8   1.215271    -5.590924    -6.780614      8.78835   78.66895    0.00193    3
   3    0    8   1.215271    -6.764072     5.010539      8.41773   78.66895    0.00177    3
   2    5   -2   1.214810    -3.447374    -8.417736       9.0963   78.70460    0.00414    6
   2    5    2   1.214810    -5.770339     6.892776      8.98928   78.70460    0.00404    6
   5    2   -2   1.214810    -2.972329    -8.417388      8.92677   78.70460    0.00398    6
   5    2    2   1.214810    -6.220892     7.008059      9.37083   78.70460    0.00439    6
   0    1   -9   1.208050     6.146822     8.537609      10.5202   79.23137    0.00274    3
   0    1    9   1.208050     2.050410     9.513246       9.7317   79.23137    0.00234    3
   1    0   -9   1.208050     4.678573    -8.331584      9.55533   79.23137    0.00226    3
   1    0    9   1.208050     8.271043    -6.277013      10.3832   79.23137    0.00267    3
   3    4   -3   1.207507     3.553138     9.137671      9.80417   79.27407    0.00475    6
   3    4    3   1.207507     1.761921    10.070541      10.2235   79.27407    0.00516    6
   4    3   -3   1.207507     4.775786    -8.779412      9.99431   79.27407    0.00493    6
   4    3    3   1.207507     6.246412    -7.399678      9.68364   79.27407    0.00463    6
   5    0    6   1.186449    -3.089867    -8.906458      9.42721   80.96923    0.00213    3
   0    5   -6   1.186449    -5.778002     7.637622      9.57698   80.96923    0.00219    3
   0    5    6   1.186449    -7.341702     5.244458      9.02247   80.96923    0.00195    3
   5    0   -6   1.186449    -4.751925    -7.210866      8.63582   80.96923    0.00178    3
   6    1    0   1.186192    -2.415334    -8.393361      8.73398   80.99047    0.00365    6
   1    6    0   1.186192    -5.199660     7.095075      8.79639   80.99047    0.00370    6
   1    1   -9   1.179925  -112.401544     7.384620      112.644   81.51123    0.60096    6
   1    1    9   1.179925  -102.280976   -46.997614      112.562   81.51123    0.60009    6
   2    3    7   1.179700     6.832594    -6.441842      9.39051   81.53008    0.00418    6
   3    2    7   1.179700   -66.147729   -23.211778      70.1021   81.53008    0.23268    6
   2    3   -7   1.179700   -69.973838     0.835242      69.9788   81.53008    0.23186    6
   3    2   -7   1.179700     4.531945     8.472373      9.60831   81.53008    0.00437    6
   5    1    5   1.179531     1.976455     8.899070      9.11591   81.54422    0.00393    6
   1    5   -5   1.179531     4.840720    -7.551198      8.96957   81.54422    0.00381    6
   1    5    5   1.179531  -106.656613   -34.753585      112.176   81.54422    0.59563    6
   5    1   -5   1.179531  -112.184432    -5.625133      112.325   81.54422    0.59722    6
   5    2    3   1.179418   -68.263276   -14.864845       69.863   81.55365    0.23099    6
   2    5   -3   1.179418   -69.255836    -7.739200      69.6869   81.55365    0.22983    6
   2    5    3   1.179418  -107.393203   -31.075934      111.799   81.55365    0.59154    6
   5    2   -3   1.179418  -111.475928    -9.414062      111.873   81.55365    0.59232    6
   6    1   -1   1.179362  -110.221411   -18.367330      111.741   81.55836    0.59088    6
   6    1    1   1.179362     5.707206    -8.545961      10.2765   81.55836    0.00500    6
   1    6   -1   1.179362     2.699309    10.168686      10.5209   81.55836    0.00524    6
   1    6    1   1.179362  -109.668879   -22.330044      111.919   81.55836    0.59276    6
   2    2   -8   1.173077    -5.219190    -7.317628      8.98819   82.08895    0.00379    6
   2    2    8   1.173077    -7.536432     5.163642       9.1357   82.08895    0.00391    6
   0    6   -4   1.172746    -6.074966     8.103132      10.1275   82.11718    0.00240    3
   0    6    4   1.172746    -2.754801    -8.787880      9.20955   82.11718    0.00199    3
   6    0   -4   1.172746    -5.811273     7.239128       9.2831   82.11718    0.00202    3
   6    0    4   1.172746    -3.050934    -9.659164      10.1295   82.11718    0.00240    3
   0    2   -9   1.166579     5.449445    -8.814779      10.3632   82.64587    0.00249    3
   0    2    9   1.166579     8.133226    -5.755624      9.96376   82.64587    0.00231    3
   2    0   -9   1.166579     6.041770     8.176033      10.1661   82.64587    0.00240    3
   2    0    9   1.166579     2.313969    10.364284      10.6195   82.64587    0.00262    3
   1    3   -8   1.159960    39.245642    -3.518902      39.4031   83.22206    0.07145    6
   1    3    8   1.159960    -2.421726    -9.123322      9.43927   83.22206    0.00410    6
   3    1   -8   1.159960    -5.396781     7.779399      9.46807   83.22206    0.00413    6
   3    1    8   1.159960    37.542613    12.269975      39.4968   83.22206    0.07179    6
   3    3    6   1.159773    37.778187    10.424918      39.1902   83.23849    0.07066    6
   3    3   -6   1.159773    38.987549    -1.644176      39.0222   83.23849    0.07005    6
   3    4   -4   1.159639    38.987058     1.788661      39.0281   83.25023    0.07006    6
   3    4    4   1.159639    -6.230834     6.371843        8.912   83.25023    0.00365    6
   4    3   -4   1.159639    -3.574443    -8.070482      8.82663   83.25023    0.00358    6
   4    3    4   1.159639    38.723539     7.080242      39.3655   83.25023    0.07128    6
   6    1    2   1.159559    38.868992     5.318060      39.2311   83.25727    0.07079    6
   6    1   -2   1.159559    -5.703815     6.842746      8.90824   83.25727    0.00365    6
   1    6   -2   1.159559    38.642576     3.518527      38.8024   83.25727    0.06925    6
   1    6    2   1.159559    -2.867887    -8.231885      8.71715   83.25727    0.00349    6
   1    4    7   1.153466     2.242382     9.682015      9.93829   83.79638    0.00450    6
   4    1    7   1.153466     1.487333     8.650459      8.77739   83.79638    0.00351    6
   1    4   -7   1.153466     4.237268    -7.388656      8.51743   83.79638    0.00331    6
   4    1   -7   1.153466     5.348332    -8.425281      9.97948   83.79638    0.00454    6
   2    4    6   1.147092    -7.685804     5.555980       9.4837   84.36891    0.00407    6
   4    2    6   1.147092    -2.966954    -9.102774       9.5741   84.36891    0.00414    6
   2    4   -6   1.147092    -5.908372     7.723044       9.7239   84.36891    0.00428    6
   4    2   -6   1.147092    -5.063695    -7.771826       9.2759   84.36891    0.00389    6
   5    2   -4   1.134694    -5.248026     7.844021      9.43771   85.50883    0.00396    6
   5    2    4   1.134694    -2.848916    -9.057691      9.49516   85.50883    0.00401    6
   2    5   -4   1.134694    -5.804842     7.674324      9.62244   85.50883    0.00412    6
   2    5    4   1.134694    -2.045076    -8.981160      9.21106   85.50883    0.00378    6
   1    2   -9   1.129105     5.503796     7.874790       9.6075   86.03428    0.00408    6
   1    2    9   1.129105     1.813960     9.664587      9.83335   86.03428    0.00427    6
   2    1   -9   1.129105     4.906509    -8.400267      9.72822   86.03428    0.00418    6
   2    1    9   1.129105     7.709362    -5.640319      9.55235   86.03428    0.00403    6
   6    1   -3   1.128661     3.963263    10.063102      10.8154   86.07634    0.00517    6
   6    1    3   1.128661     2.656520     9.696230      10.0536   86.07634    0.00446    6
   1    6   -3   1.128661     5.745484    -8.124741      9.95098   86.07634    0.00437    6
   1    6    3   1.128661     6.950579    -8.126133      10.6932   86.07634    0.00505    6
   4    0   -8   1.123101   144.777246    -4.361508      144.843   86.60727    0.46015    3
   4    0    8   1.123101    -2.860220    -8.681378      9.14041   86.60727    0.00183    3
   0    4   -8   1.123101    -5.696209     7.491303      9.41097   86.60727    0.00194    3
   0    4    8   1.123101   132.205322    59.764889      145.086   86.60727    0.46170    3
   4    4    0   1.122712   142.079260    28.327975      144.876   86.64463    0.92029    6
   6    0   -5   1.117060     3.629908     9.356901      10.0363   87.19275    0.00219    3
   6    0    5   1.117060     6.129937    -6.780045       9.1403   87.19275    0.00182    3
   0    6   -5   1.117060     3.495237     8.602992      9.28591   87.19275    0.00188    3
   0    6    5   1.117060     6.296279    -7.625535      9.88898   87.19275    0.00213    3
   4    4   -1   1.116916     4.400449    -7.871813      9.01828   87.20676    0.00354    6
   4    4    1   1.116916     1.509692     9.023283      9.14871   87.20676    0.00365    6
   5    1    6   1.111409    -7.634019     6.315875        9.908   87.74879    0.00425    6
   1    5   -6   1.111409    -5.000858    -8.463137      9.83022   87.74879    0.00418    6
   1    5    6   1.111409    -2.040203    -8.916181      9.14662   87.74879    0.00362    6
   5    1   -6   1.111409    -5.095892     7.610721      9.15921   87.74879    0.00363    6
   7    0    0   1.111197    -5.866349     7.567436      9.57497   87.76978    0.00198    3
   0    7    0   1.111197    -2.692775    -8.966974      9.36257   87.76978    0.00190    3
   3    5    0   1.111197    -5.850895     7.439884      9.46493   87.76978    0.00388    6
   5    3    0   1.111197    -2.959271    -8.860902      9.34199   87.76978    0.00378    6
   0    3   -9   1.106040   -67.161802     4.655800       67.323   88.28479    0.09752    3
   0    3    9   1.106040  -101.229337   -48.171068      112.106   88.28479    0.27041    3
   3    0   -9   1.106040  -112.111545     6.357217      112.292   88.28479    0.27130    3
   3    0    9   1.106040   -61.818837   -26.992528      67.4549   88.28479    0.09790    3
   5    0    7   1.105855     7.776270    -6.047827      9.85122   88.30344    0.00209    3
   0    5   -7   1.105855     5.140323     8.455628      9.89548   88.30344    0.00211    3
   0    5    7   1.105855  -103.543465   -42.519978      111.934   88.30344    0.26952    3
   5    0   -7   1.105855  -112.246349     0.281820      112.247   88.30344    0.27103    3
   3    4    5   1.105716   -64.444038   -19.284191      67.2675   88.31743    0.19465    6
   4    3    5   1.105716     2.096973     9.604923      9.83117   88.31743    0.00416    6
   3    4   -5   1.105716     5.102690    -8.123756      9.59338   88.31743    0.00396    6
   4    3   -5   1.105716   -67.025573    -3.443286       67.114   88.31743    0.19376    6
   7    0   -1   1.105577     3.255992     9.745736      10.2753   88.33143    0.00227    3
   7    0    1   1.105577   -66.170287   -11.273527      67.1238   88.33143    0.09689    3
   0    7   -1   1.105577   -65.973594   -11.546993      66.9765   88.33143    0.09647    3
   0    7    1   1.105577     6.207993    -8.037157      10.1555   88.33143    0.00222    3
   5    3    1   1.105577     6.252984    -8.151734      10.2738   88.33143    0.00454    6
   3    5   -1   1.105577     3.043490     9.946100      10.4013   88.33143    0.00465    6
   3    5    1   1.105577  -108.770788   -24.518453        111.5   88.33143    0.53472    6
   5    3   -1   1.105577  -109.876704   -18.505404      111.424   88.33143    0.53399    6
   0    0  -10   1.100600    -4.517397     6.881818      8.23203   88.83579    0.00048    1
   0    0   10   1.100600    -1.689100    -7.917901      8.09606   88.83579    0.00047    1
   4    4   -2   1.100052    -4.175872    -9.755931      10.6121   88.89174    0.00482    6
   4    4    2   1.100052    -7.343649     7.658238      10.6103   88.89174    0.00481    6
   0    1  -10   1.089745    62.336822    -7.419278      62.7768   89.95967    0.08343    3
   0    1   10   1.089745    -8.100901     3.859078      8.97313   89.95967    0.00170    3
   1    0  -10   1.089745    -5.938684    -6.467506      8.78047   89.95967    0.00163    3
   1    0   10   1.089745    56.464938    27.625387      62.8606   89.95967    0.08365    3
   2    3    8   1.089546    32.266197    10.704607      33.9955   89.98065    0.04892    6
   3    2    8   1.089546    -2.635679    -8.825140      9.21032   89.98065    0.00359    6
   2    3   -8   1.089546    -5.556216     7.535025      9.36206   89.98065    0.00371    6
   3    2   -8   1.089546    33.592497    -3.196379      33.7442   89.98065    0.04820    6
   6    1    4   1.089280    -7.087992     6.611199      9.69266   90.00862    0.00398    6
   1    6   -4   1.089280    -4.270316    -8.523924      9.53378   90.00862    0.00385    6
   1    6    4   1.089280    59.859557    18.130622      62.5451   90.00862    0.16556    6
   6    1   -4   1.089280    62.549828     2.590531      62.6034   90.00862    0.16587    6
   7    0    2   1.089213    -2.672817    -9.278949      9.65623   90.01561    0.00197    3
   7    0   -2   1.089213    61.971032     8.358712      62.5322   90.01561    0.08274    3
   3    5   -2   1.089213    33.578211     2.684540      33.6854   90.01561    0.04802    6
   3    5    2   1.089213    -2.918033    -8.837140      9.30645   90.01561    0.00367    6
   5    3   -2   1.089213    -5.923237     7.465026       9.5295   90.01561    0.00384    6
   5    3    2   1.089213    33.481471     4.838005      33.8292   90.01561    0.04843    6
   0    7   -2   1.089213    -5.843567     7.765796      9.71879   90.01561    0.00200    3
   0    7    2   1.089213    61.457264    12.544682      62.7245   90.01561    0.08325    3
   3    3    7   1.084158     1.731413     9.494226      9.65081   90.55130    0.00392    6
   3    3   -7   1.084158     4.820251    -8.209430      9.51996   90.55130    0.00382    6
   5    2    5   1.084027     7.260841    -6.992691      10.0806   90.56528    0.00428    6
   2    5   -5   1.084027     4.422777     9.182554      10.1922   90.56528    0.00438    6
   2    5    5   1.084027     7.208556    -7.160565      10.1606   90.56528    0.00435    6
   5    2   -5   1.084027     4.490432     9.268863      10.2993   90.56528    0.00447    6
   6    2    0   1.078667    -7.166650     7.806040      10.5969   91.14182    0.00471    6
   2    6    0   1.078667    -3.835354    -9.763473      10.4898   91.14182    0.00461    6
   2    2   -9   1.073948   -11.343109     3.567916       11.891   91.65667    0.00591    6
   2    2    9   1.073948   -11.883410    -1.773380       12.015   91.65667    0.00603    6
   4    2    7   1.073778     7.337545    -6.237725      9.63062   91.67532    0.00387    6
   2    4    7   1.073778   -12.111693    -0.721452      12.1332   91.67532    0.00615    6
   4    2   -7   1.073778   -11.587537     2.557790      11.8665   91.67532    0.00588    6
   2    4   -7   1.073778     4.750026     8.438145      9.68323   91.67532    0.00392    6
   4    4   -3   1.073566   -11.346477     1.743201      11.4796   91.69864    0.00550    6
   4    4    3   1.073566   -11.709806     0.189320      11.7113   91.69864    0.00573    6
   2    6   -1   1.073524   -11.422969     0.663290      11.4422   91.70331    0.00547    6
   2    6    1   1.073524     5.280409    -7.801152      9.42023   91.70331    0.00371    6
   6    2   -1   1.073524     2.356372     9.142245      9.44103   91.70331    0.00372    6
   6    2    1   1.073524   -11.759206     1.295171      11.8303   91.70331    0.00585    6
   1    1  -10   1.068966    -5.597025     7.750721      9.56035   92.20781    0.00380    6
   1    1   10   1.068966    -2.365353    -9.151228      9.45198   92.20781    0.00372    6
   1    4    8   1.068777    -7.895558     5.013585      9.35285   92.22881    0.00364    6
   4    1    8   1.068777    -8.022632     5.807380      9.90395   92.22881    0.00408    6
   1    4   -8   1.068777    -5.454972    -8.281930      9.91701   92.22881    0.00409    6
   4    1   -8   1.068777    -5.469444    -7.296116      9.11856   92.22881    0.00346    6
   1    3   -9   1.063856     4.272630    -7.964815      9.03845   92.78133    0.00339    6
   1    3    9   1.063856     7.685485    -5.871853      9.67188   92.78133    0.00388    6
   3    1   -9   1.063856     5.262214     8.300507      9.82799   92.78133    0.00401    6
   3    1    9   1.063856     1.273319     9.162170      9.25023   92.78133    0.00355    6
   0    7   -3   1.063485     3.734613     9.605963      10.3064   92.82334    0.00220    3
   0    7    3   1.063485     2.775588     9.863910       10.247   92.82334    0.00218    3
   7    0   -3   1.063485     5.881562    -8.203614      10.0942   92.82334    0.00211    3
   7    0    3   1.063485     6.680271    -7.589473      10.1107   92.82334    0.00212    3
   3    5   -3   1.063485     5.472481    -8.549267      10.1508   92.82334    0.00427    6
   3    5    3   1.063485     7.100180    -7.743569       10.506   92.82334    0.00458    6
   5    3   -3   1.063485     3.956234     9.767028      10.5379   92.82334    0.00461    6
   5    3    3   1.063485     2.140117    10.141016      10.3644   92.82334    0.00445    6
   0    2  -10   1.059012    -5.405175    -6.936718      8.79397   93.33294    0.00160    3
   0    2   10   1.059012   108.759323    56.888812      122.739   93.33294    0.31151    3
   2    0  -10   1.059012   122.259752    -9.385127      122.619   93.33294    0.31090    3
   2    0   10   1.059012    -7.703970     4.514808      8.92943   93.33294    0.00165    3
   6    0    6   1.058686   129.399181    51.704778      139.347   93.37030    0.40143    3
   0    6   -6   1.058686   139.318913     4.348409      139.387   93.37030    0.40166    3
   0    6    6   1.058686   113.860394    44.654911      122.304   93.37030    0.30924    3
   6    0   -6   1.058686   122.095977     3.875336      122.157   93.37030    0.30850    3
   6    2   -2   1.058524   120.910415    18.090956      122.256   93.38898    0.61795    6
   6    2    2   1.058524    -3.442599    -9.872278      10.4553   93.38898    0.00452    6
   2    6   -2   1.058524    -6.828287     8.022084      10.5347   93.38898    0.00459    6
   2    6    2   1.058524   118.238891    30.999256      122.235   93.38898    0.61773    6
   3    4    6   1.049015    -2.438735    -8.911375      9.23905   94.49677    0.00351    6
   4    3    6   1.049015    -7.350505     6.316468      9.69163   94.49677    0.00386    6
   3    4   -6   1.049015    -4.515278    -8.501687      9.62634   94.49677    0.00381    6
   4    3   -6   1.049015    -5.553283     7.539630      9.36403   94.49677    0.00361    6
   5    1    7   1.044340  -103.156385   -44.753472      112.446   95.05303    0.51905    6
   1    5   -7   1.044340  -112.482828     0.047160      112.483   95.05303    0.51939    6
   1    5    7   1.044340     7.452427    -6.911629      10.1641   95.05303    0.00424    6
   5    1   -7   1.044340     4.701697     9.237619      10.3653   95.05303    0.00441    6
   6    1    5   1.044223  -105.325991   -39.114810      112.354   95.06707    0.51818    6
   1    6   -5   1.044223  -112.334247    -5.964135      112.492   95.06707    0.51945    6
   1    6    5   1.044223     1.917129    10.234417      10.4124   95.06707    0.00445    6
   6    1   -5   1.044223     5.325619    -8.874282      10.3496   95.06707    0.00440    6
   4    4    4   1.039507    -3.205323    -9.600596      10.1215   95.63670    0.00420    6
   4    4   -4   1.039507    -6.583805     7.922677      10.3012   95.63670    0.00435    6
   4    0   -9   1.035205     5.322649    -8.379996      9.92748   96.16351    0.00202    3
   4    0    9   1.035205     8.333187    -5.328848      9.89134   96.16351    0.00200    3
   0    4   -9   1.035205     5.906785     7.926342      9.88519   96.16351    0.00200    3
   0    4    9   1.035205     1.911574     9.765406      9.95074   96.16351    0.00203    3
   2    6   -3   1.034863     3.081624     9.045796       9.5563   96.20572    0.00374    6
   2    6    3   1.034863     1.555641     9.576655      9.70218   96.20572    0.00385    6
   6    2   -3   1.034863     4.716384    -8.373501       9.6104   96.20572    0.00378    6
   6    2    3   1.034863     5.984257    -7.390370      9.50941   96.20572    0.00370    6
   1    2  -10   1.030741    37.196788    -4.878330      37.5153   96.71784    0.05753    6
   1    2   10   1.030741    -8.051895     4.421465      9.18599   96.71784    0.00345    6
   2    1  -10   1.030741    -5.802665    -6.966087      9.06627   96.71784    0.00336    6
   2    1   10   1.030741    34.478853    14.993934       37.598   96.71784    0.05778    6
   5    0    8   1.030572    82.835249    37.982474      91.1282   96.73896    0.16972    3
   0    5   -8   1.030572    91.245153    -3.376509      91.3076   96.73896    0.17039    3
   0    5    8   1.030572    -1.596837    -9.922797      10.0505   96.73896    0.00206    3
   5    0   -8   1.030572    -5.088808     8.681509       10.063   96.73896    0.00207    3
   5    2    6   1.030440    84.406523    33.685048      90.8798   96.75540    0.33759    6
   2    5   -6   1.030440    91.006542     1.257165      91.0152   96.75540    0.33859    6
   2    5    6   1.030440    35.892465    10.504442       37.398   96.75540    0.05717    6
   5    2   -6   1.030440    37.167837    -0.174098      37.1682   96.75540    0.05647    6
   7    0   -4   1.030347    -3.879516    -8.800531      9.61769   96.76713    0.00189    3
   7    0    4   1.030347    85.865591    29.388335      90.7556   96.76713    0.16833    3
   5    3    4   1.030347    -6.711276     6.733078      9.50661   96.76713    0.00369    6
   0    7   -4   1.030347    90.647571     5.819933      90.8342   96.76713    0.16862    3
   0    7    4   1.030347    -6.977557     6.854474      9.78111   96.76713    0.00196    3
   3    5   -4   1.030347    -3.823150    -8.670484      9.47596   96.76713    0.00367    6
   3    5    4   1.030347    36.209490     8.852998       37.276   96.76713    0.05679    6
   5    3   -4   1.030347    37.247291     1.448642      37.2755   96.76713    0.05679    6
   7    1    0   1.030272    37.004265     4.294993      37.2527   96.77652    0.05672    6
   1    7    0   1.030272    36.598870     6.033306      37.0928   96.77652    0.05624    6
   7    1   -1   1.025787     6.125141    -8.636304      10.5879   97.34213    0.00458    6
   7    1    1   1.025787     2.858444    10.356851      10.7441   97.34213    0.00471    6
   1    7   -1   1.025787     6.269361    -8.560713      10.6109   97.34213    0.00460    6
   1    7    1   1.025787     2.680759    10.330983      10.6731   97.34213    0.00465    6
   0    3  -10   1.013104    -5.410252     7.567915      9.30291   98.98686    0.00177    3
   0    3   10   1.013104    -2.019679    -9.887756      10.0919   98.98686    0.00208    3
   3    0  -10   1.013104    -5.524117     8.526615      10.1597   98.98686    0.00211    3
   3    0   10   1.013104    -2.287198    -8.843753      9.13473   98.98686    0.00170    3
   3    3    8   1.012944    -7.963221     5.447792      9.64838   99.00810    0.00380    6
   3    3   -8   1.012944    -5.348505    -7.931694      9.56652   99.00810    0.00374    6
   1    7   -2   1.012677    -3.385514    -8.646438      9.28561   99.04350    0.00352    6
   1    7    2   1.012677    -6.362398     6.961776      9.43114   99.04350    0.00363    6
   7    1   -2   1.012677    -3.333859    -8.680263      9.29847   99.04350    0.00353    6
   7    1    2   1.012677    -6.390813     6.876306      9.38755   99.04350    0.00360    6
   2    3    9   1.008751     1.605882     9.091115      9.23186   99.56743    0.00348    6
   3    2    9   1.008751     8.378411    -5.686823      10.1261   99.56743    0.00419    6
   2    3   -9   1.008751     5.788713     8.372928      10.1792   99.56743    0.00423    6
   3    2   -9   1.008751     4.712979    -7.826502      9.13599   99.56743    0.00341    6
   2    4    8   1.004462    -1.967720    -9.268460      9.47503  100.14780    0.00367    6
   4    2    8   1.004462   106.039030    49.580115      117.058  100.14780    0.56013    6
   4    2   -8   1.004462    -5.221476     7.954916      9.51549  100.14780    0.00370    6
   2    4   -8   1.004462   117.103423    -1.874848      117.118  100.14780    0.56071    6
   2    6    4   1.004254    -7.622536     6.833532      10.2372  100.17622    0.00428    6
   6    2   -4   1.004254    -4.477180    -9.169384      10.2041  100.17622    0.00426    6
   6    2    4   1.004254   110.448776    37.809350      116.741  100.17622    0.55713    6
   2    6   -4   1.004254   116.311401    10.711015      116.804  100.17622    0.55773    6
   0    0  -11   1.000545     6.502814     7.875528      10.2133  100.68535    0.00071    1
   0    0   11   1.000545     8.664550    -5.004020      10.0057  100.68535    0.00068    1
   6    0    7   1.000237     1.193531     9.857701      9.92969  100.72805    0.00202    3
   0    6   -7   1.000237     4.699340    -8.603529      9.80329  100.72805    0.00197    3
   0    6    7   1.000237     1.624107     9.764990      9.89913  100.72805    0.00201    3
   6    0   -7   1.000237     5.027750    -8.533611      9.90458  100.72805    0.00201    3
   4    4   -5   1.000134     3.980098     8.914402      9.76257  100.74228    0.00390    6
   4    4    5   1.000134     6.870718    -6.968972      9.78639  100.74228    0.00392    6
   6    1    6   0.996072    -1.943940    -9.792894      9.98397  101.30822    0.00409    6
   1    6   -6   0.996072    -5.462835     8.529310      10.1288  101.30822    0.00420    6
   1    6    6   0.996072    -7.330236     5.916115      9.41981  101.30822    0.00364    6
   6    1   -6   0.996072    -4.532256    -8.102219      9.28371  101.30822    0.00353    6
   5    4    0   0.995920    -6.236786     7.975172      10.1243  101.32962    0.00420    6
   4    5    0   0.995920    -2.907204    -9.556299      9.98873  101.32962    0.00409    6
   0    1  -11   0.992369     4.911901    -8.485028      9.80421  101.83122    0.00197    3
   0    1   11   0.992369   -69.527506   -38.172211       79.317  101.83122    0.12913    3
   1    0  -11   0.992369   -79.039612     8.048723      79.4484  101.83122    0.12956    3
   1    0   11   0.992369     1.567314     9.719934      9.84549  101.83122    0.00199    3
   1    4   -9   0.992202   -96.463565     4.847782      96.5853  101.85503    0.38298    6
   1    4    9   0.992202   -55.186621   -25.085116      60.6203  101.85503    0.15086    6
   4    1   -9   0.992202   -60.619169     2.996320      60.6932  101.85503    0.15123    6
   4    1    9   0.992202   -86.221400   -43.552835       96.597  101.85503    0.38307    6
   3    4   -7   0.992068   -96.567382    -0.320052      96.5679  101.87409    0.38286    6
   3    4    7   0.992068     7.888500    -6.656205      10.3215  101.87409    0.00437    6
   4    3   -7   0.992068     5.024458     9.117011      10.4099  101.87409    0.00445    6
   4    3    7   0.992068   -88.354334   -38.799890      96.4983  101.87409    0.38231    6
   7    0   -5   0.991967   -78.681307    -4.202173      78.7934  101.88838    0.12745    3
   7    0    5   0.991967     1.655059     9.973636        10.11  101.88838    0.00210    3
   0    7   -5   0.991967     5.161912    -8.630604      10.0565  101.88838    0.00208    3
   0    7    5   0.991967   -73.937867   -26.838532      78.6582  101.88838    0.12701    3
   3    5   -5   0.991967   -96.242985    -5.730941      96.4135  101.88838    0.38166    6
   3    5    5   0.991967     1.779736    10.180654       10.335  101.88838    0.00439    6
   5    3   -5   0.991967     5.239238    -8.711488      10.1656  101.88838    0.00424    6
   5    3    5   0.991967   -90.293430   -33.762363      96.3992  101.88838    0.38154    6
   7    1   -3   0.991900   -78.066131    -9.723480      78.6694  101.89791    0.25411    6
   7    1    3   0.991900   -91.934378   -28.801508      96.3403  101.89791    0.38109    6
   1    7   -3   0.991900   -95.830862   -10.924194      96.4515  101.89791    0.38197    6
   1    7    3   0.991900   -75.648997   -21.581761      78.6673  101.89791    0.25410    6
   5    4   -1   0.991867     3.016464     9.498322       9.9658  101.90267    0.00408    6
   5    4    1   0.991867   -59.082895   -11.827556      60.2551  101.90267    0.14908    6
   4    5   -1   0.991867   -59.109458   -10.797304      60.0875  101.90267    0.14825    6
   4    5    1   0.991867     6.267191    -7.663286      9.89968  101.90267    0.00402    6
   2    2  -10   0.988269    -4.963426     7.801939      9.24694  102.41845    0.00352    6
   2    2   10   0.988269    -1.795201    -8.934823      9.11339  102.41845    0.00342    6
   1    3  -10   0.980387    -5.867409    -7.587346      9.59137  103.57181    0.00380    6
   1    3   10   0.980387    41.847469    20.264033      46.4956  103.57181    0.08938    6
   3    1  -10   0.980387    46.145532    -5.108470      46.4274  103.57181    0.08912    6
   3    1   10   0.980387    -8.299765     4.805872      9.59075  103.57181    0.00380    6
   5    1    8   0.980242    -2.101204    -9.926257      10.1462  103.59339    0.00426    6
   1    5   -8   0.980242    -5.711941     8.604861      10.3281  103.59339    0.00441    6
   1    5    8   0.980242    42.649020    17.985173      46.2861  103.59339    0.08858    6
   5    1   -8   0.980242    46.105822    -2.669501       46.183  103.59339    0.08819    6
   5    4   -2   0.980000    45.702144     6.578795      46.1732  103.62937    0.08817    6
   5    4    2   0.980000    -2.980167    -9.491790      9.94864  103.62937    0.00409    6
   4    5   -2   0.980000    -6.337887     7.864069      10.1001  103.62937    0.00422    6
   4    5    2   0.980000    45.394193     9.066422      46.2907  103.62937    0.08862    6
   3    6    0   0.979984    45.215227     8.901933      46.0832  103.63177    0.08783    6
   6    3    0   0.979984    45.756287     6.719786      46.2471  103.63177    0.08845    6
   1    1  -11   0.976601     5.990020     7.788362      9.82542  104.13795    0.00400    6
   1    1   11   0.976601     8.285805    -5.089147      9.72389  104.13795    0.00392    6
   5    2    7   0.976313     1.259924    10.168243       10.246  104.18122    0.00435    6
   2    5   -7   0.976313     4.890557    -8.866735       10.126  104.18122    0.00425    6
   2    5    7   0.976313     1.939146     9.604411      9.79821  104.18122    0.00398    6
   5    2   -7   0.976313     5.218629    -8.163665      9.68914  104.18122    0.00389    6
   6    3   -1   0.976122     5.801642    -8.266007      10.0988  104.21007    0.00423    6
   6    3    1   0.976122     2.667676     9.932352      10.2844  104.21007    0.00439    6
   3    6   -1   0.976122     6.075153    -8.110466      10.1335  104.21007    0.00426    6
   3    6    1   0.976122     2.348478     9.933215      10.2071  104.21007    0.00432    6
   8    0    0   0.972298    -3.623086    -9.679654      10.3355  104.79106    0.00222    3
   0    8    0   0.972298    -7.123892     7.611390      10.4251  104.79106    0.00226    3
   0    2  -11   0.968993   -20.382612     4.309736      20.8333  105.29989    0.00906    3
   0    2   11   0.968993     1.754124    10.042050      10.1941  105.29989    0.00217    3
   2    0  -11   0.968993     5.324193    -8.585589      10.1024  105.29989    0.00213    3
   2    0   11   0.968993   -19.270965    -7.846349      20.8071  105.29989    0.00904    3
   6    2    5   0.968619     1.287417     9.720233      9.80512  105.35790    0.00402    6
   2    6   -5   0.968619     4.710944    -8.518273      9.73416  105.35790    0.00396    6
   2    6    5   0.968619   -20.001248    -4.411721       20.482  105.35790    0.01752    6
   6    2   -5   0.968619   -20.405252     0.821323      20.4218  105.35790    0.01742    6
   8    0    1   0.968526     5.774399    -7.737692      9.65482  105.37241    0.00195    3
   0    8   -1   0.968526     2.670803     9.297470      9.67348  105.37241    0.00195    3
   0    8    1   0.968526   -20.137764    -2.590081      20.3036  105.37241    0.00861    3
   8    0   -1   0.968526   -20.426191    -0.985244      20.4499  105.37241    0.00873    3
   1    7   -4   0.964851    -5.336914     7.999728      9.61656  105.94689    0.00388    6
   1    7    4   0.964851    -2.201802    -9.271545       9.5294  105.94689    0.00381    6
   7    1   -4   0.964851    -5.539503     7.846661      9.60501  105.94689    0.00387    6
   7    1    4   0.964851    -1.929632    -9.310256      9.50812  105.94689    0.00379    6
   6    3   -2   0.964805    -3.266325    -9.127414      9.69425  105.95416    0.00394    6
   6    3    2   0.964805    -6.512538     7.262258      9.75467  105.95416    0.00399    6
   3    6   -2   0.964805    -3.335389    -9.116182      9.70719  105.95416    0.00395    6
   3    6    2   0.964805    -6.457865     7.313322      9.75647  105.95416    0.00399    6
   5    0    9   0.961408     1.009177    10.188530      10.2384  106.49263    0.00221    3
   0    5   -9   0.961408     4.711788    -8.887626      10.0594  106.49263    0.00213    3
   0    5    9   0.961408     7.627448    -5.610863      9.46888  106.49263    0.00189    3
   5    0   -9   0.961408     5.110546     8.156719      9.62547  106.49263    0.00195    3
   5    4   -3   0.961134     5.578967    -8.161132       9.8858  106.53640    0.00412    6
   5    4    3   0.961134     6.960763    -7.239591      10.0431  106.53640    0.00425    6
   4    5   -3   0.961134     3.782075     9.324369      10.0622  106.53640    0.00426    6
   4    5    3   0.961134     2.190864     9.860590       10.101  106.53640    0.00430    6
   0    4  -10   0.957829    99.004238    -6.323127       99.206  107.06796    0.20807    3
   0    4   10   0.957829    -8.285409     4.833701      9.59232  107.06796    0.00195    3
   4    0  -10   0.957829    -5.807140    -7.474926      9.46559  107.06796    0.00189    3
   4    0   10   0.957829    87.266975    47.013342      99.1251  107.06796    0.20773    3
   4    4   -6   0.957588    98.695615     4.359782      98.7919  107.10698    0.41281    6
   4    4    6   0.957588    91.425610    37.231082      98.7157  107.10698    0.41217    6
   8    0   -2   0.957467    -6.455533     8.073516      10.3371  107.12649    0.00226    3
   8    0    2   0.957467    94.734372    27.200514       98.562  107.12649    0.20548    3
   0    8   -2   0.957467    97.487456    14.883228       98.617  107.12649    0.20571    3
   0    8    2   0.957467    -2.870672    -9.922398      10.3293  107.12649    0.00226    3
   7    0    6   0.950413    -7.306160     6.256998      9.61925  108.28662    0.00198    3
   5    3   -6   0.950413    -4.277765    -8.329633      9.36387  108.28662    0.00375    6
   5    3    6   0.950413    -1.909540    -9.417781      9.60942  108.28662    0.00394    6
   0    7   -6   0.950413    -4.364416    -8.452582      9.51285  108.28662    0.00193    3
   0    7    6   0.950413    -1.539970    -9.660600      9.78257  108.28662    0.00204    3
   7    0   -6   0.950413    -5.140793     8.441174      9.88338  108.28662    0.00209    3
   3    5   -6   0.950413    -5.427292     8.125381      9.77125  108.28662    0.00408    6
   3    5    6   0.950413    -7.175551     6.083502      9.40731  108.28662    0.00378    6
   2    7    0   0.950280    -6.459457     7.657997      10.0185  108.30872    0.00429    6
   7    2    0   0.950280    -3.032659    -9.432455      9.90799  108.30872    0.00419    6
   1    2  -11   0.947195     4.404110    -8.061513      9.18609  108.82709    0.00362    6
   1    2   11   0.947195   -49.360833   -26.497332      56.0232  108.82709    0.13475    6
   2    1  -11   0.947195   -55.750259     5.801728      56.0513  108.82709    0.13488    6
   2    1   11   0.947195     1.142124     9.211656      9.28219  108.82709    0.00370    6
   3    3    9   0.947049   -70.340158   -35.261838      78.6838  108.85172    0.26586    6
   3    3   -9   0.947049   -78.674348     3.387648      78.7472  108.85172    0.26629    6
   6    1    7   0.946933     7.444727    -6.259497      9.72652  108.87142    0.00406    6
   1    6   -7   0.946933     4.607457     8.617876      9.77223  108.87142    0.00410    6
   1    6    7   0.946933   -51.844296   -20.583981      55.7811  108.87142    0.13364    6
   6    1   -7   0.946933   -55.796592    -0.612068      55.7999  108.87142    0.13373    6
   3    6   -3   0.946787   -77.922105    -8.711627      78.4076  108.89606    0.26410    6
   3    6    3   0.946787   -53.691754   -14.522504      55.6211  108.89606    0.13290    6
   6    3   -3   0.946787   -55.051158    -6.944748      55.4875  108.89606    0.13227    6
   6    3    3   0.946787   -74.605627   -23.953102      78.3566  108.89606    0.26376    6
   2    7   -1   0.946758     3.233294     9.509140      10.0438  108.90099    0.00433    6
   2    7    1   0.946758   -53.858904   -13.198375      55.4525  108.90099    0.13211    6
   7    2   -1   0.946758   -54.971548    -8.257448      55.5883  108.90099    0.13275    6
   7    2    1   0.946758     6.466154    -7.573979      9.95873  108.90099    0.00426    6
   6    0    8   0.943497    -7.753657     5.735663      9.64453  109.45704    0.00201    3
   0    6   -8   0.943497    -4.999812    -8.218666      9.62001  109.45704    0.00200    3
   0    6    8   0.943497    -8.161620     5.408271      9.79089  109.45704    0.00207    3
   6    0   -8   0.943497    -5.407088    -8.014893      9.66825  109.45704    0.00202    3
   2    4   -9   0.940107     4.801598    -8.726420      9.96021  110.04353    0.00431    6
   2    4    9   0.940107     7.836373    -5.694453      9.68687  110.04353    0.00408    6
   4    2   -9   0.940107     5.207746     8.287660      9.78805  110.04353    0.00416    6
   4    2    9   0.940107     1.134264    10.026272      10.0902  110.04353    0.00442    6
   8    0    3   0.939850     1.642822     9.539525      9.67995  110.08820    0.00204    3
   0    8   -3   0.939850     4.991272    -8.273720      9.66267  110.08820    0.00203    3
   0    8    3   0.939850     6.000537    -7.384440      9.51506  110.08820    0.00197    3
   8    0   -3   0.939850     2.896523     9.135002      9.58322  110.08820    0.00200    3
   3    2   10   0.936759    58.269012    31.021941      66.0124  110.63098    0.19051    6
   2    3  -10   0.936759    65.852861    -5.411833      66.0749  110.63098    0.19087    6
   2    3   10   0.936759    -8.414176     4.877802      9.72581  110.63098    0.00414    6
   3    2  -10   0.936759    -5.860362    -7.675780       9.6572  110.63098    0.00408    6
   3    4    8   0.936632    59.585808    27.899686      65.7941  110.65340    0.18930    6
   4    3    8   0.936632    -1.600006    -9.722215      9.85299  110.65340    0.00425    6
   3    4   -8   0.936632    -5.288151     8.476072      9.99041  110.65340    0.00436    6
   4    3   -8   0.936632    65.800112    -1.982851        65.83  110.65340    0.18951    6
   5    4   -4   0.936463    -3.609304    -9.011475      9.70741  110.68330    0.00412    6
   5    4    4   0.936463    62.121900    21.204997      65.6413  110.68330    0.18848    6
   4    5   -4   0.936463    65.617158     5.156367      65.8194  110.68330    0.18951    6
   4    5    4   0.936463    -6.788904     6.955472      9.71945  110.68330    0.00413    6
   7    2   -2   0.936421    -5.761864     8.099696      9.94003  110.69077    0.00432    6
   7    2    2   0.936421    63.077825    17.998899      65.5955  110.69077    0.18823    6
   2    7   -2   0.936421    65.183899     8.503485      65.7362  110.69077    0.18904    6
   2    7    2   0.936421    -2.216353    -9.572762      9.82599  110.69077    0.00422    6
   0    3  -11   0.933454     6.262956     7.791057      9.99626  111.21946    0.00220    3
   0    3   11   0.933454     8.009665    -4.819041      9.34761  111.21946    0.00192    3
   3    0  -11   0.933454     5.679885     7.513432      9.41875  111.21946    0.00195    3
   3    0   11   0.933454     8.680703    -4.876827      9.95681  111.21946    0.00218    3
   7    1    5   0.933120     7.241604    -7.092147       10.136  111.27948    0.00452    6
   1    7   -5   0.933120     4.092496     9.362978      10.2183  111.27948    0.00460    6
   1    7    5   0.933120     7.299484    -7.044363      10.1442  111.27948    0.00453    6
   7    1   -5   0.933120     4.147290     9.353309      10.2315  111.27948    0.00461    6
   2    6   -6   0.929818    -4.610983    -8.691155      9.83856  111.87684    0.00429    6
   2    6    6   0.929818    -2.191627    -9.538614      9.78715  111.87684    0.00425    6
   6    2   -6   0.929818    -5.736152     8.009142      9.85139  111.87684    0.00430    6
   6    2    6   0.929818    -7.650797     6.248005      9.87787  111.87684    0.00433    6
   1    4  -10   0.923461    -5.500309     8.498624      10.1232  113.05258    0.00461    6
   1    4   10   0.923461    -1.585272    -9.371393      9.50453  113.05258    0.00406    6
   4    1  -10   0.923461    -5.007764     8.121609       9.5414  113.05258    0.00409    6
   4    1   10   0.923461    -1.765357    -9.805653       9.9633  113.05258    0.00446    6
   5    2    8   0.923340    -7.418638     5.526313      9.25075  113.07538    0.00385    6
   2    5   -8   0.923340    -4.711624    -7.908284      9.20545  113.07538    0.00381    6
   2    5    8   0.923340    -7.840750     5.600583      9.63555  113.07538    0.00418    6
   5    2   -8   0.923340    -4.985978    -8.117606      9.52657  113.07538    0.00408    6
   3    6    4   0.923178    -2.397212    -9.263723      9.56887  113.10579    0.00412    6
   6    3   -4   0.923178    -5.821417     7.734877      9.68076  113.10579    0.00422    6
   6    3    4   0.923178    -1.946521    -9.333470      9.53429  113.10579    0.00409    6
   3    6   -4   0.923178    -5.467353     8.012443      9.70006  113.10579    0.00423    6
   1    5   -9   0.920161     5.134069     7.963220      9.47478  113.67674    0.00407    6
   1    5    9   0.920161     1.291981     9.462583      9.55038  113.67674    0.00413    6
   5    1   -9   0.920161     4.799936    -8.223322      9.52168  113.67674    0.00411    6
   5    1    9   0.920161     7.757318    -5.461756      9.48719  113.67674    0.00408    6
   7    2   -3   0.919921     3.567840     9.248033       9.9124  113.72256    0.00446    6
   7    2    3   0.919921     1.845754     9.748543      9.92174  113.72256    0.00447    6
   2    7   -3   0.919921     5.331944    -8.275220      9.84423  113.72256    0.00440    6
   2    7    3   0.919921     6.737039    -7.148599      9.82294  113.72256    0.00438    6
   0    0  -12   0.917167    77.753149    -9.243011      78.3006  114.25147    0.04668    1
   0    0   12   0.917167    66.805323    41.073632      78.4219  114.25147    0.04682    1
   8    0    4   0.916744    -7.466815     6.738676       10.058  114.33331    0.00231    3
   0    8   -4   0.916744    -4.164793    -9.075697      9.98568  114.33331    0.00228    3
   0    8    4   0.916744    73.847325    25.121643      78.0034  114.33331    0.13912    3
   8    0   -4   0.916744    77.532798     8.127781      77.9577  114.33331    0.13896    3
   2    2  -11   0.913920     6.086676     7.593690        9.732  114.88404    0.00436    6
   2    2   11   0.913920     8.456858    -4.682222      9.66652  114.88404    0.00431    6
   4    4   -7   0.913685     4.692242    -8.623361      9.81731  114.93030    0.00444    6
   4    4    7   0.913685     1.101867     9.834833      9.89637  114.93030    0.00452    6
   0    1  -12   0.910857    -6.150166    -6.621788      9.03729  115.49017    0.00190    3
   0    1   12   0.910857    -1.417482    -9.465921      9.57146  115.49017    0.00213    3
   1    0  -12   0.910857    -5.008674     8.182377      9.59365  115.49017    0.00214    3
   1    0   12   0.910857    -8.355923     3.727524      9.14964  115.49017    0.00195    3
   8    1    0   0.910391    -5.991030     7.235555      9.39392  115.58317    0.00411    6
   1    8    0   0.910391    -2.714389    -8.962952      9.36496  115.58317    0.00408    6
   1    3  -11   0.907676   -68.521723     6.474777       68.827  116.12922    0.22217    6
   1    3   11   0.907676     0.998582     9.242585      9.29637  116.12922    0.00405    6
   3    1  -11   0.907676     4.461031    -8.084459      9.23359  116.12922    0.00400    6
   3    1   11   0.907676   -59.589362   -34.414259       68.813  116.12922    0.22208    6
   7    0    7   0.907446   -21.180600    -5.434030      21.8666  116.17596    0.01122    3
   7    0   -7   0.907446     4.687770     8.579780       9.7769  116.17596    0.00224    3
   5    3    7   0.907446     7.623993    -6.287857      9.88243  116.17596    0.00458    6
   0    7   -7   0.907446   -21.506818     0.093457       21.507  116.17596    0.01085    3
   0    7    7   0.907446     7.510948    -6.090152      9.66976  116.17596    0.00219    3
   3    5   -7   0.907446     4.697839     8.725679      9.90995  116.17596    0.00461    6
   3    5    7   0.907446   -62.806758   -27.535505      68.5776  116.17596    0.22071    6
   5    3   -7   0.907446   -68.604686    -1.110224      68.6137  116.17596    0.22095    6
   5    4   -5   0.907369   -68.323723    -4.228345      68.4544  116.19155    0.21997    6
   5    4    5   0.907369     1.327636     9.912843      10.0014  116.19155    0.00470    6
   4    5   -5   0.907369     4.946855    -8.558001      9.88487  116.19155    0.00459    6
   4    5    5   0.907369   -63.853809   -24.611690      68.4328  116.19155    0.21983    6
   8    1   -1   0.907292     3.007068     9.879986      10.3275  116.20714    0.00501    6
   8    1    1   0.907292   -66.161767   -17.396786      68.4107  116.20714    0.21974    6
   1    8   -1   0.907292   -67.447296   -11.746087      68.4625  116.20714    0.22008    6
   1    8    1   0.907292     6.484143    -7.876132      10.2018  116.20714    0.00489    6
   1    1  -12   0.898617    38.793558    -5.965178      39.2495  118.00731    0.07436    6
   1    1   12   0.898617    34.136570    19.495296      39.3112  118.00731    0.07459    6
   5    0   10   0.898481    -7.537024     4.849522       8.9624  118.03635    0.00194    3
   0    5  -10   0.898481    -5.057805    -7.394515      8.95881  118.03635    0.00194    3
   0    5   10   0.898481    26.877945    12.224356      29.5273  118.03635    0.02105    3
   5    0  -10   0.898481    29.214827    -3.342311      29.4054  118.03635    0.02088    3
   1    6   -8   0.898369    14.748113    -1.348147      14.8096  118.06012    0.01059    6
   1    6    8   0.898369    -1.577704    -9.266233      9.39959  118.06012    0.00427    6
   6    1   -8   0.898369    -5.061033     7.965160      9.43705  118.06012    0.00430    6
   6    1    8   0.898369    14.911243     3.161118      15.2426  118.06012    0.01122    6
   7    1   -6   0.898282    39.023000     0.515459      39.0264  118.07862    0.07360    6
   7    1    6   0.898282    14.984305     2.267662      15.1549  118.07862    0.01110    6
   1    7   -6   0.898282    14.656035    -0.482806       14.664  118.07862    0.01039    6
   1    7    6   0.898282    36.636316    13.469544      39.0339  118.07862    0.07362    6
   7    2   -4   0.898220    38.817882     3.499390      38.9753  118.09183    0.07342    6
   7    2    4   0.898220    -6.912465     6.733561      9.65003  118.09183    0.00450    6
   2    7   -4   0.898220    -3.673621    -8.852768      9.58473  118.09183    0.00444    6
   2    7    4   0.898220    37.611553    10.638455      39.0872  118.09183    0.07384    6
   8    1   -2   0.898182    38.737181     4.242419      38.9688  118.09975    0.07340    6
   8    1    2   0.898182    -2.149655    -8.957279      9.21162  118.09975    0.00410    6
   1    8   -2   0.898182    -5.549960     7.491957       9.3237  118.09975    0.00420    6
   1    8    2   0.898182    37.644399     9.869987      38.9168  118.09975    0.07321    6
   5    5    0   0.898170    28.871392     4.536929      29.2257  118.10240    0.04129    6
   6    3   -5   0.895268     4.124668     9.096169      9.98765  118.72469    0.00487    6
   6    3    5   0.895268     7.295630    -6.739272      9.93197  118.72469    0.00482    6
   3    6   -5   0.895268     4.167701     9.048879      9.96253  118.72469    0.00485    6
   3    6    5   0.895268     7.285871    -6.798213      9.96492  118.72469    0.00485    6
   5    5   -1   0.895194     6.075311    -7.964574      10.0172  118.74064    0.00490    6
   5    5    1   0.895194     2.474289     9.821781      10.1286  118.74064    0.00501    6
   0    2  -12   0.892680    -4.416926     7.767708      8.93569  119.28789    0.00197    3
   0    2   12   0.892680    -8.147276     4.037644      9.09289  119.28789    0.00204    3
   2    0  -12   0.892680    -5.835844    -6.836473      8.98857  119.28789    0.00199    3
   2    0   12   0.892680    -1.062241    -8.785470      8.84945  119.28789    0.00193    3
   4    6    0   0.892241    -6.898036     7.658773      10.3073  119.38415    0.00524    6
   6    4    0   0.892241    -3.321851    -9.722233      10.2741  119.38415    0.00521    6
   0    4  -11   0.889686     4.739882    -8.622312      9.83925  119.94967    0.00241    3
   0    4   11   0.889686   -19.610682    -8.886703      21.5303  119.94967    0.01155    3
   4    0  -11   0.889686   -21.240243     3.542369      21.5336  119.94967    0.01155    3
   4    0   11   0.889686     0.988528     9.933100      9.98217  119.94967    0.00248    3
   6    0    9   0.889565    -8.562557    -0.733385      8.59391  119.97658    0.00184    3
   0    6   -9   0.889565    -7.825463     2.013143      8.08026  119.97658    0.00163    3
   0    6    9   0.889565   -20.096727    -7.640265         21.5  119.97658    0.01152    3
   6    0   -9   0.889565   -21.377939     2.232986      21.4942  119.97658    0.01152    3
   6    2    7   0.889469    -8.675328    -0.036398       8.6754  119.99811    0.00375    6
   2    6   -7   0.889469    -7.925904     1.358931      8.04156  119.99811    0.00323    6
   2    6    7   0.889469     7.228922    -6.244286       9.5524  119.99811    0.00455    6
   6    2   -7   0.889469     4.321089     8.553665      9.58316  119.99811    0.00458    6
   8    0   -5   0.889396     4.828197    -8.061548      9.39681  120.01426    0.00220    3
   8    0    5   0.889396    -8.722866     0.685959       8.7498  120.01426    0.00191    3
   0    8   -5   0.889396    -7.963765     0.683428      7.99304  120.01426    0.00159    3
   0    8    5   0.889396     1.343161     9.325154      9.42139  120.01426    0.00221    3
   4    6   -1   0.889324     2.469099     8.920854      9.25625  120.03041    0.00428    6
   4    6    1   0.889324   -20.960520    -3.400840      21.2346  120.03041    0.02250    6
   6    4   -1   0.889324   -21.134134    -2.077860       21.236  120.03041    0.02251    6
   6    4    1   0.889324     5.700521    -7.278858      9.24542  120.03041    0.00427    6
   3    3   10   0.886727    -1.405224    -9.556607      9.65937  120.61453    0.00470    6
   3    3  -10   0.886727    -5.094564     8.301356      9.73997  120.61453    0.00478    6
   5    5   -2   0.886441    -3.059343    -8.857151      9.37063  120.67955    0.00443    6
   5    5    2   0.886441    -6.263720     7.016318      9.40547  120.67955    0.00446    6
   3    4    9   0.883804     1.029950     9.775364      9.82947  121.28262    0.00493    6
   4    3    9   0.883804     7.717568    -5.428474      9.43553  121.28262    0.00454    6
   3    4   -9   0.883804     5.077631     8.001749      9.47683  121.28262    0.00458    6
   4    3   -9   0.883804     4.751368    -8.547733      9.77953  121.28262    0.00488    6
   8    1   -3   0.883591     5.614042    -8.139472      9.88779  121.33173    0.00499    6
   8    1    3   0.883591     6.920816    -7.420521       10.147  121.33173    0.00526    6
   1    8   -3   0.883591     3.534940     9.573360      10.2051  121.33173    0.00532    6
   1    8    3   0.883591     1.979006     9.719724      9.91915  121.33173    0.00502    6
   2    4   10   0.881021    64.216872    35.452649      73.3532  121.92938    0.27772    6
   4    2   10   0.881021    -7.760676     4.831893      9.14195  121.92938    0.00431    6
   2    4  -10   0.881021    -5.196533    -7.484011      9.11122  121.92938    0.00428    6
   4    2  -10   0.881021    73.201695    -4.250402       73.325  121.92938    0.27751    6
   4    6   -2   0.880740    72.115343    11.892385      73.0893  121.99532    0.27606    6
   4    6    2   0.880740    -2.858711    -9.675877      10.0893  121.99532    0.00526    6
   6    4   -2   0.880740    -6.499865     7.802223      10.1549  121.99532    0.00533    6
   6    4    2   0.880740    70.120924    20.388667      73.0249  121.99532    0.27558    6
   1    2  -12   0.875550    -6.082362    -6.925359      9.21714  123.23266    0.00449    6
   1    2   12   0.875550    -1.257103    -9.101632      9.18804  123.23266    0.00446    6
   2    1  -12   0.875550    -4.750876     7.930124      9.24433  123.23266    0.00452    6
   2    1   12   0.875550    -8.387208     3.913100      9.25514  123.23266    0.00453    6
   5    4    6   0.875240    -7.077235     6.024835       9.2944  123.30793    0.00458    6
   4    5   -6   0.875240    -4.072300    -8.339935      9.28106  123.30793    0.00456    6
   4    5    6   0.875240    -1.489213    -9.275803      9.39459  123.30793    0.00467    6
   5    4   -6   0.875240    -5.147879     8.034907      9.54256  123.30793    0.00482    6
   7    3    0   0.875136    -5.937532     7.177397        9.315  123.33304    0.00460    6
   3    7    0   0.875136    -2.644233    -8.868596       9.2544  123.33304    0.00454    6
   2    3   11   0.872724   -54.844972   -32.124939      63.5609  123.92319    0.21651    6
   3    2   11   0.872724     0.809205     9.676154      9.70993  123.92319    0.00505    6
   2    3  -11   0.872724     4.544666    -8.478461      9.61968  123.92319    0.00496    6
   3    2  -11   0.872724   -63.371963     5.521486       63.612  123.92319    0.21686    6
   5    2   -9   0.872610   -63.499342     2.111292      63.5344  123.95129    0.21645    6
   5    2    9   0.872610   -22.782262    -8.660382      24.3728  123.95129    0.03185    6
   2    5   -9   0.872610   -24.120825     1.470483      24.1656  123.95129    0.03131    6
   2    5    9   0.872610   -56.396315   -29.068404       63.447  123.95129    0.21585    6
   7    2    5   0.872451   -23.636285    -5.715182      24.3174  123.99064    0.03173    6
   2    7   -5   0.872451   -23.990431    -1.553503      24.0407  123.99064    0.03101    6
   2    7    5   0.872451     1.831109     9.453169      9.62888  123.99064    0.00498    6
   7    2   -5   0.872451     5.329068    -7.882974      9.51526  123.99064    0.00486    6
   5    5   -3   0.872405   -62.668069    -8.298914      63.2152  124.00188    0.21449    6
   5    5    3   0.872405   -60.187673   -19.389634      63.2338  124.00188    0.21461    6
   7    3   -1   0.872383     3.003773     9.619680      10.0777  124.00751    0.00545    6
   7    3    1   0.872383   -61.131862   -16.100043      63.2164  124.00751    0.21452    6
   3    7   -1   0.872383   -62.155355   -11.674903      63.2423  124.00751    0.21470    6
   3    7    1   0.872383     6.522054    -7.581785       10.001  124.00751    0.00537    6
   4    4   -8   0.869830    -4.818178    -7.952329      9.29808  124.64345    0.00470    6
   4    4    8   0.869830    -7.646103     5.347138      9.33032  124.64345    0.00473    6
   6    4   -3   0.866970     3.028149     8.740210      9.24992  125.36858    0.00472    6
   6    4    3   0.866970     1.435152     9.179867      9.29137  125.36858    0.00476    6
   4    6   -3   0.866970     4.864650    -7.845401       9.2312  125.36858    0.00470    6
   4    6    3   0.866970     6.199874    -6.887557      9.26698  125.36858    0.00474    6
   0    3  -12   0.864663    49.570053    -6.353795      49.9756  125.96338    0.06971    3
   0    3   12   0.864663    26.337587    14.439839      30.0363  125.96338    0.02518    3
   3    0  -12   0.864663    29.612137    -4.685919      29.9806  125.96338    0.02509    3
   3    0   12   0.864663    42.631664    26.043856      49.9574  125.96338    0.06966    3
   5    1   10   0.864541    17.764317     6.623989      18.9591  125.99507    0.02008    6
   1    5  -10   0.864541    18.638205    -2.274101      18.7764  125.99507    0.01969    6
   1    5   10   0.864541    -8.013812     4.713841      9.29739  125.99507    0.00483    6
   5    1  -10   0.864541    -5.438148    -7.456741      9.22911  125.99507    0.00476    6
   0    7   -8   0.864442    -4.979113     7.620557      9.10299  126.02100    0.00232    3
   0    7    8   0.864442    27.709722    11.137030      29.8641  126.02100    0.02492    3
   7    0   -8   0.864442    29.738222    -1.114655      29.7591  126.02100    0.02475    3
   7    0    8   0.864442    -1.590000    -8.913793      9.05449  126.02100    0.00229    3
   3    5   -8   0.864442    18.585972    -1.197196      18.6245  126.02100    0.01939    6
   3    5    8   0.864442    -1.331305    -9.227419      9.32296  126.02100    0.00486    6
   5    3   -8   0.864442    -4.962688     7.983529      9.40027  126.02100    0.00494    6
   5    3    8   0.864442    18.005280     5.570976      18.8474  126.02100    0.01985    6
   6    3    6   0.864364    18.381360     4.251251      18.8666  126.04118    0.01990    6
   3    6   -6   0.864364    18.565187     0.156913      18.5658  126.04118    0.01927    6
   3    6    6   0.864364    45.954011    18.729602      49.6243  126.04118    0.13769    6
   6    3   -6   0.864364    49.673198     1.681921      49.7017  126.04118    0.13812    6
   8    1   -4   0.864309    -3.689377    -8.536542      9.29968  126.05559    0.00484    6
   8    1    4   0.864309    18.531663     3.204684      18.8067  126.05559    0.01978    6
   1    8   -4   0.864309    18.423639     1.189485       18.462  126.05559    0.01906    6
   1    8    4   0.864309    -6.821977     6.431048      9.37538  126.05559    0.00492    6
   3    7   -2   0.864276    -5.547302     7.404855      9.25227  126.06424    0.00479    6
   3    7    2   0.864276    28.861984     6.800754      29.6524  126.06424    0.04918    6
   7    3   -2   0.864276    29.491587     3.334425      29.6795  126.06424    0.04927    6
   7    3    2   0.864276    -2.150743    -8.891344      9.14777  126.06424    0.00468    6
   9    0    0   0.864264    48.260980    11.088122      49.5184  126.06713    0.06859    3
   0    9    0   0.864264    48.711910     9.637030       49.656  126.06713    0.06897    3
   1    4  -11   0.861941     5.477092     7.327985      9.14866  126.67741    0.00474    6
   1    4   11   0.861941     8.078812    -4.692461      9.34272  126.67741    0.00495    6
   4    1  -11   0.861941     5.580114     7.560754      9.39695  126.67741    0.00500    6
   4    1   11   0.861941     7.898640    -4.638518      9.15993  126.67741    0.00475    6
   7    1   -7   0.861744     4.881638    -8.160025      9.50875  126.72974    0.00513    6
   7    1    7   0.861744     1.462736     9.274824      9.38946  126.72974    0.00500    6
   1    7   -7   0.861744     4.955516    -7.877479      9.30655  126.72974    0.00491    6
   1    7    7   0.861744     1.249467     9.490227      9.57213  126.72974    0.00520    6
   9    0   -1   0.861612     6.023886    -7.419939      9.55734  126.76465    0.00259    3
   9    0    1   0.861612     2.240097     9.355626      9.62007  126.76465    0.00263    3
   0    9   -1   0.861612     5.646085    -7.690250      9.54035  126.76465    0.00258    3
   0    9    1   0.861612     2.645192     9.228061       9.5997  126.76465    0.00262    3
   8    0   -6   0.859076    -4.540540    -8.534682      9.66733  127.44362    0.00269    3
   8    0    6   0.859076    -1.880104    -9.296538      9.48475  127.44362    0.00259    3
   0    8   -6   0.859076    -5.457268     7.760692      9.48737  127.44362    0.00259    3
   0    8    6   0.859076    -7.616111     6.002358      9.69708  127.44362    0.00271    3
   5    5   -4   0.853831    -5.352910     7.579250      9.27894  128.88784    0.00512    6
   5    5    4   0.853831    -1.862569    -8.958501      9.15008  128.88784    0.00497    6
   9    0   -2   0.853799    -3.206782    -8.962422      9.51885  128.89683    0.00269    3
   9    0    2   0.853799    -6.436224     7.015109      9.52033  128.89683    0.00269    3
   0    9   -2   0.853799    -2.987695    -8.982339      9.46619  128.89683    0.00266    3
   0    9    2   0.853799    -6.626738     6.983783       9.6274  128.89683    0.00275    3
   6    1    9   0.851442     1.040473     8.920997      8.98147  129.56430    0.00487    6
   6    1   -9   0.851442     4.958540     8.123080      9.51691  129.56430    0.00546    6
   1    6   -9   0.851442     4.427441    -7.697853      8.88027  129.56430    0.00476    6
   1    6    9   0.851442     7.730961    -5.443570      9.45517  129.56430    0.00539    6
   7    3   -3   0.851252     5.602156    -7.951364      9.72668  129.61875    0.00571    6
   7    3    3   0.851252     6.874443    -7.096485      9.88019  129.61875    0.00590    6
   3    7   -3   0.851252     3.473024     9.289782      9.91776  129.61875    0.00594    6
   3    7    3   0.851252     1.952700     9.611900      9.80824  129.61875    0.00581    6
   2    2  -12   0.849068    62.929981    -6.762210      63.2923  130.24895    0.24543    6
   2    2   12   0.849068    53.608048    33.659510      63.2992  130.24895    0.24548    6
   2    6   -8   0.848859    -5.033147     7.624696      9.13611  130.31006    0.00512    6
   2    6    8   0.848859    56.662440    27.549708      63.0049  130.31006    0.24354    6
   6    2   -8   0.848859    63.003479     0.086856      63.0035  130.31006    0.24353    6
   6    2    8   0.848859    -1.549803    -8.959124      9.09218  130.31006    0.00507    6
   4    6   -4   0.848733    -3.856707    -8.940926      9.73727  130.34675    0.00582    6
   4    6    4   0.848733    59.286650    20.970011       62.886  130.34675    0.24283    6
   6    4   -4   0.848733    62.533154     7.146235      62.9402  130.34675    0.24325    6
   6    4    4   0.848733    -7.162618     6.578868      9.72546  130.34675    0.00581    6
   8    2    0   0.848691    61.144191    14.449232      62.8283  130.35899    0.24245    6
   2    8    0   0.848691    61.341409    13.840411      62.8834  130.35899    0.24288    6
   0    0  -13   0.846615     4.707592    -8.133308      9.39745  130.96992    0.00092    1
   0    0   13   0.846615     1.019242     9.383821      9.43901  130.96992    0.00093    1
   8    2   -1   0.846179     5.400849    -7.384696      9.14893  131.09971    0.00523    6
   8    2    1   0.846179     1.901825     8.980909      9.18007  131.09971    0.00527    6
   2    8   -1   0.846179     5.248112    -7.494991      9.14973  131.09971    0.00523    6
   2    8    1   0.846179     2.059360     8.919213      9.15387  131.09971    0.00524    6
   1    3  -12   0.844055    -4.838474     8.085572       9.4227  131.73789    0.00563    6
   1    3   12   0.844055    -8.158328     3.966528      9.07148  131.73789    0.00522    6
   3    1  -12   0.844055    -5.834765    -6.906959       9.0416  131.73789    0.00519    6
   3    1   12   0.844055    -1.115909    -9.276645      9.34352  131.73789    0.00554    6
   7    2   -6   0.843776    -3.977989    -8.387640      9.28315  131.82229    0.00548    6
   7    2    6   0.843776    -1.752220    -9.026856      9.19535  131.82229    0.00537    6
   2    7   -6   0.843776    -5.271772     7.574290       9.2283  131.82229    0.00541    6
   2    7    6   0.843776    -7.084509     6.086040      9.33971  131.82229    0.00554    6
   0    1  -13   0.841645   -43.059140     6.181828      43.5006  132.47564    0.06108    3
   0    1   13   0.841645     8.064945    -3.974827      8.99125  132.47564    0.00261    3
   1    0  -13   0.841645     5.866220     6.899051      9.05591  132.47564    0.00265    3
   1    0   13   0.841645   -36.672475   -23.295644       43.446  132.47564    0.06092    3
   5    0   11   0.841522   -22.986296   -11.192339      25.5663  132.51358    0.02112    3
   0    5  -11   0.841522   -25.266985     2.885264      25.4312  132.51358    0.02089    3
   0    5   11   0.841522     0.818974     8.792369      8.83043  132.51358    0.00252    3
   5    0  -11   0.841522     4.267412    -7.668547      8.77596  132.51358    0.00249    3
   4    5   -7   0.841338   -25.311964    -0.193874      25.3127  132.57053    0.04146    6
   4    5    7   0.841338     7.438729    -5.847528      9.46194  132.57053    0.00579    6
   5    4   -7   0.841338     4.537203     8.344506      9.49826  132.57053    0.00584    6
   5    4    7   0.841338   -24.105689    -8.287744      25.4906  132.57053    0.04204    6
   8    1   -5   0.841277   -42.872940    -3.529752       43.018  132.58952    0.11979    6
   8    1    5   0.841277     1.820874     9.458081      9.63176  132.58952    0.00601    6
   1    8   -5   0.841277     5.413896    -7.877604       9.5586  132.58952    0.00591    6
   1    8    5   0.841277   -40.543643   -14.440244      43.0384  132.58952    0.11990    6
   9    0   -3   0.841236   -42.721883    -5.089353       43.024  132.60219    0.05993    3
   9    0    3   0.841236   -24.886921    -5.271203       25.439  132.60219    0.02095    3
   0    9   -3   0.841236   -25.011218    -3.262685      25.2231  132.60219    0.02060    3
   0    9    3   0.841236   -40.930414   -12.911469      42.9186  132.60219    0.05964    3
   6    0   10   0.839017    -1.230637    -8.639647      8.72685  133.29741    0.00251    3
   6    0  -10   0.839017    -4.653313     7.828749      9.10728  133.29741    0.00273    3
   0    6  -10   0.839017    -4.615344     7.505925      8.81137  133.29741    0.00256    3
   0    6   10   0.839017    -1.127948    -9.004442      9.07481  133.29741    0.00271    3
   8    2   -2   0.838774    -3.496560    -9.084086      9.73378  133.37433    0.00625    6
   8    2    2   0.838774    -6.826335     6.941193      9.73545  133.37433    0.00625    6
   2    8   -2   0.838774    -3.338775    -9.127243      9.71874  133.37433    0.00623    6
   2    8    2   0.838774    -6.945775     6.873876       9.7721  133.37433    0.00630    6
   3    4  -10   0.834179    19.004199    -2.132427      19.1235  134.86183    0.02504    6
   3    4   10   0.834179    -7.580880     4.581221      8.85761  134.86183    0.00537    6
   4    3  -10   0.834179    -5.025605    -7.228355      8.80374  134.86183    0.00531    6
   4    3   10   0.834179    17.866023     7.264989      19.2866  134.86183    0.02547    6
   7    3   -4   0.833970    -3.413338    -8.377684      9.04635  134.93093    0.00561    6
   7    3    4   0.833970    18.752953     3.935494      19.1615  134.93093    0.02519    6
   3    7   -4   0.833970    18.922003     1.260167      18.9639  134.93093    0.02467    6
   3    7    4   0.833970    -6.543538     6.304899      9.08678  134.93093    0.00566    6
   1    1  -13   0.831961     4.120400    -7.842373      8.85892  135.60262    0.00548    6
   1    1   13   0.831961     0.606449     8.867254      8.88797  135.60262    0.00551    6
   3    3   11   0.831842     7.752533    -4.593563      9.01125  135.64262    0.00567    6
   3    3  -11   0.831842     5.280970     7.329807      9.03409  135.64262    0.00570    6
   6    3    7   0.831665     1.379943     9.176543      9.27972  135.70266    0.00603    6
   3    6   -7   0.831665     4.890020    -7.767256      9.17838  135.70266    0.00589    6
   3    6    7   0.831665     1.015565     9.410426      9.46507  135.70266    0.00627    6
   6    3   -7   0.831665     4.700473    -8.153257      9.41117  135.70266    0.00620    6
   5    5   -5   0.831605     3.975933     8.768958      9.62822  135.72269    0.00649    6
   5    5    5   0.831605     7.169039    -6.407825      9.61537  135.72269    0.00647    6
   0    4  -12   0.829530    -5.323167    -6.799466      8.63533  136.43275    0.00266    3
   0    4   12   0.829530    -0.853278    -8.760083      8.80154  136.43275    0.00276    3
   4    0  -12   0.829530    -4.316918     7.747445      8.86897  136.43275    0.00280    3
   4    0   12   0.829530    -7.675446     4.022825      8.66577  136.43275    0.00268    3
   0    2  -13   0.827242     6.114306     6.831204      9.16788  137.23280    0.00306    3
   0    2   13   0.827242   -19.941387   -11.442167      22.9909  137.23280    0.01925    3
   2    0  -13   0.827242   -22.609952     4.332984      23.0214  137.23280    0.01930    3
   2    0   13   0.827242     8.284376    -3.752115      9.09446  137.23280    0.00301    3
   2    4   11   0.827126     0.715592     9.247341      9.27499  137.27401    0.00627    6
   4    2   11   0.827126   -14.012988    -5.730601      15.1395  137.27401    0.01671    6
   2    4  -11   0.827126   -14.797643     2.565133      15.0183  137.27401    0.01645    6
   4    2  -11   0.827126     4.432717    -8.089973      9.22478  137.27401    0.00621    6
   4    4    9   0.827029   -14.347668    -4.805379       15.131  137.30837    0.01671    6
   4    4   -9   0.827029   -14.900072     1.609797      14.9868  137.30837    0.01639    6
   8    0   -7   0.826951   -22.723195     0.491794      22.7285  137.33588    0.01887    3
   8    0    7   0.826951     7.072940    -5.833353      9.16812  137.33588    0.00307    3
   0    8   -7   0.826951     4.155804     8.233950      9.22327  137.33588    0.00311    3
   0    8    7   0.826951   -21.341255    -7.870651      22.7463  137.33588    0.01890    3
   4    6   -5   0.826893   -14.811610    -0.086933      14.8119  137.35652    0.01603    6
   4    6    5   0.826893     1.124230     9.085191      9.15448  137.35652    0.00613    6
   6    4   -5   0.826893     4.651115    -7.825872      9.10369  137.35652    0.00606    6
   6    4    5   0.826893   -14.696946    -3.122636       15.025  137.35652    0.01650    6
   2    8   -3   0.826854   -14.758705    -1.048071      14.7959  137.37029    0.01601    6
   2    8    3   0.826854   -21.954780    -5.586569      22.6544  137.37029    0.03752    6
   8    2   -3   0.826854   -22.603269    -1.859827      22.6797  137.37029    0.03761    6
   8    2    3   0.826854   -14.874776    -2.153830      15.0299  137.37029    0.01652    6
   2    5  -10   0.824747    -4.523060     7.407484      8.67922  138.12711    0.00562    6
   2    5   10   0.824747    -0.878609    -9.204494      9.24633  138.12711    0.00638    6
   5    2   10   0.824747    -1.137275    -8.547189      8.62252  138.12711    0.00555    6
   5    2  -10   0.824747    -4.612082     8.080138      9.30376  138.12711    0.00646    6
   7    1    8   0.824660    -7.506529     5.262343      9.16735  138.15855    0.00628    6
   1    7   -8   0.824660    -4.649950    -7.855298       9.1284  138.15855    0.00622    6
   1    7    8   0.824660    -7.342685     5.247369      9.02496  138.15855    0.00608    6
   7    1   -8   0.824660    -4.523887    -7.763157      8.98511  138.15855    0.00603    6
   9    0    4   0.824545    -1.929504    -9.050861      9.25425  138.20050    0.00320    3
   0    9   -4   0.824545    -5.522005     7.449684       9.2731  138.20050    0.00322    3
   0    9    4   0.824545    -1.569757    -9.161731      9.29524  138.20050    0.00323    3
   9    0   -4   0.824545    -5.207609     7.773052      9.35626  138.20050    0.00327    3
   5    3    9   0.822393     0.972080     8.921731      8.97453  138.99285    0.00616    6
   7    0    9   0.822393     7.803103    -5.219696      9.38795  138.99285    0.00337    3
   3    5   -9   0.822393     4.445442    -7.712725      8.90214  138.99285    0.00606    6
   3    5    9   0.822393     7.542786    -5.264916      9.19853  138.99285    0.00647    6
   5    3   -9   0.822393     4.806425     7.893876      9.24202  138.99285    0.00653    6
   0    7   -9   0.822393     5.008456     7.992375        9.432  138.99285    0.00340    3
   0    7    9   0.822393     1.043872     8.937058      8.99782  138.99285    0.00309    3
   7    0   -9   0.822393     4.556539    -7.676985      8.92738  138.99285    0.00305    3
   2    3  -12   0.815731    -5.324990    -6.691583      8.55177  141.57367    0.00602    6
   2    3   12   0.815731    -0.853959    -9.161118      9.20083  141.57367    0.00697    6
   3    2  -12   0.815731    -4.593737     8.040576      9.26031  141.57367    0.00706    6
   3    2   12   0.815731    -7.637440     3.909351      8.57983  141.57367    0.00606    6
   8    1    6   0.815479    -6.955330     5.659176      8.96677  141.67504    0.00664    6
   1    8   -6   0.815479    -3.960401    -7.978512      8.90738  141.67504    0.00655    6
   1    8    6   0.815479    -1.530275    -8.903236      9.03379  141.67504    0.00674    6
   8    1   -6   0.815479    -5.064323     7.534708       9.0785  141.67504    0.00680    6
   9    1    0   0.815396    -2.423129    -8.449164      8.78976  141.70889    0.00638    6
   5    6    0   0.815396    -2.601271    -8.785669      9.16267  141.70889    0.00694    6
   6    5    0   0.815396    -6.006831     6.979689      9.20859  141.70889    0.00701    6
   1    9    0   0.815396    -5.740229     6.770948      8.87671  141.70889    0.00651    6
   1    2  -13   0.813555   -46.975642     6.319495      47.3988  142.46305    0.18985    6
   1    2   13   0.813555     8.079486    -3.805873        8.931  142.46305    0.00674    6
   2    1  -13   0.813555     5.840896     6.804053      8.96723  142.46305    0.00679    6
   2    1   13   0.813555   -39.437901   -26.226119       47.362  142.46305    0.18955    6
   5    1   11   0.813444     0.595078     8.594847      8.61542  142.50899    0.00628    6
   5    1  -11   0.813444   -42.275883     3.478397      42.4187  142.50899    0.15226    6
   1    5  -11   0.813444     3.982162    -7.548612      8.53459  142.50899    0.00616    6
   1    5   11   0.813444   -36.685526   -21.233186      42.3872  142.50899    0.15203    6
   7    2    7   0.813278     7.234240    -5.759855      9.24717  142.57798    0.00725    6
   2    7   -7   0.813278     4.277391     8.253325      9.29588  142.57798    0.00733    6
   2    7    7   0.813278   -42.763676   -19.532921      47.0135  142.57798    0.18742    6
   7    2   -7   0.813278   -47.042388    -1.179979      47.0572  142.57798    0.18777    6
   3    7   -5   0.813223     5.233663    -7.718317      9.32543  142.60100    0.00738    6
   3    7    5   0.813223   -43.861781   -16.881556      46.9983  142.60100    0.18743    6
   7    3   -5   0.813223   -46.827031    -4.049179      47.0018  142.60100    0.18746    6
   7    3    5   0.813223     1.616057     9.273680      9.41344  142.60100    0.00752    6
   9    1   -1   0.813167   -45.948660    -9.749910      46.9717  142.62403    0.18735    6
   9    1    1   0.813167     6.338431    -7.233980      9.61801  142.62403    0.00786    6
   5    6   -1   0.813167   -41.494085    -7.502816      42.1669  142.62403    0.15098    6
   5    6    1   0.813167     6.134143    -6.940898      9.26303  142.62403    0.00729    6
   6    5   -1   0.813167     2.743773     8.893992       9.3076  142.62403    0.00736    6
   6    5    1   0.813167   -40.646801   -10.984093      42.1048  142.62403    0.15054    6
   1    9   -1   0.813167     2.819314     9.223005      9.64429  142.62403    0.00790    6
   1    9    1   0.813167   -45.581331   -11.371836      46.9785  142.62403    0.18740    6
   8    2    4   0.810989    -2.060462    -9.126507      9.35621  143.54500    0.00765    6
   2    8   -4   0.810989    -5.707212     7.429650      9.36867  143.54500    0.00767    6
   2    8    4   0.810989    -1.983036    -9.164492      9.37658  143.54500    0.00768    6
   8    2   -4   0.810989    -5.627093     7.524343      9.39574  143.54500    0.00771    6
   2    6   -9   0.808941     4.770104     7.819170      9.15933  144.43632    0.00753    6
   2    6    9   0.808941     0.714760     9.048595      9.07678  144.43632    0.00740    6
   6    2   -9   0.808941     4.364026    -7.925024      9.04714  144.43632    0.00735    6
   6    2    9   0.808941     7.525869    -5.161433      9.12574  144.43632    0.00748    6
   1    4  -12   0.806904    20.484397    -3.151579      20.7254  145.34953    0.03971    6
   1    4   12   0.806904    32.414701    19.892090      38.0317  145.34953    0.13373    6
   4    1  -12   0.806904    37.755996    -4.586796      38.0336  145.34953    0.13374    6
   4    1   12   0.806904    18.475070     9.556228      20.8002  145.34953    0.04000    6
   1    6  -10   0.806805    -5.107758    -7.460078      9.04113  145.39465    0.00757    6
   1    6   10   0.806805    33.317388    18.067069      37.9008  145.39465    0.13300    6
   6    1  -10   0.806805    37.812688    -2.536800      37.8977  145.39465    0.13298    6
   6    1   10   0.806805    -7.776951     4.628264      9.04996  145.39465    0.00758    6
   5    4    8   0.806724    -1.289914    -8.613139      8.70919  145.43161    0.00703    6
   4    5   -8   0.806724    -4.771350     7.331242      8.74716  145.43161    0.00709    6
   4    5    8   0.806724    19.381746     7.225307      20.6847  145.43161    0.03966    6
   5    4   -8   0.806724    20.539081    -0.656275      20.5496  145.43161    0.03915    6
   5    5   -6   0.806661    20.529479     0.432445       20.534  145.46038    0.03912    6
   5    5    6   0.806661    19.689319     6.156887      20.6295  145.46038    0.03949    6
   1    9   -2   0.806589    20.225948     2.878453      20.4297  145.49328    0.03877    6
   1    9    2   0.806589    -2.014837    -8.639794      8.87162  145.49328    0.00731    6
   9    1   -2   0.806589    -5.410940     7.054839      8.89095  145.49328    0.00734    6
   9    1    2   0.806589    20.244173     3.743999      20.5875  145.49328    0.03937    6
   5    6   -2   0.806589    -5.474184     7.227436      9.06656  145.49328    0.00764    6
   5    6    2   0.806589    36.175289    10.564946      37.6865  145.49328    0.13192    6
   6    5   -2   0.806589    37.373805     5.483331      37.7739  145.49328    0.13254    6
   6    5    2   0.806589    -1.984127    -8.760738      8.98261  145.49328    0.00749    6
   7    4    0   0.806580    36.691296     8.627657       37.692  145.49740    0.13198    6
   4    7    0   0.806580    37.022892     7.465773      37.7681  145.49740    0.13251    6
   0    3  -13   0.804798     4.129745    -7.974801      8.98066  146.32422    0.00385    3
   0    3   13   0.804798     0.410397     8.524463      8.53434  146.32422    0.00348    3
   3    0  -13   0.804798     3.869219    -7.556707      8.48968  146.32422    0.00344    3
   3    0   13   0.804798     0.447910     9.022959      9.03407  146.32422    0.00389    3
   9    0    5   0.804477     6.692174    -6.134900      9.07867  146.47586    0.00395    3
   0    9   -5   0.804477     3.635921     8.388244      9.14235  146.47586    0.00401    3
   0    9    5   0.804477     6.735661    -5.998573      9.01953  146.47586    0.00390    3
   9    0   -5   0.804477     3.681028     8.305829      9.08497  146.47586    0.00396    3
   4    7   -1   0.804423     5.523074    -7.165794      9.04726  146.50119    0.00786    6
   4    7    1   0.804423     2.284793     8.884679      9.17376  146.50119    0.00808    6
   7    4   -1   0.804423     5.706866    -7.093450      9.10414  146.50119    0.00796    6
   7    4    1   0.804423     2.088969     8.845767      9.08908  146.50119    0.00793    6
   6    4   -6   0.802358    -4.070271    -8.163434      9.12188  147.49540    0.00826    6
   6    4    6   0.802358    -1.696227    -8.899948      9.06015  147.49540    0.00815    6
   4    6   -6   0.802358    -5.296762     7.396093      9.09714  147.49540    0.00822    6
   4    6    6   0.802358    -7.132640     5.677298      9.11626  147.49540    0.00825    6
   3    6   -8   0.798184    -4.354797    -7.693723      8.84068  149.61855    0.00836    6
   3    6    8   0.798184    -7.124186     5.043049      8.72848  149.61855    0.00815    6
   6    3   -8   0.798184    -4.330624    -7.548490      8.70253  149.61855    0.00810    6
   6    3    8   0.798184    -7.224448     5.153662      8.87428  149.61855    0.00842    6
   7    4   -2   0.798054    -2.872949    -8.555350      9.02485  149.68776    0.00873    6
   7    4    2   0.798054    -6.254825     6.628511      9.11373  149.68776    0.00891    6
   4    7   -2   0.798054    -2.889388    -8.602741        9.075  149.68776    0.00883    6
   4    7    2   0.798054    -6.215234     6.594250      9.06164  149.68776    0.00880    6
   5    6    3   0.795973     1.581042     8.937586      9.07635  150.81431    0.00921    6
   6    5    3   0.795973     6.461503    -6.471156      9.14477  150.81431    0.00935    6
   9    1   -3   0.795973     3.124739     8.761880      9.30239  150.81431    0.00967    6
   9    1    3   0.795973     1.981835     9.222751      9.43328  150.81431    0.00995    6
   1    9   -3   0.795973     5.600583    -7.507311      9.36623  150.81431    0.00980    6
   1    9    3   0.795973     6.455485    -6.604569      9.23545  150.81431    0.00953    6
   5    6   -3   0.795973     3.186586     8.600600      9.17195  150.81431    0.00940    6
   6    5   -3   0.795973     5.125819    -7.429287      9.02598  150.81431    0.00910    6
   8    0    8   0.794015    56.301336    29.470655      63.5481  151.92003    0.23536    3
   0    8   -8   0.794015    63.588115     0.559300      63.5906  151.92003    0.23567    3
   0    8    8   0.794015    -1.251330    -8.824625       8.9129  151.92003    0.00463    3
   8    0   -8   0.794015    -4.846498     7.520968      8.94726  151.92003    0.00467    3
   2    2  -13   0.792178     4.180013    -7.854763      8.89774  153.00303    0.00963    6
   2    2   13   0.792178     0.477575     8.951051      8.96378  153.00303    0.00977    6
   0    6  -11   0.792076     5.350296     7.268842      9.02562  153.06472    0.00497    3
   0    6   11   0.792076     7.569733    -4.394109      8.75266  153.06472    0.00467    3
   6    0  -11   0.792076     5.065028     7.178581      8.78559  153.06472    0.00471    3
   6    0   11   0.792076     7.873465    -4.365235       9.0026  153.06472    0.00494    3
   8    2   -5   0.791871     3.300741     8.131147      8.77556  153.18848    0.00944    6
   8    2    5   0.791871     6.393425    -6.006529      8.77236  153.18848    0.00943    6
   2    8   -5   0.791871     3.375332     8.123425      8.79676  153.18848    0.00948    6
   2    8    5   0.791871     6.360262    -6.030649       8.7648  153.18848    0.00941    6
   0    5  -12   0.790079    -4.105102     7.218349        8.304  154.30195    0.00442    3
   0    5   12   0.790079    -7.831774     3.923291       8.7595  154.30195    0.00492    3
   5    0  -12   0.790079    -5.434526    -6.839551      8.73576  154.30195    0.00489    3
   5    0   12   0.790079    -0.728796    -8.206266      8.23856  154.30195    0.00435    3
   7    3   -6   0.789851    -4.822648     7.346940      8.78837  154.44748    0.00997    6
   7    3    6   0.789851    -6.698959     5.533496      8.68882  154.44748    0.00974    6
   3    7   -6   0.789851    -3.728533    -7.813244      8.65729  154.44748    0.00967    6
   3    7    6   0.789851    -1.284689    -8.627749      8.72287  154.44748    0.00982    6
   3    8    0   0.789775    -5.676075     6.696771      8.77864  154.49616    0.00997    6
   8    3    0   0.789775    -2.331471    -8.405773      8.72312  154.49616    0.00984    6
   1    3  -13   0.788101     5.471933     6.584415      8.56134  155.59457    0.00994    6
   1    3   13   0.788101   -31.892807   -21.080579      38.2301  155.59457    0.19813    6
   3    1  -13   0.788101   -37.902450     5.102988      38.2444  155.59457    0.19828    6
   3    1   13   0.788101     7.694539    -3.736144      8.55364  155.59457    0.00992    6
   3    4   11   0.788001   -22.687028   -11.941483      25.6379  155.66236    0.08937    6
   4    3   11   0.788001     0.598249     8.426653      8.44786  155.66236    0.00970    6
   3    4  -11   0.788001     4.007466    -7.375603        8.394  155.66236    0.00958    6
   4    3  -11   0.788001   -25.489274     2.360445      25.5983  155.66236    0.08910    6
   1    7   -9   0.787917   -57.836896     1.032920      57.8461  155.71898    0.45610    6
   1    7    9   0.787917   -33.874341   -17.355379      38.0615  155.71898    0.19746    6
   7    1   -9   0.787917   -38.064074     0.887508      38.0744  155.71898    0.19760    6
   7    1    9   0.787917   -50.461256   -28.108003      57.7616  155.71898    0.45477    6
   8    1    7   0.787850   -51.820803   -25.358787      57.6928  155.76437    0.45459    6
   8    1   -7   0.787850     4.058869     8.015327      8.98442  155.76437    0.01102    6
   1    8   -7   0.787850   -57.766796    -2.034003      57.8026  155.76437    0.45632    6
   1    8    7   0.787850     7.026740    -5.559737      8.96023  155.76437    0.01097    6
   4    7   -3   0.787766   -25.102393    -3.528329      25.3491  155.82122    0.08798    6
   4    7    3   0.787766   -35.963132   -11.951678      37.8971  155.82122    0.19664    6
   7    4   -3   0.787766   -37.627085    -4.897444      37.9445  155.82122    0.19714    6
   7    4    3   0.787766   -24.665625    -6.371866      25.4754  155.82122    0.08886    6
   8    3   -1   0.787749   -37.073848    -7.907534      37.9078  155.83260    0.19685    6
   8    3    1   0.787749     6.054329    -6.885940      9.16903  155.83260    0.01152    6
   3    8   -1   0.787749     2.615442     8.823910      9.20337  155.83260    0.01160    6
   3    8    1   0.787749   -36.869040    -9.028002      37.9583  155.83260    0.19738    6
   0    0  -14   0.786143    -5.655914    -6.116349      8.33061  156.95196    0.00167    1
   0    0   14   0.786143    -7.774746     3.184782      8.40176  156.95196    0.00170    1
   4    4  -10   0.785943    -4.350778     7.298406      8.49682  157.09527    0.01047    6
   4    4   10   0.785943    -0.878177    -8.426475      8.47211  157.09527    0.01041    6
   0    1  -14   0.782158    -4.022809     7.535029      8.54164  160.01647    0.00611    3
   0    1   14   0.782158    23.198365    15.619768      27.9668  160.01647    0.06549    3
   1    0  -14   0.782158    27.450678    -5.134799      27.9268  160.01647    0.06530    3
   1    0   14   0.782158    -0.472914    -8.510766       8.5239  160.01647    0.00608    3
   3    3  -12   0.782052    22.609455    -3.109641      22.8223  160.10533    0.08763    6
   3    3   12   0.782052    19.977712    11.144573       22.876  160.10533    0.08804    6
   0    7  -10   0.781961    52.984904    -2.602274      53.0488  160.18081    0.23768    3
   0    7   10   0.781961    -7.405107     4.562056      8.69758  160.18081    0.00639    3
   7    0  -10   0.781961    -4.742387    -7.243165      8.65758  160.18081    0.00633    3
   7    0   10   0.781961    45.594448    26.988786      52.9835  160.18081    0.23709    3
   3    5  -10   0.781961    -4.850812    -7.204558      8.68539  160.18081    0.01274    6
   3    5   10   0.781961    20.487031     9.980626      22.7888  160.18081    0.08772    6
   5    3   10   0.781961    -7.491273     4.445706      8.71111  160.18081    0.01282    6
   5    3  -10   0.781961    22.645883    -1.834947      22.7201  160.18081    0.08720    6
   7    2    8   0.781888    46.850603    24.526607      52.8823  160.24278    0.47393    6
   2    7   -8   0.781888    52.945832     0.178637      52.9461  160.24278    0.47508    6
   2    7    8   0.781888    -0.862113    -8.701650      8.74425  160.24278    0.01296    6
   7    2   -8   0.781888    -4.508109     7.577394      8.81703  160.24278    0.01317    6
   9    0    6   0.781830    48.009417    22.027049      52.8213  160.29111    0.23703    3
   0    9   -6   0.781830    52.799398     2.942328      52.8813  160.29111    0.23756    3
   0    9    6   0.781830    25.989182     9.745209      27.7562  160.29111    0.06545    3
   9    0   -6   0.781830    27.668078     1.339387      27.7005  160.29111    0.06519    3
   1    9   -4   0.781789    -3.195081    -7.857739      8.48249  160.32570    0.01225    6
   1    9    4   0.781789    26.249810     8.712022      27.6578  160.32570    0.13021    6
   9    1   -4   0.781789    27.559642     2.394114      27.6634  160.32570    0.13026    6
   9    1    4   0.781789    -6.255199     5.795183      8.52711  160.32570    0.01238    6
   5    6   -4   0.781789    22.501685     2.339168      22.6229  160.32570    0.08712    6
   5    6    4   0.781789    -6.436692     6.000863      8.80008  160.32570    0.01318    6
   6    5   -4   0.781789    -3.276589    -8.153261      8.78702  160.32570    0.01314    6
   6    5    4   0.781789    21.917329     6.025893      22.7306  160.32570    0.08795    6
   8    3   -2   0.781765    -5.452153     6.851390        8.756  160.34648    0.01306    6
   8    3    2   0.781765    22.187147     4.800567      22.7005  160.34648    0.08781    6
   3    8   -2   0.781765    22.290562     3.571582      22.5749  160.34648    0.08684    6
   3    8    2   0.781765    -2.041707    -8.483504      8.72573  160.34648    0.01297    6
   5    2   11   0.780036     7.787225    -4.367661      8.92846  161.87143    0.01478    6
   2    5  -11   0.780036     5.236254     7.271433      8.96059  161.87143    0.01488    6
   2    5   11   0.780036     7.400440    -4.274603      8.54627  161.87143    0.01354    6
   5    2  -11   0.780036     4.954007     7.009967      8.58381  161.87143    0.01366    6
   5    5   -7   0.779890     4.674589    -7.482745      8.82288  162.00676    0.01454    6
   5    5    7   0.779890     1.112996     8.828191      8.89807  162.00676    0.01479    6
   2    4  -12   0.778129    -3.983530     7.216142      8.24265  163.72625    0.01408    6
   2    4   12   0.778129    -7.510828     3.836654      8.43401  163.72625    0.01475    6
   4    2  -12   0.778129    -5.153881    -6.635225      8.40171  163.72625    0.01463    6
   4    2   12   0.778129    -0.584794    -8.166162      8.18707  163.72625    0.01390    6
  10    0    0   0.777838    -6.043725     6.797184      9.09551  164.02843    0.00874    3
   0   10    0   0.777838    -2.523124    -8.739803      9.09672  164.02843    0.00874    3
   4    0  -13   0.776239     5.560639     6.534360      8.58013  165.80961    0.00879    3
   4    0   13   0.776239   -15.430520    -8.666526      17.6977  165.80961    0.03738    3
   0    4  -13   0.776239   -17.357377     3.267487      17.6622  165.80961    0.03723    3
   0    4   13   0.776239     7.779679    -3.553758      8.55293  165.80961    0.00873    3
   6    4    7   0.775999     6.773478    -5.465352      8.70345  166.09773    0.01846    6
   4    6   -7   0.775999     3.875461     7.797933      8.70787  166.09773    0.01848    6
   4    6    7   0.775999   -16.549613    -5.829499      17.5463  166.09773    0.07504    6
   6    4   -7   0.775999   -17.465886     0.233012      17.4674  166.09773    0.07437    6
  10    0   -1   0.775903     2.220890     8.302644      8.59455  166.21463    0.00908    3
  10    0    1   0.775903   -17.257566    -2.890798       17.498  166.21463    0.03764    3
   0   10   -1   0.775903   -17.155457    -2.749328      17.3744  166.21463    0.03711    3
   0   10    1   0.775903     5.456387    -6.600165      8.56355  166.21463    0.00901    3
   1    1  -14   0.774367    -5.728839    -6.071923      8.34792  168.24251    0.02015    6
   1    1   14   0.774367    -7.805703     3.046107      8.37901  168.24251    0.02030    6
   4    7   -4   0.774010    -5.305978     7.054553      8.82724  168.76891    0.02361    6
   4    7    4   0.774010    -1.449327    -8.545582      8.66761  168.76891    0.02276    6
   7    4   -4   0.774010    -4.995053     7.173539      8.74129  168.76891    0.02315    6
   7    4    4   0.774010    -1.777280    -8.614781       8.7962  168.76891    0.02344    6
   5    4    9   0.772229     7.304539    -4.972338      8.83631  171.88855    0.03288    6
   4    5   -9   0.772229     4.540802     7.616134      8.86704  171.88855    0.03311    6
   4    5    9   0.772229     0.864728     8.527100      8.57083  171.88855    0.03093    6
   5    4   -9   0.772229     4.337284    -7.321616      8.50988  171.88855    0.03049    6
   8    3   -3   0.772087     2.993812     8.409137      8.92617  172.19154    0.03486    6
   8    3    3   0.772087     1.847900     8.824959      9.01635  172.19154    0.03557    6
   3    8   -3   0.772087     5.392507    -7.147337      8.95341  172.19154    0.03507    6
   3    8    3   0.772087     6.255780    -6.318593      8.89153  172.19154    0.03459    6
   0    2  -14   0.770558    41.854312    -6.388778      42.3391  177.00362    1.02530    3
   0    2   14   0.770558    -0.277616    -8.176288        8.181  177.00362    0.03828    3
   2    0  -14   0.770558    -3.724219     7.338476       8.2294  177.00362    0.03874    3
   2    0   14   0.770558    34.365029    24.777960      42.3663  177.00362    1.02662    3
   6    2   10   0.770370    46.471791    27.613711      54.0569  178.39820    6.25553    6
   2    6  -10   0.770370    54.052396    -2.159184      54.0955  178.39820    6.26448    6
   2    6   10   0.770370    -7.316634     4.341004      8.50749  178.39820    0.15494    6
   6    2  -10   0.770370    -4.729401    -7.043157      8.48371  178.39820    0.15408    6
   2    8   -6   0.770245    53.845460     3.598491      53.9656   -1.#IND0   -1.#IND0    6
   2    8    6   0.770245    38.657240    16.546530      42.0496   -1.#IND0   -1.#IND0    6
   8    2   -6   0.770245    41.956761     2.885977      42.0559   -1.#IND0   -1.#IND0    6
   8    2    6   0.770245    49.014956    22.459462      53.9156   -1.#IND0   -1.#IND0    6
  10    0    2   0.770182    -2.215639    -8.705401      8.98293   -1.#IND0   -1.#IND0    3
   0   10   -2   0.770182    -5.789503     6.888839      8.99858   -1.#IND0   -1.#IND0    3
   0   10    2   0.770182    40.276111    11.977303      42.0193   -1.#IND0   -1.#IND0    3
  10    0   -2   0.770182    41.264311     7.690342      41.9748   -1.#IND0   -1.#IND0    3
   1    5  -12   0.766705    -5.265071    -6.709764      8.52889   -1.#IND0   -1.#IND0    6
   1    5   12   0.766705    -0.540549    -8.485913      8.50311   -1.#IND0   -1.#IND0    6
   5    1  -12   0.766705    -4.125569     7.477756      8.54032   -1.#IND0   -1.#IND0    6
   5    1   12   0.766705    -7.657479     3.753147      8.52778   -1.#IND0   -1.#IND0    6
   9    2    0   0.766427    -5.693911     6.678781      8.77649   -1.#IND0   -1.#IND0    6
   2    9    0   0.766427    -2.243012    -8.447317      8.74004   -1.#IND0   -1.#IND0    6
   2    3  -13   0.764897   -24.529660     3.564565      24.7873   -1.#IND0   -1.#IND0    6
   2    3   13   0.764897     7.448692    -3.579127      8.26397   -1.#IND0   -1.#IND0    6
   3    2  -13   0.764897     5.238638     6.402806       8.2728   -1.#IND0   -1.#IND0    6
   3    2   13   0.764897   -21.103538   -13.058134      24.8168   -1.#IND0   -1.#IND0    6
   6    1  -11   0.764805     3.999021    -7.492974      8.49334   -1.#IND0   -1.#IND0    6
   6    1   11   0.764805   -41.900322   -26.434437      49.5421   -1.#IND0   -1.#IND0    6
   1    6  -11   0.764805   -49.482373     3.357367      49.5961   -1.#IND0   -1.#IND0    6
   1    6   11   0.764805     0.394998     8.515374      8.52453   -1.#IND0   -1.#IND0    6
   3    6   -9   0.764728   -49.532191     0.719941      49.5374   -1.#IND0   -1.#IND0    6
   3    6    9   0.764728   -22.362199   -10.502328      24.7056   -1.#IND0   -1.#IND0    6
   6    3   -9   0.764728   -24.651144     0.725964      24.6618   -1.#IND0   -1.#IND0    6
   6    3    9   0.764728   -43.180887   -24.124468      49.4629   -1.#IND0   -1.#IND0    6
   7    3    7   0.764667   -44.362258   -21.733513         49.4   -1.#IND0   -1.#IND0    6
   3    7   -7   0.764667   -49.432297    -1.956753       49.471   -1.#IND0   -1.#IND0    6
   3    7    7   0.764667     6.905232    -5.345739      8.73265   -1.#IND0   -1.#IND0    6
   7    3   -7   0.764667     3.982311     7.800950      8.75863   -1.#IND0   -1.#IND0    6
   9    1    5   0.764621   -45.422863   -19.320362       49.361   -1.#IND0   -1.#IND0    6
   5    6   -5   0.764621     4.949166    -7.148335      8.69442   -1.#IND0   -1.#IND0    6
   5    6    5   0.764621   -23.345145    -7.852044      24.6303   -1.#IND0   -1.#IND0    6
   6    5   -5   0.764621   -24.450398    -2.095824      24.5401   -1.#IND0   -1.#IND0    6
   6    5    5   0.764621     1.433969     8.656516      8.77448   -1.#IND0   -1.#IND0    6
   1    9   -5   0.764621   -49.241947    -4.588283      49.4552   -1.#IND0   -1.#IND0    6
   1    9    5   0.764621     1.277122     8.649002      8.74278   -1.#IND0   -1.#IND0    6
   9    1   -5   0.764621     4.852720    -7.232899      8.70998   -1.#IND0   -1.#IND0    6
   9    2   -1   0.764575     2.437849     8.301212      8.65178   -1.#IND0   -1.#IND0    6
   9    2    1   0.764575   -24.062139    -5.112712      24.5993   -1.#IND0   -1.#IND0    6
   2    9   -1   0.764575   -24.006052    -4.874839       24.496   -1.#IND0   -1.#IND0    6
   2    9    1   0.764575     5.696112    -6.451935      8.60658   -1.#IND0   -1.#IND0    6
   0    8   -9   0.761059     4.190507    -7.606501      8.68442   -1.#IND0   -1.#IND0    3
   0    8    9   0.761059     6.950087    -4.812482      8.45362   -1.#IND0   -1.#IND0    3
   8    0   -9   0.761059     4.239670     7.318592      8.45793   -1.#IND0   -1.#IND0    3
   8    0    9   0.761059     0.491148     8.677930      8.69182   -1.#IND0   -1.#IND0    3
  10    0   -3   0.760923     4.867266    -6.852896       8.4055   -1.#IND0   -1.#IND0    3
  10    0    3   0.760923     5.819616    -6.052601      8.39654   -1.#IND0   -1.#IND0    3
   0   10   -3   0.760923     2.745419     7.950599      8.41126   -1.#IND0   -1.#IND0    3
   0   10    3   0.760923     1.488837     8.271488      8.40441   -1.#IND0   -1.#IND0    3
   1    2  -14   0.759460    -3.986846     7.465755       8.4636   -1.#IND0   -1.#IND0    6
   1    2   14   0.759460    25.191673    17.674584      30.7735   -1.#IND0   -1.#IND0    6
   2    1  -14   0.759460    30.339100    -5.107994      30.7661   -1.#IND0   -1.#IND0    6
   2    1   14   0.759460    -0.361164    -8.427404      8.43514   -1.#IND0   -1.#IND0    6
   8    1    8   0.759212    -0.699194    -8.545830      8.57439   -1.#IND0   -1.#IND0    6
   8    1   -8   0.759212    30.565859    -0.079393       30.566   -1.#IND0   -1.#IND0    6
   1    8   -8   0.759212    -4.353853     7.445331      8.62491   -1.#IND0   -1.#IND0    6
   1    8    8   0.759212    27.539503    13.217230       30.547   -1.#IND0   -1.#IND0    6
   8    3   -4   0.759122    30.335801     3.101937       30.494   -1.#IND0   -1.#IND0    6
   8    3    4   0.759122    -6.139192     5.704068       8.3801   -1.#IND0   -1.#IND0    6
   3    8   -4   0.759122    -3.074324    -7.759675       8.3465   -1.#IND0   -1.#IND0    6
   3    8    4   0.759122    28.679795    10.247292      30.4555   -1.#IND0   -1.#IND0    6
   9    2   -2   0.759100    29.957290     5.423602      30.4443   -1.#IND0   -1.#IND0    6
   9    2    2   0.759100    -2.003576    -8.461233      8.69522   -1.#IND0   -1.#IND0    6
   2    9   -2   0.759100    -5.502420     6.765134       8.7203   -1.#IND0   -1.#IND0    6
   2    9    2   0.759100    29.435726     8.023832      30.5097   -1.#IND0   -1.#IND0    6
   1    4  -13   0.757606     3.560849    -7.166995      8.00284   -1.#IND0   -1.#IND0    6
   1    4   13   0.757606     0.171887     8.348319      8.35009   -1.#IND0   -1.#IND0    6
   4    1  -13   0.757606     3.752455    -7.413180       8.3088   -1.#IND0   -1.#IND0    6
   4    1   13   0.757606     0.185069     8.043470       8.0456   -1.#IND0   -1.#IND0    6
   9    0    7   0.757382     0.767537     8.542427      8.57684   -1.#IND0   -1.#IND0    3
   0    9   -7   0.757382     4.372537    -7.388662      8.58553   -1.#IND0   -1.#IND0    3
   0    9    7   0.757382     1.042173     8.418095      8.48236   -1.#IND0   -1.#IND0    3
   9    0   -7   0.757382     4.533264    -7.093224      8.41809   -1.#IND0   -1.#IND0    3
   4    7   -5   0.757338     3.341179     7.868239      8.54825   -1.#IND0   -1.#IND0    6
   4    7    5   0.757338     6.499961    -5.643124      8.60781   -1.#IND0   -1.#IND0    6
   7    4   -5   0.757338     3.470854     7.912380      8.64017   -1.#IND0   -1.#IND0    6
   7    4    5   0.757338     6.368879    -5.676435      8.53139   -1.#IND0   -1.#IND0    6
   0    3  -14   0.752322    -5.296049    -5.907791      7.93411   -1.#IND0   -1.#IND0    3
   0    3   14   0.752322    -7.608040     3.034766      8.19098   -1.#IND0   -1.#IND0    3
   3    0  -14   0.752322    -5.516238    -6.042382      8.18164   -1.#IND0   -1.#IND0    3
   3    0   14   0.752322    -7.364755     3.026844       7.9625   -1.#IND0   -1.#IND0    3
   7    1   10   0.752147    -0.524479    -8.587879      8.60388   -1.#IND0   -1.#IND0    6
   1    7  -10   0.752147    -4.251384     7.537726      8.65399   -1.#IND0   -1.#IND0    6
   1    7   10   0.752147    -0.636258    -8.283757      8.30816   -1.#IND0   -1.#IND0    6
   7    1  -10   0.752147    -4.179762     7.224831      8.34677   -1.#IND0   -1.#IND0    6
   5    5   -8   0.752081    -3.962138    -7.246278      8.25876   -1.#IND0   -1.#IND0    6
   5    5    8   0.752081    -6.749651     4.801499      8.28325   -1.#IND0   -1.#IND0    6
   7    2    9   0.750360     0.469716     8.585665       8.5985   -1.#IND0   -1.#IND0    6
   2    7   -9   0.750360     4.158548    -7.515052      8.58892   -1.#IND0   -1.#IND0    6
   2    7    9   0.750360     6.982118    -4.607030      8.36509   -1.#IND0   -1.#IND0    6
   7    2   -9   0.750360     4.339901     7.189160      8.39754   -1.#IND0   -1.#IND0    6
   9    2    3   0.750230     5.933040    -5.924267      8.38438   -1.#IND0   -1.#IND0    6
   2    9   -3   0.750230     2.839642     7.923467      8.41694   -1.#IND0   -1.#IND0    6
   2    9    3   0.750230     1.712205     8.304651      8.47932   -1.#IND0   -1.#IND0    6
   9    2   -3   0.750230     5.103975    -6.719230      8.43793   -1.#IND0   -1.#IND0    6
   6    0  -12   0.748734    38.557055    -3.570781       38.722   -1.#IND0   -1.#IND0    3
   6    0   12   0.748734    38.515751    25.798543      46.3576   -1.#IND0   -1.#IND0    3
   0    6  -12   0.748734    46.208228    -4.134427      46.3928   -1.#IND0   -1.#IND0    3
   0    6   12   0.748734    32.490244    21.067715      38.7229   -1.#IND0   -1.#IND0    3
   6    4    8   0.748590    40.890298    21.468989      46.1837   -1.#IND0   -1.#IND0    6
   4    6   -8   0.748590    46.220043     0.819208      46.2273   -1.#IND0   -1.#IND0    6
   4    6    8   0.748590    -1.020302    -8.246629      8.30951   -1.#IND0   -1.#IND0    6
   6    4   -8   0.748590    -4.528721     6.987448      8.32669   -1.#IND0   -1.#IND0    6
  10    0    4   0.748504    42.874695    16.969293      46.1107   -1.#IND0   -1.#IND0    3
   0   10   -4   0.748504    45.803311     5.730785      46.1604   -1.#IND0   -1.#IND0    3
   0   10    4   0.748504    -6.491654     5.704596      8.64199   -1.#IND0   -1.#IND0    3
  10    0   -4   0.748504    -3.332185    -7.951580      8.62155   -1.#IND0   -1.#IND0    3
   6    6    0   0.748475    37.368689     9.209575      38.4868   -1.#IND0   -1.#IND0    6
   4    4   11   0.746964     7.244183    -4.166431      8.35687   -1.#IND0   -1.#IND0    6
   4    4  -11   0.746964     4.750274     6.913405       8.3881   -1.#IND0   -1.#IND0    6
   8    2    7   0.746836     0.669224     8.317431      8.34431   -1.#IND0   -1.#IND0    6
   2    8   -7   0.746836     4.204876    -7.215130      8.35099   -1.#IND0   -1.#IND0    6
   2    8    7   0.746836     0.721300     8.253904      8.28536   -1.#IND0   -1.#IND0    6
   8    2   -7   0.746836     4.212832    -7.112167      8.26625   -1.#IND0   -1.#IND0    6
   6    6   -1   0.746750     5.022986    -6.496855      8.21216   -1.#IND0   -1.#IND0    6
   6    6    1   0.746750     1.746334     8.034226      8.22183   -1.#IND0   -1.#IND0    6
   3    4  -12   0.745289    -5.014961    -6.539859      8.24133   -1.#IND0   -1.#IND0    6
   3    4   12   0.745289    -0.423564    -7.956589      7.96785   -1.#IND0   -1.#IND0    6
   4    3  -12   0.745289    -3.833781     7.012611      7.99216   -1.#IND0   -1.#IND0    6
   4    3   12   0.745289    -7.400058     3.666717      8.25867   -1.#IND0   -1.#IND0    6
   9    1   -6   0.745098    -3.495998    -7.461894      8.24026   -1.#IND0   -1.#IND0    6
   9    1    6   0.745098    -0.900371    -8.145926      8.19553   -1.#IND0   -1.#IND0    6
   5    6   -6   0.745098    -3.403700    -7.488837      8.22605   -1.#IND0   -1.#IND0    6
   5    6    6   0.745098    -1.286990    -8.186907      8.28745   -1.#IND0   -1.#IND0    6
   6    5   -6   0.745098    -4.750834     6.821140      8.31254   -1.#IND0   -1.#IND0    6
   6    5    6   0.745098    -6.356262     5.259684      8.25023   -1.#IND0   -1.#IND0    6
   1    9   -6   0.745098    -4.386492     6.978084      8.24227   -1.#IND0   -1.#IND0    6
   1    9    6   0.745098    -6.413393     5.217175      8.26744   -1.#IND0   -1.#IND0    6
   5    7    0   0.745034    -5.330566     6.226449      8.19656   -1.#IND0   -1.#IND0    6
   7    5    0   0.745034    -2.096421    -7.884738      8.15868   -1.#IND0   -1.#IND0    6
   0    5  -13   0.743628     5.359490     6.469576      8.40116   -1.#IND0   -1.#IND0    3
   0    5   13   0.743628   -29.292693   -20.131727      35.5436   -1.#IND0   -1.#IND0    3
   5    0  -13   0.743628   -35.304114     4.274659       35.562   -1.#IND0   -1.#IND0    3
   5    0   13   0.743628     7.617263    -3.486834      8.37739   -1.#IND0   -1.#IND0    3
   7    0  -11   0.743544   -35.418000     2.363393      35.4968   -1.#IND0   -1.#IND0    3
   7    0   11   0.743544     0.241667     8.576397       8.5798   -1.#IND0   -1.#IND0    3
   5    3  -11   0.743544     3.843536    -7.095221      8.06938   -1.#IND0   -1.#IND0    6
   5    3   11   0.743544   -35.540119   -22.374790      41.9968   -1.#IND0   -1.#IND0    6
   0    7  -11   0.743544     3.985931    -7.564293      8.55021   -1.#IND0   -1.#IND0    3
   0    7   11   0.743544   -30.273253   -18.480632      35.4683   -1.#IND0   -1.#IND0    3
   3    5  -11   0.743544   -41.969420     2.680136      42.0549   -1.#IND0   -1.#IND0    6
   3    5   11   0.743544     0.393327     8.089811      8.09937   -1.#IND0   -1.#IND0    6
   3    8   -5   0.743375   -41.704282    -3.957886      41.8917   -1.#IND0   -1.#IND0    6
   3    8    5   0.743375     1.110200     8.350081      8.42356   -1.#IND0   -1.#IND0    6
   8    3   -5   0.743375     4.623326    -7.015525      8.40195   -1.#IND0   -1.#IND0    6
   8    3    5   0.743375   -38.456110   -16.432799        41.82   -1.#IND0   -1.#IND0    6
   5    7   -1   0.743333     2.462944     8.305544      8.66303   -1.#IND0   -1.#IND0    6
   5    7    1   0.743333   -34.064848    -9.351085       35.325   -1.#IND0   -1.#IND0    6
   7    5   -1   0.743333   -34.513988    -7.491383      35.3176   -1.#IND0   -1.#IND0    6
   7    5    1   0.743333     5.824657    -6.359874      8.62407   -1.#IND0   -1.#IND0    6
   2    2  -14   0.741982    -5.156267    -5.918657      7.84969   -1.#IND0   -1.#IND0    6
   2    2   14   0.741982    -7.255356     3.072127      7.87897   -1.#IND0   -1.#IND0    6
   6    6   -2   0.741646    -2.811687    -8.109130      8.58275   -1.#IND0   -1.#IND0    6
   6    6    2   0.741646    -6.106619     6.037167      8.58709   -1.#IND0   -1.#IND0    6
   1    3  -14   0.738629    20.805617    -3.732317      21.1377   -1.#IND0   -1.#IND0    6
   1    3   14   0.738629    -0.229954    -8.071798      8.07507   -1.#IND0   -1.#IND0    6
   3    1  -14   0.738629    -3.758099     7.186022      8.10939   -1.#IND0   -1.#IND0    6
   3    1   14   0.738629    17.632545    11.712444      21.1681   -1.#IND0   -1.#IND0    6
   2    5  -12   0.738540    38.874578    -3.709017      39.0511   -1.#IND0   -1.#IND0    6
   2    5   12   0.738540    16.628693     9.444375      19.1235   -1.#IND0   -1.#IND0    6
   5    2  -12   0.738540    18.916219    -2.436757      19.0725   -1.#IND0   -1.#IND0    6
   5    2   12   0.738540    32.444091    21.674711      39.0181   -1.#IND0   -1.#IND0    6
   5    4   10   0.738464    33.461631    19.886221      38.9248   -1.#IND0   -1.#IND0    6
   4    5  -10   0.738464    38.922785    -1.640991      38.9574   -1.#IND0   -1.#IND0    6
   4    5   10   0.738464    -6.978695     4.222771      8.15684   -1.#IND0   -1.#IND0    6
   5    4  -10   0.738464    -4.367984    -6.849017      8.12332   -1.#IND0   -1.#IND0    6
   7    3    8   0.738402    -0.647675    -8.185376      8.21096   -1.#IND0   -1.#IND0    6
   3    7   -8   0.738402    -4.214559     7.108280      8.26379   -1.#IND0   -1.#IND0    6
   3    7    8   0.738402    19.208571     8.521972      21.0141   -1.#IND0   -1.#IND0    6
   7    3   -8   0.738402    20.981101    -0.190193       20.982   -1.#IND0   -1.#IND0    6
   7    4   -6   0.738353    20.917088     1.156632       20.949   -1.#IND0   -1.#IND0    6
   7    4    6   0.738353    35.315294    16.156538      38.8356   -1.#IND0   -1.#IND0    6
   4    7   -6   0.738353    38.820485     2.521290      38.9023   -1.#IND0   -1.#IND0    6
   4    7    6   0.738353    19.714116     7.270409       21.012   -1.#IND0   -1.#IND0    6
   9    2   -4   0.738319    -2.992538    -7.726151      8.28545   -1.#IND0   -1.#IND0    6
   9    2    4   0.738319    36.093958    14.266212      38.8111   -1.#IND0   -1.#IND0    6
   2    9   -4   0.738319    38.606678     4.563840      38.8755   -1.#IND0   -1.#IND0    6
   2    9    4   0.738319    -6.116998     5.649407      8.32667   -1.#IND0   -1.#IND0    6
   5    7   -2   0.738298    18.691437     2.842764      18.9064   -1.#IND0   -1.#IND0    6
   5    7    2   0.738298    -1.709966    -7.893060      8.07616   -1.#IND0   -1.#IND0    6
   7    5   -2   0.738298    -5.011973     6.390765      8.12168   -1.#IND0   -1.#IND0    6
   7    5    2   0.738298    18.425302     4.450431      18.9552   -1.#IND0   -1.#IND0    6
  10    1    0   0.738291    20.594539     3.843998      20.9502   -1.#IND0   -1.#IND0    6
   1   10    0   0.738291    20.366396     4.637375      20.8877   -1.#IND0   -1.#IND0    6
   3    3  -13   0.736924     3.498795    -6.998295      7.82417   -1.#IND0   -1.#IND0    6
   3    3   13   0.736924     0.104059     7.854997      7.85569   -1.#IND0   -1.#IND0    6
  10    1   -1   0.736636     5.380477    -6.566468      8.48929   -1.#IND0   -1.#IND0    6
  10    1    1   0.736636     2.039489     8.352952      8.59833   -1.#IND0   -1.#IND0    6
   1   10   -1   0.736636     5.469046    -6.571784      8.54978   -1.#IND0   -1.#IND0    6
   1   10    1   0.736636     1.954569     8.275624      8.50331   -1.#IND0   -1.#IND0    6
   4    8    0   0.734988    -2.342966    -8.150921      8.48098   -1.#IND0   -1.#IND0    6
   8    4    0   0.734988    -5.732587     6.270795       8.4962   -1.#IND0   -1.#IND0    6
   0    0  -15   0.733733   -19.784609     4.135077      20.2121   -1.#IND0   -1.#IND0    1
   0    0   15   0.733733   -16.479281   -11.660535      20.1875   -1.#IND0   -1.#IND0    1
   2    4  -13   0.733639     5.183474     6.324730      8.17745   -1.#IND0   -1.#IND0    6
   2    4   13   0.733639   -14.894425    -8.937468      17.3702   -1.#IND0   -1.#IND0    6
   4    2  -13   0.733639   -17.129318     2.776830      17.3529   -1.#IND0   -1.#IND0    6
   4    2   13   0.733639     7.407237    -3.399607      8.15012   -1.#IND0   -1.#IND0    6
   2    6  -11   0.733557     3.893954    -7.374923      8.33981   -1.#IND0   -1.#IND0    6
   2    6   11   0.733557   -15.357044    -8.041059      17.3349   -1.#IND0   -1.#IND0    6
   6    2  -11   0.733557   -17.221241     1.779852       17.313   -1.#IND0   -1.#IND0    6
   6    2   11   0.733557     0.221149     8.357491      8.36042   -1.#IND0   -1.#IND0    6
  10    0    5   0.733395     0.944242     7.991369      8.04696   -1.#IND0   -1.#IND0    3
   0   10   -5   0.733395     4.328276    -6.801271      8.06172   -1.#IND0   -1.#IND0    3
   0   10    5   0.733395   -18.782593    -6.681635      19.9356   -1.#IND0   -1.#IND0    3
  10    0   -5   0.733395   -19.897950    -1.358379      19.9443   -1.#IND0   -1.#IND0    3
   6    6   -3   0.733368   -17.046877    -2.014709      17.1655   -1.#IND0   -1.#IND0    6
   6    6    3   0.733368   -16.623807    -4.450918      17.2093   -1.#IND0   -1.#IND0    6
   8    4   -1   0.733354     2.131256     7.772735      8.05963   -1.#IND0   -1.#IND0    6
   8    4    1   0.733354   -16.848667    -3.473192      17.2029   -1.#IND0   -1.#IND0    6
   4    8   -1   0.733354   -16.892495    -3.001336      17.1571   -1.#IND0   -1.#IND0    6
   4    8    1   0.733354     5.293445    -6.075925      8.05838   -1.#IND0   -1.#IND0    6
   6    3   10   0.731896    -0.386370    -8.219483      8.22856   -1.#IND0   -1.#IND0    6
   3    6  -10   0.731896    -4.027559     7.225636      8.27231   -1.#IND0   -1.#IND0    6
   3    6   10   0.731896    -0.592633    -7.894475      7.91669   -1.#IND0   -1.#IND0    6
   6    3  -10   0.731896    -4.016250     6.841543      7.93328   -1.#IND0   -1.#IND0    6
   9    0    8   0.731836    -6.592306     4.632941      8.05746   -1.#IND0   -1.#IND0    3
   0    9   -8   0.731836    -3.848439    -7.034345      8.01826   -1.#IND0   -1.#IND0    3
   0    9    8   0.731836    -6.578709     4.757244      8.11855   -1.#IND0   -1.#IND0    3
   9    0   -8   0.731836    -3.786852    -7.152253       8.0929   -1.#IND0   -1.#IND0    3
  10    1   -2   0.731735    -2.518596    -7.616531      8.02215   -1.#IND0   -1.#IND0    6
  10    1    2   0.731735    -5.560321     5.696102      7.96007   -1.#IND0   -1.#IND0    6
   1   10   -2   0.731735    -2.476770    -7.540443      7.93679   -1.#IND0   -1.#IND0    6
   1   10    2   0.731735    -5.641788     5.761038      8.06346   -1.#IND0   -1.#IND0    6
   0    1  -15   0.730491     5.377808     5.750591      7.87338   -1.#IND0   -1.#IND0    3
   1    0  -15   0.730491     3.340305    -6.988029      7.74533   -1.#IND0   -1.#IND0    3
   0    1   15   0.730491    -0.079445     7.758821      7.75923   -1.#IND0   -1.#IND0    3
   1    0   15   0.730491     7.334062    -2.794214      7.84832   -1.#IND0   -1.#IND0    3
   8    1    9   0.730250     6.627691    -4.502920      8.01265   -1.#IND0   -1.#IND0    6
   1    8   -9   0.730250     3.998525     6.971176      8.03651   -1.#IND0   -1.#IND0    6
   1    8    9   0.730250     0.473308     8.115393      8.12918   -1.#IND0   -1.#IND0    6
   8    1   -9   0.730250     3.990993    -7.045095        8.097   -1.#IND0   -1.#IND0    6
   5    7   -3   0.730130     5.090241    -6.646554      8.37181   -1.#IND0   -1.#IND0    6
   5    7    3   0.730130     6.032297    -5.833105      8.39129   -1.#IND0   -1.#IND0    6
   7    5   -3   0.730130     2.844141     7.924460      8.41939   -1.#IND0   -1.#IND0    6
   7    5    3   0.730130     1.626233     8.259768      8.41834   -1.#IND0   -1.#IND0    6
   4    0  -14   0.728837    33.823152    -4.867878      34.1717   -1.#IND0   -1.#IND0    3
   4    0   14   0.728837    -0.074174    -7.585261      7.58562   -1.#IND0   -1.#IND0    3
   0    4  -14   0.728837    -3.415701     6.820909      7.62836   -1.#IND0   -1.#IND0    3
   0    4   14   0.728837    27.583040    20.169025      34.1704   -1.#IND0   -1.#IND0    3
   8    0  -10   0.728678    33.985539    -1.158018      34.0053   -1.#IND0   -1.#IND0    3
   0    8  -10   0.728678    -4.205044    -6.625774       7.8475   -1.#IND0   -1.#IND0    3
   0    8   10   0.728678    29.456119    16.973440      33.9965   -1.#IND0   -1.#IND0    3
   8    0   10   0.728678    -6.722834     4.102807      7.87588   -1.#IND0   -1.#IND0    3
   4    8   -2   0.728519    -5.390666     6.436842      8.39596   -1.#IND0   -1.#IND0    6
   4    8    2   0.728519    32.376445     9.967746      33.8761   -1.#IND0   -1.#IND0    6
   8    4   -2   0.728519    33.262815     6.407359      33.8743   -1.#IND0   -1.#IND0    6
   8    4    2   0.728519    -1.946961    -8.165401      8.39431   -1.#IND0   -1.#IND0    6
   1    6  -12   0.725573    -3.918426     7.256344      8.24673   -1.#IND0   -1.#IND0    6
   1    6   12   0.725573    -6.971449     3.532887      7.81552   -1.#IND0   -1.#IND0    6
   6    1  -12   0.725573    -4.667553    -6.247317       7.7984   -1.#IND0   -1.#IND0    6
   6    1   12   0.725573    -0.242707    -8.203802      8.20739   -1.#IND0   -1.#IND0    6
   8    3   -6   0.725397    -3.388150    -7.237651      7.99144   -1.#IND0   -1.#IND0    6
   8    3    6   0.725397    -0.853026    -7.893720      7.93968   -1.#IND0   -1.#IND0    6
   3    8   -6   0.725397    -4.292896     6.743126      7.99367   -1.#IND0   -1.#IND0    6
   3    8    6   0.725397    -6.264708     4.987165       8.0074   -1.#IND0   -1.#IND0    6
   1    1  -15   0.724132   -27.925109     4.948443      28.3602   -1.#IND0   -1.#IND0    6
   1    1   15   0.724132   -22.578799   -17.127461      28.3399   -1.#IND0   -1.#IND0    6
   1    5  -13   0.724041   -36.399534     4.186663      36.6395   -1.#IND0   -1.#IND0    6
   1    5   13   0.724041     7.070281    -3.353188      7.82514   -1.#IND0   -1.#IND0    6
   5    1  -13   0.724041     4.867067     6.139943        7.835   -1.#IND0   -1.#IND0    6
   5    1   13   0.724041   -29.854813   -21.178710      36.6039   -1.#IND0   -1.#IND0    6
   5    5   -9   0.723898   -36.509488     0.237585      36.5103   -1.#IND0   -1.#IND0    6
   5    5    9   0.723898   -31.839243   -17.769319      36.4621   -1.#IND0   -1.#IND0    6
   9    1    7   0.723846     6.443648    -4.976012      8.14133   -1.#IND0   -1.#IND0    6
   5    6   -7   0.723846   -36.414998    -1.628853      36.4514   -1.#IND0   -1.#IND0    6
   5    6    7   0.723846     6.396378    -4.963748      8.09645   -1.#IND0   -1.#IND0    6
   6    5   -7   0.723846     3.557931     7.282702      8.10534   -1.#IND0   -1.#IND0    6
   6    5    7   0.723846   -32.649126   -16.096522      36.4014   -1.#IND0   -1.#IND0    6
   1    9   -7   0.723846     3.590192     7.344018       8.1746   -1.#IND0   -1.#IND0    6
   1    9    7   0.723846   -25.542949   -11.687522      28.0899   -1.#IND0   -1.#IND0    6
   9    1   -7   0.723846   -28.060670    -1.262317       28.089   -1.#IND0   -1.#IND0    6
   2    9   -5   0.723807     4.357107    -6.690887      7.98451   -1.#IND0   -1.#IND0    6
   2    9    5   0.723807   -26.016419   -10.455614      28.0388   -1.#IND0   -1.#IND0    6
   9    2   -5   0.723807   -27.956805    -2.573399       28.075   -1.#IND0   -1.#IND0    6
   9    2    5   0.723807     0.966476     7.924331      7.98305   -1.#IND0   -1.#IND0    6
   1   10   -3   0.723781   -36.003757    -5.539083      36.4274   -1.#IND0   -1.#IND0    6
   1   10    3   0.723781   -26.716514    -8.602986      28.0675   -1.#IND0   -1.#IND0    6
  10    1   -3   0.723781   -27.684584    -4.537549       28.054   -1.#IND0   -1.#IND0    6
  10    1    3   0.723781   -34.157915   -12.474478      36.3645   -1.#IND0   -1.#IND0    6
   8    2   -8   0.722308    -3.899978    -7.013606      8.02499   -1.#IND0   -1.#IND0    6
   8    2    8   0.722308    -6.578666     4.540136      7.99323   -1.#IND0   -1.#IND0    6
   2    8   -8   0.722308    -3.842159    -6.984408      7.97146   -1.#IND0   -1.#IND0    6
   2    8    8   0.722308    -6.627593     4.527327      8.02631   -1.#IND0   -1.#IND0    6
   6    6   -4   0.722230    -5.004273     6.513686      8.21406   -1.#IND0   -1.#IND0    6
   6    6    4   0.722230    -1.551354    -8.056229      8.20424   -1.#IND0   -1.#IND0    6
   2    0  -15   0.721014     5.372955     5.645362      7.79351   -1.#IND0   -1.#IND0    3
   2    0   15   0.721014    -0.027938     7.896484      7.89653   -1.#IND0   -1.#IND0    3
   0    2  -15   0.721014     3.494885    -7.042660      7.86214   -1.#IND0   -1.#IND0    3
   0    2   15   0.721014     7.291664    -2.663367      7.76285   -1.#IND0   -1.#IND0    3
   4    6   -9   0.720783     3.883536    -7.038044       8.0384   -1.#IND0   -1.#IND0    6
   4    6    9   0.720783     6.568264    -4.485877      7.95394   -1.#IND0   -1.#IND0    6
   6    4   -9   0.720783     3.921968     6.929733       7.9626   -1.#IND0   -1.#IND0    6
   6    4    9   0.720783     0.351966     8.034844      8.04255   -1.#IND0   -1.#IND0    6
   8    4   -3   0.720667     4.604439    -6.407024      7.88992   -1.#IND0   -1.#IND0    6
   8    4    3   0.720667     5.505741    -5.579941      7.83894   -1.#IND0   -1.#IND0    6
   4    8   -3   0.720667     2.494943     7.440112      7.84729   -1.#IND0   -1.#IND0    6
   4    8    3   0.720667     1.313922     7.788644      7.89869   -1.#IND0   -1.#IND0    6
   2    3  -14   0.719424    -3.433270     6.751699      7.57448   -1.#IND0   -1.#IND0    6
   2    3   14   0.719424    15.689686    10.416108      18.8325   -1.#IND0   -1.#IND0    6
   3    2  -14   0.719424    18.518965    -3.273696      18.8061   -1.#IND0   -1.#IND0    6
   3    2   14   0.719424    -0.085677    -7.543110       7.5436   -1.#IND0   -1.#IND0    6
   2    7  -10   0.719271    -4.079246    -6.481456       7.6583   -1.#IND0   -1.#IND0    6
   2    7   10   0.719271    16.692919     8.504055      18.7343   -1.#IND0   -1.#IND0    6
   7    2  -10   0.719271    18.657162    -1.119122      18.6907   -1.#IND0   -1.#IND0    6
   7    2   10   0.719271    -6.562899     4.001086      7.68637   -1.#IND0   -1.#IND0    6
   5    7   -4   0.719137    -2.786546    -7.278545      7.79372   -1.#IND0   -1.#IND0    6
   5    7    4   0.719137    17.755178     5.652521      18.6332   -1.#IND0   -1.#IND0    6
   7    5   -4   0.719137    18.509650     1.908666      18.6078   -1.#IND0   -1.#IND0    6
   7    5    4   0.719137    -5.750546     5.300109      7.82048   -1.#IND0   -1.#IND0    6
   9    3    0   0.719112    18.273825     3.583027      18.6218   -1.#IND0   -1.#IND0    6
   3    9    0   0.719112    18.140388     4.005792      18.5774   -1.#IND0   -1.#IND0    6
   7    1   11   0.717772     6.622811    -3.862714      7.66695   -1.#IND0   -1.#IND0    6
   1    7  -11   0.717772     4.243394     6.392533      7.67274   -1.#IND0   -1.#IND0    6
   1    7   11   0.717772     6.827798    -3.880495      7.85347   -1.#IND0   -1.#IND0    6
   7    1  -11   0.717772     4.402605     6.521173       7.8682   -1.#IND0   -1.#IND0    6
   4    7   -7   0.717657     4.076925    -6.838506      7.96156   -1.#IND0   -1.#IND0    6
   4    7    7   0.717657     0.911503     7.921826      7.97409   -1.#IND0   -1.#IND0    6
   7    4   -7   0.717657     4.312744    -6.647864      7.92426   -1.#IND0   -1.#IND0    6
   7    4    7   0.717657     0.608419     7.945308      7.96857   -1.#IND0   -1.#IND0    6
   9    3   -1   0.717581     5.251921    -6.298157      8.20058   -1.#IND0   -1.#IND0    6
   9    3    1   0.717581     1.955035     8.033261      8.26774   -1.#IND0   -1.#IND0    6
   3    9   -1   0.717581     5.323230    -6.280386      8.23286   -1.#IND0   -1.#IND0    6
   3    9    1   0.717581     1.887811     8.009740       8.2292   -1.#IND0   -1.#IND0    6
  10    0    6   0.716115    -6.368039     4.961395      8.07263   -1.#IND0   -1.#IND0    3
  10    0   -6   0.716115    -4.572301     6.609283       8.0367   -1.#IND0   -1.#IND0    3
   0   10   -6   0.716115    -3.424775    -7.284192      8.04913   -1.#IND0   -1.#IND0    3
   0   10    6   0.716115    -1.123686    -7.945638       8.0247   -1.#IND0   -1.#IND0    3
   1    4  -14   0.713348    -5.071748    -5.785474      7.69379   -1.#IND0   -1.#IND0    6
   1    4   14   0.713348    -6.967010     2.904168      7.54807   -1.#IND0   -1.#IND0    6
   4    1  -14   0.713348    -4.915398    -5.716516      7.53921   -1.#IND0   -1.#IND0    6
   4    1   14   0.713348    -7.148761     2.854089      7.69744   -1.#IND0   -1.#IND0    6
  10    1    4   0.713068    -1.130391    -7.566467      7.65044   -1.#IND0   -1.#IND0    6
  10    1   -4   0.713068    -4.641746     6.302394      7.82726   -1.#IND0   -1.#IND0    6
   1   10   -4   0.713068    -4.419459     6.296757       7.6929   -1.#IND0   -1.#IND0    6
   1   10    4   0.713068    -1.330014    -7.698601      7.81264   -1.#IND0   -1.#IND0    6
   9    3   -2   0.713049    -2.347357    -7.347690      7.71354   -1.#IND0   -1.#IND0    6
   9    3    2   0.713049    -5.391079     5.498763      7.70066   -1.#IND0   -1.#IND0    6
   3    9   -2   0.713049    -2.358185    -7.299525      7.67099   -1.#IND0   -1.#IND0    6
   3    9    2   0.713049    -5.409276     5.541776      7.74413   -1.#IND0   -1.#IND0    6
   1    2  -15   0.711897     5.072441     5.564042      7.52916   -1.#IND0   -1.#IND0    6
   1    2   15   0.711897    -0.175506     7.632328      7.63435   -1.#IND0   -1.#IND0    6
   2    1  -15   0.711897     3.264946    -6.873604      7.60962   -1.#IND0   -1.#IND0    6
   2    1   15   0.711897     7.009630    -2.723561      7.52015   -1.#IND0   -1.#IND0    6
   3    7   -9   0.711675     3.885488     6.773826      7.80908   -1.#IND0   -1.#IND0    6
   3    7    9   0.711675     0.517404     7.794089      7.81124   -1.#IND0   -1.#IND0    6
   7    3   -9   0.711675     3.932774    -6.708769      7.77652   -1.#IND0   -1.#IND0    6
   7    3    9   0.711675     6.480225    -4.322121      7.78935   -1.#IND0   -1.#IND0    6
   4    4  -12   0.710287    34.737188    -2.909993      34.8589   -1.#IND0   -1.#IND0    6
   4    4   12   0.710287    28.891200    19.489876      34.8505   -1.#IND0   -1.#IND0    6
   4    8   -4   0.710090    34.422968     4.603069      34.7294   -1.#IND0   -1.#IND0    6
   4    8    4   0.710090    -6.016409     5.249997      7.98496   -1.#IND0   -1.#IND0    6
   8    4   -4   0.710090    -2.974593    -7.405410       7.9805   -1.#IND0   -1.#IND0    6
   8    4    4   0.710090    32.256278    12.769846       34.692   -1.#IND0   -1.#IND0    6
   0    6  -13   0.708849     3.574958    -7.071879      7.92413   -1.#IND0   -1.#IND0    3
   0    6   13   0.708849    -0.027339     7.718324      7.71837   -1.#IND0   -1.#IND0    3
   6    0  -13   0.708849     3.454974    -6.869502       7.6894   -1.#IND0   -1.#IND0    3
   6    0   13   0.708849    -0.025986     7.956340      7.95638   -1.#IND0   -1.#IND0    3
   6    6   -5   0.708629     2.864370     7.150118      7.70252   -1.#IND0   -1.#IND0    6
   6    6    5   0.708629     5.750364    -5.126669      7.70386   -1.#IND0   -1.#IND0    6
   7    0  -12   0.707344    -3.620558     6.835088      7.73478   -1.#IND0   -1.#IND0    3
   7    0   12   0.707344    -6.512936     3.415371      7.35412   -1.#IND0   -1.#IND0    3
   5    3  -12   0.707344    -4.527223    -6.131666      7.62188   -1.#IND0   -1.#IND0    6
   5    3   12   0.707344    -0.129052    -7.830913      7.83198   -1.#IND0   -1.#IND0    6
   0    7  -12   0.707344    -4.272077    -5.956769      7.33033   -1.#IND0   -1.#IND0    3
   0    7   12   0.707344    -0.139032    -7.699419      7.70067   -1.#IND0   -1.#IND0    3
   3    5  -12   0.707344    -3.691376     6.936441      7.85751   -1.#IND0   -1.#IND0    6
   3    5   12   0.707344    -6.833799     3.416883      7.64041   -1.#IND0   -1.#IND0    6
   9    2   -6   0.707180    -4.264555     6.524634       7.7947   -1.#IND0   -1.#IND0    6
   9    2    6   0.707180    -6.159784     4.862631      7.84781   -1.#IND0   -1.#IND0    6
   2    9   -6   0.707180    -3.268419    -7.109847      7.82512   -1.#IND0   -1.#IND0    6
   2    9    6   0.707180    -0.857869    -7.707648      7.75524   -1.#IND0   -1.#IND0    6
  11    0    0   0.707125    -2.067518    -7.647735      7.92228   -1.#IND0   -1.#IND0    3
   0   11    0   0.707125    -5.336829     5.889636      7.94793   -1.#IND0   -1.#IND0    3
   0    3  -15   0.706008   -20.882614     3.828528      21.2307   -1.#IND0   -1.#IND0    3
   0    3   15   0.706008   -21.958590   -17.023354      27.7844   -1.#IND0   -1.#IND0    3
   3    0  -15   0.706008   -27.403525     4.662181      27.7973   -1.#IND0   -1.#IND0    3
   3    0   15   0.706008   -17.102839   -12.579375      21.2308   -1.#IND0   -1.#IND0    3
   3    4  -13   0.705924   -32.386597     3.577267      32.5836   -1.#IND0   -1.#IND0    6
   3    4   13   0.705924     6.962013    -3.253610      7.68476   -1.#IND0   -1.#IND0    6
   4    3  -13   0.705924     4.758929     6.060416      7.70559   -1.#IND0   -1.#IND0    6
   4    3   13   0.705924   -26.508029   -18.883316      32.5462   -1.#IND0   -1.#IND0    6
   5    4   11   0.705851     0.122367     7.849123      7.85008   -1.#IND0   -1.#IND0    6
   4    5  -11   0.705851     3.663990    -6.934981      7.84339   -1.#IND0   -1.#IND0    6
   4    5   11   0.705851   -27.426311   -17.396965      32.4786   -1.#IND0   -1.#IND0    6
   5    4  -11   0.705851   -32.474042     1.832752      32.5257   -1.#IND0   -1.#IND0    6
   9    0    9   0.705791    -6.618103    -1.098844      6.70871   -1.#IND0   -1.#IND0    3
   0    9   -9   0.705791    -6.261489     0.433462      6.27647   -1.#IND0   -1.#IND0    3
   0    9    9   0.705791   -24.225847   -13.190640      27.5841   -1.#IND0   -1.#IND0    3
   9    0   -9   0.705791   -27.598841     0.204787      27.5996   -1.#IND0   -1.#IND0    3
   3    8   -7   0.705743     3.469738     7.046317      7.85428   -1.#IND0   -1.#IND0    6
   3    8    7   0.705743   -19.303283    -8.384790      21.0457   -1.#IND0   -1.#IND0    6
   8    3   -7   0.705743   -20.999028    -0.913876      21.0189   -1.#IND0   -1.#IND0    6
   8    3    7   0.705743     6.251946    -4.714317      7.83017   -1.#IND0   -1.#IND0    6
   5    7   -5   0.705707   -32.214185    -3.421573      32.3954   -1.#IND0   -1.#IND0    6
   5    7    5   0.705707     1.136410     7.836159      7.91813   -1.#IND0   -1.#IND0    6
   7    5   -5   0.705707     4.531778    -6.446298      7.87983   -1.#IND0   -1.#IND0    6
   7    5    5   0.705707   -29.758413   -12.706091      32.3575   -1.#IND0   -1.#IND0    6
   9    3    3   0.705683   -30.385220   -11.086181      32.3445   -1.#IND0   -1.#IND0    6
   9    3   -3   0.705683   -27.167476    -4.528126      27.5423   -1.#IND0   -1.#IND0    6
   3    9   -3   0.705683   -31.982269    -5.144885      32.3934   -1.#IND0   -1.#IND0    6
   3    9    3   0.705683   -26.093444    -8.820333      27.5439   -1.#IND0   -1.#IND0    6
  11    0   -1   0.705670   -20.642392    -3.877569      21.0034   -1.#IND0   -1.#IND0    3
  11    0    1   0.705670     5.241646    -5.638632      7.69864   -1.#IND0   -1.#IND0    3
   0   11   -1   0.705670     2.175873     7.405792      7.71882   -1.#IND0   -1.#IND0    3
   0   11    1   0.705670   -20.202272    -5.536230      20.9471   -1.#IND0   -1.#IND0    3
   0    5  -14   0.701643    29.420251    -4.207181      29.7195   -1.#IND0   -1.#IND0    3
   0    5   14   0.701643     0.015502    -7.592621      7.59264   -1.#IND0   -1.#IND0    3
   5    0   14   0.701643    23.750237    17.838529      29.7033   -1.#IND0   -1.#IND0    3
   5    0  -14   0.701643    -3.449464     6.796743      7.62198   -1.#IND0   -1.#IND0    3
   8    1   10   0.701501     6.274534     1.277809      6.40332   -1.#IND0   -1.#IND0    6
   1    8  -10   0.701501     5.956821    -0.780674      6.00776   -1.#IND0   -1.#IND0    6
   1    8   10   0.701501    -6.452045     3.868926      7.52313   -1.#IND0   -1.#IND0    6
   8    1  -10   0.701501    -3.983475    -6.372541      7.51514   -1.#IND0   -1.#IND0    6
   1    9    8   0.701448    -0.652218    -7.560215       7.5883   -1.#IND0   -1.#IND0    6
   1    9   -8   0.701448     5.952391    -0.378695      5.96443   -1.#IND0   -1.#IND0    6
   9    1   -8   0.701448    -4.019609     6.471868      7.61855   -1.#IND0   -1.#IND0    6
   9    1    8   0.701448     6.345703     0.858530      6.40352   -1.#IND0   -1.#IND0    6
   5    6   -8   0.701448    -3.919797     6.579948      7.65902   -1.#IND0   -1.#IND0    6
   6    5    8   0.701448    -0.490812    -7.595774      7.61161   -1.#IND0   -1.#IND0    6
   6    5   -8   0.701448    29.560396     0.558992      29.5657   -1.#IND0   -1.#IND0    6
   5    6    8   0.701448    26.148581    13.722132      29.5304   -1.#IND0   -1.#IND0    6
  11    0   -2   0.701359    -4.848397     6.095836      7.78885   -1.#IND0   -1.#IND0    3
  11    0    2   0.701359    27.960327     9.339980      29.4791   -1.#IND0   -1.#IND0    3
   0   11   -2   0.701359    29.058511     5.284709      29.5352   -1.#IND0   -1.#IND0    3
   0   11    2   0.701359    -1.535568    -7.611895      7.76524   -1.#IND0   -1.#IND0    3
   2    5  -13   0.700180     3.471390    -6.922055      7.74373   -1.#IND0   -1.#IND0    6
   2    5   13   0.700180    -0.014065     7.342738      7.34275   -1.#IND0   -1.#IND0    6
   5    2  -13   0.700180     3.292057    -6.534410      7.31684   -1.#IND0   -1.#IND0    6
   5    2   13   0.700180    -0.081293     7.764625      7.76505   -1.#IND0   -1.#IND0    6
   6    3   11   0.700110     6.452321    -3.699764      7.43779   -1.#IND0   -1.#IND0    6
   6    3  -11   0.700110     4.223408     6.380800      7.65191   -1.#IND0   -1.#IND0    6
   3    6   11   0.700110     6.637756    -3.771473      7.63438   -1.#IND0   -1.#IND0    6
   3    6  -11   0.700110     4.113261     6.215886       7.4536   -1.#IND0   -1.#IND0    6
